{
  "config": {
    "max_t": 200,
    "setting": 5,
    "total_steps": 10000,
    "ppo_fractions": [
      0.2,
      0.4,
      0.6,
      0.8,
      1.0
    ],
    "n_envs": 8,
    "n_steps": 2048,
    "batch_size": 512,
    "learning_rate": 0.0003,
    "gamma": 0.99,
    "gae_lambda": 0.95,
    "clip_range": 0.2,
    "ent_coef": 0.01,
    "vf_coef": 0.5,
    "seed": 104,
    "rollout_steps": 1000,
    "q_epochs": 500,
    "q_batch": 512,
    "q_lr": 0.0003,
    "q_samples": 32,
    "dyn_epochs": 2000,
    "dyn_batch": 512,
    "dyn_lr": 0.0003,
    "dyn_hidden_dim": 128,
    "dyn_val_fraction": 0.1,
    "dyn_early_stop_patience": 20,
    "dyn_min_epochs": 0,
    "dynamics_loss": "mse",
    "lambda_rank": 0.8,
    "eval_rollouts": 10,
    "eval_horizon": 200,
    "output_dir": "results/cancer_pipeline",
    "device": "auto",
    "force_policy_training": false,
    "force_dataset_collection": false,
    "force_q_training": false,
    "force_dynamics_training": true,
    "results_only": false,
    "wandb_project": "DT2-cancer",
    "wandb_entity": null,
    "wandb_run_name": null,
    "wandb_mode": "online"
  },
  "dataset_stats": {
    "num_transitions": 6000,
    "num_initial_states": 49,
    "state_dim": 7,
    "action_dim": 2,
    "state_mean": [
      6.669699192047119,
      12.392626762390137,
      6.792642116546631,
      24.0268611907959,
      11.116888046264648,
      8.897756576538086,
      11.13903522491455
    ],
    "state_std": [
      6.945222854614258,
      5.212599277496338,
      5.334871768951416,
      0.7958517074584961,
      5.77739953994751,
      1.5086309909820557,
      4.892608165740967
    ],
    "action_mean": [
      0.42030903697013855,
      0.47704896330833435
    ],
    "action_std": [
      0.6196646690368652,
      0.6464419364929199
    ],
    "reward_mean": 0.5108208656311035,
    "reward_std": 6.089563369750977,
    "reward_min": -0.2972515821456909,
    "reward_max": 100.93700408935547,
    "done_rate": 0.007166666444391012
  },
  "num_transitions": 6000,
  "q_model_paths": {
    "ppo_frac_0": "results/cancer_pipeline/q_models/ppo_frac_0.pt",
    "ppo_frac_20000": "results/cancer_pipeline/q_models/ppo_frac_20000.pt",
    "ppo_frac_40000": "results/cancer_pipeline/q_models/ppo_frac_40000.pt",
    "ppo_frac_60000": "results/cancer_pipeline/q_models/ppo_frac_60000.pt",
    "ppo_frac_80000": "results/cancer_pipeline/q_models/ppo_frac_80000.pt",
    "ppo_frac_100000": "results/cancer_pipeline/q_models/ppo_frac_100000.pt"
  },
  "dynamics_paths": {
    "supervised": "results/cancer_pipeline/dynamics/dynamics_supervised.pt",
    "ranking_new": {
      "kendall": "results/cancer_pipeline/dynamics/dynamics_ranking_new_kendall.pt",
      "hinge": "results/cancer_pipeline/dynamics/dynamics_ranking_new_hinge.pt",
      "listnet": "results/cancer_pipeline/dynamics/dynamics_ranking_new_listnet.pt"
    }
  },
  "results": [
    {
      "name": "ppo_frac_0",
      "checkpoint": "results/cancer_pipeline/policies/ppo_frac_0",
      "timesteps": 0,
      "q_estimate": 46.47013473510742,
      "dynamics": {
        "supervised": -96.96685028076172,
        "supervised_mse": 0.2756079137325287,
        "supervised_train_mse": 0.41671252250671387,
        "ranking_new": {
          "kendall": -70.05354309082031,
          "hinge": -73.55919647216797,
          "listnet": -63.424861907958984
        },
        "ranking_new_mse": {
          "kendall": 0.24736624956130981,
          "hinge": 0.30735471844673157,
          "listnet": 0.32182011008262634
        },
        "ranking_new_train_mse": {
          "kendall": 0.35692936182022095,
          "hinge": 0.4510594308376312,
          "listnet": 0.47497785091400146
        }
      },
      "env_mc": -23.4309982060853
    },
    {
      "name": "ppo_frac_20000",
      "checkpoint": "results/cancer_pipeline/policies/ppo_frac_20000",
      "timesteps": 20000,
      "q_estimate": 36.06787872314453,
      "dynamics": {
        "supervised": -80.4594955444336,
        "supervised_mse": 0.2756079137325287,
        "supervised_train_mse": 0.41671252250671387,
        "ranking_new": {
          "kendall": -69.21367645263672,
          "hinge": -69.84256744384766,
          "listnet": -59.575862884521484
        },
        "ranking_new_mse": {
          "kendall": 0.24736624956130981,
          "hinge": 0.30735471844673157,
          "listnet": 0.32182011008262634
        },
        "ranking_new_train_mse": {
          "kendall": 0.35692936182022095,
          "hinge": 0.4510594308376312,
          "listnet": 0.47497785091400146
        }
      },
      "env_mc": -20.76657808012002
    },
    {
      "name": "ppo_frac_40000",
      "checkpoint": "results/cancer_pipeline/policies/ppo_frac_40000",
      "timesteps": 40000,
      "q_estimate": 42.022647857666016,
      "dynamics": {
        "supervised": -46.12126159667969,
        "supervised_mse": 0.2756079137325287,
        "supervised_train_mse": 0.41671252250671387,
        "ranking_new": {
          "kendall": -68.00162506103516,
          "hinge": -64.7947769165039,
          "listnet": -55.85398483276367
        },
        "ranking_new_mse": {
          "kendall": 0.24736624956130981,
          "hinge": 0.30735471844673157,
          "listnet": 0.32182011008262634
        },
        "ranking_new_train_mse": {
          "kendall": 0.35692936182022095,
          "hinge": 0.4510594308376312,
          "listnet": 0.47497785091400146
        }
      },
      "env_mc": -16.582129276596437
    },
    {
      "name": "ppo_frac_60000",
      "checkpoint": "results/cancer_pipeline/policies/ppo_frac_60000",
      "timesteps": 60000,
      "q_estimate": 49.4329948425293,
      "dynamics": {
        "supervised": -36.16504669189453,
        "supervised_mse": 0.2756079137325287,
        "supervised_train_mse": 0.41671252250671387,
        "ranking_new": {
          "kendall": -66.30491638183594,
          "hinge": -57.83131790161133,
          "listnet": -51.98478317260742
        },
        "ranking_new_mse": {
          "kendall": 0.24736624956130981,
          "hinge": 0.30735471844673157,
          "listnet": 0.32182011008262634
        },
        "ranking_new_train_mse": {
          "kendall": 0.35692936182022095,
          "hinge": 0.4510594308376312,
          "listnet": 0.47497785091400146
        }
      },
      "env_mc": 14.468011224159202
    },
    {
      "name": "ppo_frac_80000",
      "checkpoint": "results/cancer_pipeline/policies/ppo_frac_80000",
      "timesteps": 80000,
      "q_estimate": 50.61233901977539,
      "dynamics": {
        "supervised": -34.8431510925293,
        "supervised_mse": 0.2756079137325287,
        "supervised_train_mse": 0.41671252250671387,
        "ranking_new": {
          "kendall": -63.252376556396484,
          "hinge": -52.183387756347656,
          "listnet": -49.506587982177734
        },
        "ranking_new_mse": {
          "kendall": 0.24736624956130981,
          "hinge": 0.30735471844673157,
          "listnet": 0.32182011008262634
        },
        "ranking_new_train_mse": {
          "kendall": 0.35692936182022095,
          "hinge": 0.4510594308376312,
          "listnet": 0.47497785091400146
        }
      },
      "env_mc": 37.17626996855948
    },
    {
      "name": "ppo_frac_100000",
      "checkpoint": "results/cancer_pipeline/policies/ppo_frac_100000",
      "timesteps": 100000,
      "q_estimate": 57.1278076171875,
      "dynamics": {
        "supervised": -28.230615615844727,
        "supervised_mse": 0.2756079137325287,
        "supervised_train_mse": 0.41671252250671387,
        "ranking_new": {
          "kendall": -55.0704231262207,
          "hinge": -39.54658126831055,
          "listnet": -43.89554977416992
        },
        "ranking_new_mse": {
          "kendall": 0.24736624956130981,
          "hinge": 0.30735471844673157,
          "listnet": 0.32182011008262634
        },
        "ranking_new_train_mse": {
          "kendall": 0.35692936182022095,