{
  "config": {
    "max_t": 200,
    "setting": 5,
    "total_steps": 10000,
    "ppo_fractions": [
      0.2,
      0.4,
      0.6,
      0.8,
      1.0
    ],
    "n_envs": 8,
    "n_steps": 2048,
    "batch_size": 512,
    "learning_rate": 0.0003,
    "gamma": 0.99,
    "gae_lambda": 0.95,
    "clip_range": 0.2,
    "ent_coef": 0.01,
    "vf_coef": 0.5,
    "seed": 5,
    "rollout_steps": 10000,
    "q_epochs": 500,
    "q_batch": 512,
    "q_lr": 0.0003,
    "q_samples": 32,
    "dyn_epochs": 2000,
    "dyn_batch": 512,
    "dyn_lr": 0.0003,
    "dyn_hidden_dim": 64,
    "dyn_val_fraction": 0.1,
    "dyn_early_stop_patience": 100,
    "dyn_min_epochs": 0,
    "dynamics_loss": "nll",
    "lambda_rank": 0.4,
    "backbone": "mlp",
    "eval_rollouts": 10,
    "eval_horizon": 200,
    "output_dir": "results/cancer_pipeline",
    "device": "auto",
    "force_policy_training": false,
    "force_dataset_collection": false,
    "force_q_training": false,
    "force_dynamics_training": true,
    "results_only": false,
    "wandb_project": "DT2-cancer",
    "wandb_entity": null,
    "wandb_run_name": null,
    "wandb_mode": "online"
  },
  "dataset_stats": {
    "num_transitions": 6000,
    "num_initial_states": 49,
    "state_dim": 7,
    "action_dim": 2,
    "state_mean": [
      6.669699192047119,
      12.392626762390137,
      6.792642116546631,
      24.0268611907959,
      11.116888046264648,
      8.897756576538086,
      11.13903522491455
    ],
    "state_std": [
      6.945222854614258,
      5.212599277496338,
      5.334871768951416,
      0.7958517074584961,
      5.77739953994751,
      1.5086309909820557,
      4.892608165740967
    ],
    "action_mean": [
      0.42030903697013855,
      0.47704896330833435
    ],
    "action_std": [
      0.6196646690368652,
      0.6464419364929199
    ],
    "reward_mean": 0.5108208656311035,
    "reward_std": 6.089563369750977,
    "reward_min": -0.2972515821456909,
    "reward_max": 100.93700408935547,
    "done_rate": 0.007166666444391012
  },
  "num_transitions": 6000,
  "q_model_paths": {
    "ppo_frac_0": "results/cancer_pipeline/q_models/ppo_frac_0.pt",
    "ppo_frac_20000": "results/cancer_pipeline/q_models/ppo_frac_20000.pt",
    "ppo_frac_40000": "results/cancer_pipeline/q_models/ppo_frac_40000.pt",
    "ppo_frac_60000": "results/cancer_pipeline/q_models/ppo_frac_60000.pt",
    "ppo_frac_80000": "results/cancer_pipeline/q_models/ppo_frac_80000.pt",
    "ppo_frac_100000": "results/cancer_pipeline/q_models/ppo_frac_100000.pt"
  },
  "dynamics_paths": {
    "supervised": "results/cancer_pipeline/mlp/dynamics/dynamics_supervised.pt",
    "ranking_new": {
      "kendall": "results/cancer_pipeline/mlp/dynamics/dynamics_ranking_new_kendall.pt",
      "hinge": "results/cancer_pipeline/mlp/dynamics/dynamics_ranking_new_hinge.pt",
      "listnet": "results/cancer_pipeline/mlp/dynamics/dynamics_ranking_new_listnet.pt"
    }
  },
  "results": [
    {
      "name": "ppo_frac_0",
      "checkpoint": "results/cancer_pipeline/policies/ppo_frac_0",
      "timesteps": 0,
      "q_estimate": 46.384944915771484,
      "dynamics": {
        "supervised": 10.67857837677002,
        "supervised_mse": 0.2557596266269684,
        "supervised_train_mse": 0.3792833983898163,
        "ranking_new": {
          "kendall": 19.186620712280273,
          "hinge": -69.68639373779297,
          "listnet": -43.37771224975586
        },
        "ranking_new_mse": {
          "kendall": 0.263356477022171,
          "hinge": 0.20181621611118317,
          "listnet": 0.21618033945560455
        },
        "ranking_new_train_mse": {
          "kendall": 0.38916853070259094,
          "hinge": 0.2840805649757385,
          "listnet": 0.3136420249938965
        }
      },
      "env_mc": -23.567974648200636
    },
    {
      "name": "ppo_frac_20000",
      "checkpoint": "results/cancer_pipeline/policies/ppo_frac_20000",
      "timesteps": 20000,
      "q_estimate": 36.15085220336914,
      "dynamics": {
        "supervised": 14.563529014587402,
        "supervised_mse": 0.2557596266269684,
        "supervised_train_mse": 0.3792833983898163,
        "ranking_new": {
          "kendall": 18.506067276000977,
          "hinge": -16.95594596862793,
          "listnet": -30.153120040893555
        },
        "ranking_new_mse": {
          "kendall": 0.263356477022171,
          "hinge": 0.20181621611118317,
          "listnet": 0.21618033945560455
        },
        "ranking_new_train_mse": {
          "kendall": 0.38916853070259094,
          "hinge": 0.2840805649757385,
          "listnet": 0.3136420249938965
        }
      },
      "env_mc": -21.00933205785186
    },
    {
      "name": "ppo_frac_40000",
      "checkpoint": "results/cancer_pipeline/policies/ppo_frac_40000",
      "timesteps": 40000,
      "q_estimate": 42.064697265625,
      "dynamics": {
        "supervised": 17.227487564086914,
        "supervised_mse": 0.2557596266269684,
        "supervised_train_mse": 0.3792833983898163,
        "ranking_new": {
          "kendall": 18.34494400024414,
          "hinge": 8.164894104003906,
          "listnet": -22.003154754638672
        },
        "ranking_new_mse": {
          "kendall": 0.263356477022171,
          "hinge": 0.20181621611118317,
          "listnet": 0.21618033945560455
        },
        "ranking_new_train_mse": {
          "kendall": 0.38916853070259094,
          "hinge": 0.2840805649757385,
          "listnet": 0.3136420249938965
        }
      },
      "env_mc": -17.012751179602862
    },
    {
      "name": "ppo_frac_60000",
      "checkpoint": "results/cancer_pipeline/policies/ppo_frac_60000",
      "timesteps": 60000,
      "q_estimate": 49.43599319458008,
      "dynamics": {
        "supervised": 19.777429580688477,
        "supervised_mse": 0.2557596266269684,
        "supervised_train_mse": 0.3792833983898163,
        "ranking_new": {
          "kendall": 18.013948440551758,
          "hinge": 19.87821388244629,
          "listnet": -16.33310890197754
        },
        "ranking_new_mse": {
          "kendall": 0.263356477022171,
          "hinge": 0.20181621611118317,
          "listnet": 0.21618033945560455
        },
        "ranking_new_train_mse": {
          "kendall": 0.38916853070259094,
          "hinge": 0.2840805649757385,
          "listnet": 0.3136420249938965
        }
      },
      "env_mc": 28.319568133622806
    },
    {
      "name": "ppo_frac_80000",
      "checkpoint": "results/cancer_pipeline/policies/ppo_frac_80000",
      "timesteps": 80000,
      "q_estimate": 50.600521087646484,
      "dynamics": {
        "supervised": 21.92848014831543,
        "supervised_mse": 0.2557596266269684,
        "supervised_train_mse": 0.3792833983898163,
        "ranking_new": {
          "kendall": 17.6037654876709,
          "hinge": 28.43903923034668,
          "listnet": -14.183252334594727
        },
        "ranking_new_mse": {
          "kendall": 0.263356477022171,
          "hinge": 0.20181621611118317,
          "listnet": 0.21618033945560455
        },
        "ranking_new_train_mse": {
          "kendall": 0.38916853070259094,
          "hinge": 0.2840805649757385,
          "listnet": 0.3136420249938965
        }
      },
      "env_mc": 38.49243140285884
    },
    {
      "name": "ppo_frac_100000",
      "checkpoint": "results/cancer_pipeline/policies/ppo_frac_100000",
      "timesteps": 100000,
      "q_estimate": 57.16059494018555,
      "dynamics": {
        "supervised": 24.380537033081055,
        "supervised_mse": 0.2557596266269684,
        "supervised_train_mse": 0.3792833983898163,
        "ranking_new": {
          "kendall": 17.289670944213867,
          "hinge": 37.832557678222656,
          "listnet": -8.164578437805176
        },
        "ranking_new_mse": {
          "kendall": 0.263356477022171,
          "hinge": 0.20181621611118317,
          "listnet": 0.21618033945560455
        },
        "ranking_new_train_mse": {
          "kendall": 0.38916853070259094,