{
  "config": {
    "max_t": 200,
    "setting": 5,
    "total_steps": 10000,
    "ppo_fractions": [
      0.2,
      0.4,
      0.6,
      0.8,
      1.0
    ],
    "n_envs": 8,
    "n_steps": 2048,
    "batch_size": 512,
    "learning_rate": 0.0003,
    "gamma": 0.99,
    "gae_lambda": 0.95,
    "clip_range": 0.2,
    "ent_coef": 0.01,
    "vf_coef": 0.5,
    "seed": 1,
    "rollout_steps": 10000,
    "q_epochs": 500,
    "q_batch": 512,
    "q_lr": 0.0003,
    "q_samples": 32,
    "dyn_epochs": 2000,
    "dyn_batch": 512,
    "dyn_lr": 0.0003,
    "dyn_hidden_dim": 64,
    "dyn_val_fraction": 0.1,
    "dyn_early_stop_patience": 100,
    "dyn_min_epochs": 0,
    "dynamics_loss": "nll",
    "lambda_rank": 0.4,
    "backbone": "mlp",
    "eval_rollouts": 10,
    "eval_horizon": 200,
    "output_dir": "results/cancer_pipeline",
    "device": "auto",
    "force_policy_training": false,
    "force_dataset_collection": false,
    "force_q_training": false,
    "force_dynamics_training": true,
    "results_only": false,
    "wandb_project": "DT2-cancer",
    "wandb_entity": null,
    "wandb_run_name": null,
    "wandb_mode": "online"
  },
  "dataset_stats": {
    "num_transitions": 6000,
    "num_initial_states": 49,
    "state_dim": 7,
    "action_dim": 2,
    "state_mean": [
      6.669699192047119,
      12.392626762390137,
      6.792642116546631,
      24.0268611907959,
      11.116888046264648,
      8.897756576538086,
      11.13903522491455
    ],
    "state_std": [
      6.945222854614258,
      5.212599277496338,
      5.334871768951416,
      0.7958517074584961,
      5.77739953994751,
      1.5086309909820557,
      4.892608165740967
    ],
    "action_mean": [
      0.42030903697013855,
      0.47704896330833435
    ],
    "action_std": [
      0.6196646690368652,
      0.6464419364929199
    ],
    "reward_mean": 0.5108208656311035,
    "reward_std": 6.089563369750977,
    "reward_min": -0.2972515821456909,
    "reward_max": 100.93700408935547,
    "done_rate": 0.007166666444391012
  },
  "num_transitions": 6000,
  "q_model_paths": {
    "ppo_frac_0": "results/cancer_pipeline/q_models/ppo_frac_0.pt",
    "ppo_frac_20000": "results/cancer_pipeline/q_models/ppo_frac_20000.pt",
    "ppo_frac_40000": "results/cancer_pipeline/q_models/ppo_frac_40000.pt",
    "ppo_frac_60000": "results/cancer_pipeline/q_models/ppo_frac_60000.pt",
    "ppo_frac_80000": "results/cancer_pipeline/q_models/ppo_frac_80000.pt",
    "ppo_frac_100000": "results/cancer_pipeline/q_models/ppo_frac_100000.pt"
  },
  "dynamics_paths": {
    "supervised": "results/cancer_pipeline/mlp/dynamics/dynamics_supervised.pt",
    "ranking_new": {
      "kendall": "results/cancer_pipeline/mlp/dynamics/dynamics_ranking_new_kendall.pt",
      "hinge": "results/cancer_pipeline/mlp/dynamics/dynamics_ranking_new_hinge.pt",
      "listnet": "results/cancer_pipeline/mlp/dynamics/dynamics_ranking_new_listnet.pt"
    }
  },
  "results": [
    {
      "name": "ppo_frac_0",
      "checkpoint": "results/cancer_pipeline/policies/ppo_frac_0",
      "timesteps": 0,
      "q_estimate": 46.43418884277344,
      "dynamics": {
        "supervised": -83.3733139038086,
        "supervised_mse": 0.22636407613754272,
        "supervised_train_mse": 0.24092891812324524,
        "ranking_new": {
          "kendall": -33.12358093261719,
          "hinge": 2.2701339721679688,
          "listnet": -82.96297454833984
        },
        "ranking_new_mse": {
          "kendall": 0.2348770797252655,
          "hinge": 0.2910637855529785,
          "listnet": 0.25459998846054077
        },
        "ranking_new_train_mse": {
          "kendall": 0.24140526354312897,
          "hinge": 0.26440146565437317,
          "listnet": 0.24653764069080353
        }
      },
      "env_mc": -23.631411483400264
    },
    {
      "name": "ppo_frac_20000",
      "checkpoint": "results/cancer_pipeline/policies/ppo_frac_20000",
      "timesteps": 20000,
      "q_estimate": 36.1168327331543,
      "dynamics": {
        "supervised": -29.70399284362793,
        "supervised_mse": 0.22636407613754272,
        "supervised_train_mse": 0.24092891812324524,
        "ranking_new": {
          "kendall": -15.281493186950684,
          "hinge": 9.099665641784668,
          "listnet": -34.25465393066406
        },
        "ranking_new_mse": {
          "kendall": 0.2348770797252655,
          "hinge": 0.2910637855529785,
          "listnet": 0.25459998846054077
        },
        "ranking_new_train_mse": {
          "kendall": 0.24140526354312897,
          "hinge": 0.26440146565437317,
          "listnet": 0.24653764069080353
        }
      },
      "env_mc": -21.068110035611905
    },
    {
      "name": "ppo_frac_40000",
      "checkpoint": "results/cancer_pipeline/policies/ppo_frac_40000",
      "timesteps": 40000,
      "q_estimate": 42.077247619628906,
      "dynamics": {
        "supervised": -11.35843276977539,
        "supervised_mse": 0.22636407613754272,
        "supervised_train_mse": 0.24092891812324524,
        "ranking_new": {
          "kendall": -5.32393741607666,
          "hinge": 17.462997436523438,
          "listnet": -18.8046817779541
        },
        "ranking_new_mse": {
          "kendall": 0.2348770797252655,
          "hinge": 0.2910637855529785,
          "listnet": 0.25459998846054077
        },
        "ranking_new_train_mse": {
          "kendall": 0.24140526354312897,
          "hinge": 0.26440146565437317,
          "listnet": 0.24653764069080353
        }
      },
      "env_mc": -17.06214893473964
    },
    {
      "name": "ppo_frac_60000",
      "checkpoint": "results/cancer_pipeline/policies/ppo_frac_60000",
      "timesteps": 60000,
      "q_estimate": 49.50191116333008,
      "dynamics": {
        "supervised": 3.171386480331421,
        "supervised_mse": 0.22636407613754272,
        "supervised_train_mse": 0.24092891812324524,
        "ranking_new": {
          "kendall": 1.1257038116455078,
          "hinge": 23.915483474731445,
          "listnet": -8.480071067810059
        },
        "ranking_new_mse": {
          "kendall": 0.2348770797252655,
          "hinge": 0.2910637855529785,
          "listnet": 0.25459998846054077
        },
        "ranking_new_train_mse": {
          "kendall": 0.24140526354312897,
          "hinge": 0.26440146565437317,
          "listnet": 0.24653764069080353
        }
      },
      "env_mc": 14.912423491674224
    },
    {
      "name": "ppo_frac_80000",
      "checkpoint": "results/cancer_pipeline/policies/ppo_frac_80000",
      "timesteps": 80000,
      "q_estimate": 50.54527282714844,
      "dynamics": {
        "supervised": 13.25122356414795,
        "supervised_mse": 0.22636407613754272,
        "supervised_train_mse": 0.24092891812324524,
        "ranking_new": {
          "kendall": 2.866790771484375,
          "hinge": 28.49415397644043,
          "listnet": -14.642837524414062
        },
        "ranking_new_mse": {
          "kendall": 0.2348770797252655,
          "hinge": 0.2910637855529785,
          "listnet": 0.25459998846054077
        },
        "ranking_new_train_mse": {
          "kendall": 0.24140526354312897,
          "hinge": 0.26440146565437317,
          "listnet": 0.24653764069080353
        }
      },
      "env_mc": 25.369632335237046
    },
    {
      "name": "ppo_frac_100000",
      "checkpoint": "results/cancer_pipeline/policies/ppo_frac_100000",
      "timesteps": 100000,
      "q_estimate": 57.08938980102539,
      "dynamics": {
        "supervised": 23.569318771362305,
        "supervised_mse": 0.22636407613754272,
        "supervised_train_mse": 0.24092891812324524,
        "ranking_new": {
          "kendall": 7.968213081359863,
          "hinge": 34.287757873535156,
          "listnet": -10.612424850463867
        },
        "ranking_new_mse": {
          "kendall": 0.2348770797252655,
          "hinge": 0.2910637855529785,
          "listnet": 0.25459998846054077
        },