{
  "config": {
    "max_t": 200,
    "setting": 5,
    "total_steps": 10000,
    "ppo_fractions": [
      0.2,
      0.4,
      0.6,
      0.8,
      1.0
    ],
    "n_envs": 8,
    "n_steps": 2048,
    "batch_size": 512,
    "learning_rate": 0.0003,
    "gamma": 0.99,
    "gae_lambda": 0.95,
    "clip_range": 0.2,
    "ent_coef": 0.01,
    "vf_coef": 0.5,
    "seed": 200,
    "rollout_steps": 1000,
    "q_epochs": 500,
    "q_batch": 512,
    "q_lr": 0.0003,
    "q_samples": 32,
    "dyn_epochs": 2000,
    "dyn_batch": 512,
    "dyn_lr": 0.0003,
    "dyn_hidden_dim": 64,
    "dyn_val_fraction": 0.1,
    "dyn_early_stop_patience": 20,
    "dyn_min_epochs": 0,
    "dynamics_loss": "mse",
    "lambda_rank": 1.0,
    "eval_rollouts": 10,
    "eval_horizon": 200,
    "output_dir": "results/cancer_pipeline",
    "device": "auto",
    "force_policy_training": false,
    "force_dataset_collection": false,
    "force_q_training": false,
    "force_dynamics_training": true,
    "results_only": false,
    "wandb_project": "DT2-cancer",
    "wandb_entity": null,
    "wandb_run_name": null,
    "wandb_mode": "online"
  },
  "dataset_stats": {
    "num_transitions": 6000,
    "num_initial_states": 49,
    "state_dim": 7,
    "action_dim": 2,
    "state_mean": [
      6.669699192047119,
      12.392626762390137,
      6.792642116546631,
      24.0268611907959,
      11.116888046264648,
      8.897756576538086,
      11.13903522491455
    ],
    "state_std": [
      6.945222854614258,
      5.212599277496338,
      5.334871768951416,
      0.7958517074584961,
      5.77739953994751,
      1.5086309909820557,
      4.892608165740967
    ],
    "action_mean": [
      0.42030903697013855,
      0.47704896330833435
    ],
    "action_std": [
      0.6196646690368652,
      0.6464419364929199
    ],
    "reward_mean": 0.5108208656311035,
    "reward_std": 6.089563369750977,
    "reward_min": -0.2972515821456909,
    "reward_max": 100.93700408935547,
    "done_rate": 0.007166666444391012
  },
  "num_transitions": 6000,
  "q_model_paths": {
    "ppo_frac_0": "results/cancer_pipeline/q_models/ppo_frac_0.pt",
    "ppo_frac_20000": "results/cancer_pipeline/q_models/ppo_frac_20000.pt",
    "ppo_frac_40000": "results/cancer_pipeline/q_models/ppo_frac_40000.pt",
    "ppo_frac_60000": "results/cancer_pipeline/q_models/ppo_frac_60000.pt",
    "ppo_frac_80000": "results/cancer_pipeline/q_models/ppo_frac_80000.pt",
    "ppo_frac_100000": "results/cancer_pipeline/q_models/ppo_frac_100000.pt"
  },
  "dynamics_paths": {
    "supervised": "results/cancer_pipeline/dynamics/dynamics_supervised.pt",
    "ranking_new": {
      "kendall": "results/cancer_pipeline/dynamics/dynamics_ranking_new_kendall.pt",
      "hinge": "results/cancer_pipeline/dynamics/dynamics_ranking_new_hinge.pt",
      "listnet": "results/cancer_pipeline/dynamics/dynamics_ranking_new_listnet.pt"
    }
  },
  "results": [
    {
      "name": "ppo_frac_0",
      "checkpoint": "results/cancer_pipeline/policies/ppo_frac_0",
      "timesteps": 0,
      "q_estimate": 46.38047409057617,
      "dynamics": {
        "supervised": -98.8117904663086,
        "supervised_mse": 0.2298351377248764,
        "supervised_train_mse": 0.2594485878944397,
        "ranking_new": {
          "kendall": 11.52057933807373,
          "hinge": -26.920795440673828,
          "listnet": -48.28168869018555
        },
        "ranking_new_mse": {
          "kendall": 0.38632357120513916,
          "hinge": 0.38599249720573425,
          "listnet": 0.3878398835659027
        },
        "ranking_new_train_mse": {
          "kendall": 0.4174748957157135,
          "hinge": 0.41836535930633545,
          "listnet": 0.422052264213562
        }
      },
      "env_mc": -22.444006016285726
    },
    {
      "name": "ppo_frac_20000",
      "checkpoint": "results/cancer_pipeline/policies/ppo_frac_20000",
      "timesteps": 20000,
      "q_estimate": 36.10430145263672,
      "dynamics": {
        "supervised": -97.94774627685547,
        "supervised_mse": 0.2298351377248764,
        "supervised_train_mse": 0.2594485878944397,
        "ranking_new": {
          "kendall": 14.133870124816895,
          "hinge": -28.349332809448242,
          "listnet": -46.863277435302734
        },
        "ranking_new_mse": {
          "kendall": 0.38632357120513916,
          "hinge": 0.38599249720573425,
          "listnet": 0.3878398835659027
        },
        "ranking_new_train_mse": {
          "kendall": 0.4174748957157135,
          "hinge": 0.41836535930633545,
          "listnet": 0.422052264213562
        }
      },
      "env_mc": -19.863326192818285
    },
    {
      "name": "ppo_frac_40000",
      "checkpoint": "results/cancer_pipeline/policies/ppo_frac_40000",
      "timesteps": 40000,
      "q_estimate": 42.01096725463867,
      "dynamics": {
        "supervised": -6.253551959991455,
        "supervised_mse": 0.2298351377248764,
        "supervised_train_mse": 0.2594485878944397,
        "ranking_new": {
          "kendall": 13.134173393249512,
          "hinge": -27.98091697692871,
          "listnet": -46.95139694213867
        },
        "ranking_new_mse": {
          "kendall": 0.38632357120513916,
          "hinge": 0.38599249720573425,
          "listnet": 0.3878398835659027
        },
        "ranking_new_train_mse": {
          "kendall": 0.4174748957157135,
          "hinge": 0.41836535930633545,
          "listnet": 0.422052264213562
        }
      },
      "env_mc": -15.82883459016551
    },
    {
      "name": "ppo_frac_60000",
      "checkpoint": "results/cancer_pipeline/policies/ppo_frac_60000",
      "timesteps": 60000,
      "q_estimate": 49.46816635131836,
      "dynamics": {
        "supervised": 8.83828067779541,
        "supervised_mse": 0.2298351377248764,
        "supervised_train_mse": 0.2594485878944397,
        "ranking_new": {
          "kendall": 13.690775871276855,
          "hinge": -27.877456665039062,
          "listnet": -46.801876068115234
        },
        "ranking_new_mse": {
          "kendall": 0.38632357120513916,
          "hinge": 0.38599249720573425,
          "listnet": 0.3878398835659027
        },
        "ranking_new_train_mse": {
          "kendall": 0.4174748957157135,
          "hinge": 0.41836535930633545,
          "listnet": 0.422052264213562
        }
      },
      "env_mc": 19.70767204108508
    },
    {
      "name": "ppo_frac_80000",
      "checkpoint": "results/cancer_pipeline/policies/ppo_frac_80000",
      "timesteps": 80000,
      "q_estimate": 50.66846466064453,
      "dynamics": {
        "supervised": 12.771673202514648,
        "supervised_mse": 0.2298351377248764,
        "supervised_train_mse": 0.2594485878944397,
        "ranking_new": {
          "kendall": 17.036224365234375,
          "hinge": -27.715322494506836,
          "listnet": -46.156681060791016
        },
        "ranking_new_mse": {
          "kendall": 0.38632357120513916,
          "hinge": 0.38599249720573425,
          "listnet": 0.3878398835659027
        },
        "ranking_new_train_mse": {
          "kendall": 0.4174748957157135,
          "hinge": 0.41836535930633545,
          "listnet": 0.422052264213562
        }
      },
      "env_mc": 33.81586410648478
    },
    {
      "name": "ppo_frac_100000",
      "checkpoint": "results/cancer_pipeline/policies/ppo_frac_100000",
      "timesteps": 100000,
      "q_estimate": 57.24686050415039,
      "dynamics": {
        "supervised": -9.246368408203125,
        "supervised_mse": 0.2298351377248764,
        "supervised_train_mse": 0.2594485878944397,
        "ranking_new": {
          "kendall": 16.84580421447754,
          "hinge": -27.61524772644043,
          "listnet": -45.26225662231445
        },
        "ranking_new_mse": {
          "kendall": 0.38632357120513916,
          "hinge": 0.38599249720573425,
          "listnet": 0.3878398835659027
        },
        "ranking_new_train_mse": {
          "kendall": 0.4174748957157135,