{
  "config": {
    "max_t": 200,
    "setting": 5,
    "total_steps": 10000,
    "ppo_fractions": [
      0.2,
      0.4,
      0.6,
      0.8,
      1.0
    ],
    "n_envs": 8,
    "n_steps": 2048,
    "batch_size": 512,
    "learning_rate": 0.0003,
    "gamma": 0.99,
    "gae_lambda": 0.95,
    "clip_range": 0.2,
    "ent_coef": 0.01,
    "vf_coef": 0.5,
    "seed": 2,
    "rollout_steps": 10000,
    "q_epochs": 500,
    "q_batch": 512,
    "q_lr": 0.0003,
    "q_samples": 32,
    "dyn_epochs": 2000,
    "dyn_batch": 512,
    "dyn_lr": 0.0003,
    "dyn_hidden_dim": 64,
    "dyn_val_fraction": 0.1,
    "dyn_early_stop_patience": 100,
    "dyn_min_epochs": 0,
    "dynamics_loss": "nll",
    "lambda_rank": 0.4,
    "backbone": "mlp",
    "eval_rollouts": 10,
    "eval_horizon": 200,
    "output_dir": "results/cancer_pipeline",
    "device": "auto",
    "force_policy_training": false,
    "force_dataset_collection": false,
    "force_q_training": false,
    "force_dynamics_training": true,
    "results_only": false,
    "wandb_project": "DT2-cancer",
    "wandb_entity": null,
    "wandb_run_name": null,
    "wandb_mode": "online"
  },
  "dataset_stats": {
    "num_transitions": 6000,
    "num_initial_states": 49,
    "state_dim": 7,
    "action_dim": 2,
    "state_mean": [
      6.669699192047119,
      12.392626762390137,
      6.792642116546631,
      24.0268611907959,
      11.116888046264648,
      8.897756576538086,
      11.13903522491455
    ],
    "state_std": [
      6.945222854614258,
      5.212599277496338,
      5.334871768951416,
      0.7958517074584961,
      5.77739953994751,
      1.5086309909820557,
      4.892608165740967
    ],
    "action_mean": [
      0.42030903697013855,
      0.47704896330833435
    ],
    "action_std": [
      0.6196646690368652,
      0.6464419364929199
    ],
    "reward_mean": 0.5108208656311035,
    "reward_std": 6.089563369750977,
    "reward_min": -0.2972515821456909,
    "reward_max": 100.93700408935547,
    "done_rate": 0.007166666444391012
  },
  "num_transitions": 6000,
  "q_model_paths": {
    "ppo_frac_0": "results/cancer_pipeline/q_models/ppo_frac_0.pt",
    "ppo_frac_20000": "results/cancer_pipeline/q_models/ppo_frac_20000.pt",
    "ppo_frac_40000": "results/cancer_pipeline/q_models/ppo_frac_40000.pt",
    "ppo_frac_60000": "results/cancer_pipeline/q_models/ppo_frac_60000.pt",
    "ppo_frac_80000": "results/cancer_pipeline/q_models/ppo_frac_80000.pt",
    "ppo_frac_100000": "results/cancer_pipeline/q_models/ppo_frac_100000.pt"
  },
  "dynamics_paths": {
    "supervised": "results/cancer_pipeline/mlp/dynamics/dynamics_supervised.pt",
    "ranking_new": {
      "kendall": "results/cancer_pipeline/mlp/dynamics/dynamics_ranking_new_kendall.pt",
      "hinge": "results/cancer_pipeline/mlp/dynamics/dynamics_ranking_new_hinge.pt",
      "listnet": "results/cancer_pipeline/mlp/dynamics/dynamics_ranking_new_listnet.pt"
    }
  },
  "results": [
    {
      "name": "ppo_frac_0",
      "checkpoint": "results/cancer_pipeline/policies/ppo_frac_0",
      "timesteps": 0,
      "q_estimate": 46.544456481933594,
      "dynamics": {
        "supervised": -90.00202941894531,
        "supervised_mse": 0.16815297305583954,
        "supervised_train_mse": 0.24300628900527954,
        "ranking_new": {
          "kendall": -14.639594078063965,
          "hinge": 22.547094345092773,
          "listnet": -14.841836929321289
        },
        "ranking_new_mse": {
          "kendall": 0.2138752043247223,
          "hinge": 0.27542075514793396,
          "listnet": 0.22718782722949982
        },
        "ranking_new_train_mse": {
          "kendall": 0.2660699486732483,
          "hinge": 0.3052574694156647,
          "listnet": 0.27450188994407654
        }
      },
      "env_mc": -23.5909198120364
    },
    {
      "name": "ppo_frac_20000",
      "checkpoint": "results/cancer_pipeline/policies/ppo_frac_20000",
      "timesteps": 20000,
      "q_estimate": 36.1142578125,
      "dynamics": {
        "supervised": -83.26757049560547,
        "supervised_mse": 0.16815297305583954,
        "supervised_train_mse": 0.24300628900527954,
        "ranking_new": {
          "kendall": -6.65313196182251,
          "hinge": 25.07232093811035,
          "listnet": -1.9960365295410156
        },
        "ranking_new_mse": {
          "kendall": 0.2138752043247223,
          "hinge": 0.27542075514793396,
          "listnet": 0.22718782722949982
        },
        "ranking_new_train_mse": {
          "kendall": 0.2660699486732483,
          "hinge": 0.3052574694156647,
          "listnet": 0.27450188994407654
        }
      },
      "env_mc": -21.009554350702423
    },
    {
      "name": "ppo_frac_40000",
      "checkpoint": "results/cancer_pipeline/policies/ppo_frac_40000",
      "timesteps": 40000,
      "q_estimate": 42.031288146972656,
      "dynamics": {
        "supervised": -59.5211296081543,
        "supervised_mse": 0.16815297305583954,
        "supervised_train_mse": 0.24300628900527954,
        "ranking_new": {
          "kendall": 0.05523701384663582,
          "hinge": 28.69083023071289,
          "listnet": 5.17873477935791
        },
        "ranking_new_mse": {
          "kendall": 0.2138752043247223,
          "hinge": 0.27542075514793396,
          "listnet": 0.22718782722949982
        },
        "ranking_new_train_mse": {
          "kendall": 0.2660699486732483,
          "hinge": 0.3052574694156647,
          "listnet": 0.27450188994407654
        }
      },
      "env_mc": -16.948930594665658
    },
    {
      "name": "ppo_frac_60000",
      "checkpoint": "results/cancer_pipeline/policies/ppo_frac_60000",
      "timesteps": 60000,
      "q_estimate": 49.53636932373047,
      "dynamics": {
        "supervised": -38.51454162597656,
        "supervised_mse": 0.16815297305583954,
        "supervised_train_mse": 0.24300628900527954,
        "ranking_new": {
          "kendall": 5.379644870758057,
          "hinge": 31.4162654876709,
          "listnet": 10.73221492767334
        },
        "ranking_new_mse": {
          "kendall": 0.2138752043247223,
          "hinge": 0.27542075514793396,
          "listnet": 0.22718782722949982
        },
        "ranking_new_train_mse": {
          "kendall": 0.2660699486732483,
          "hinge": 0.3052574694156647,
          "listnet": 0.27450188994407654
        }
      },
      "env_mc": 19.730940275045107
    },
    {
      "name": "ppo_frac_80000",
      "checkpoint": "results/cancer_pipeline/policies/ppo_frac_80000",
      "timesteps": 80000,
      "q_estimate": 50.67123794555664,
      "dynamics": {
        "supervised": -35.469539642333984,
        "supervised_mse": 0.16815297305583954,
        "supervised_train_mse": 0.24300628900527954,
        "ranking_new": {
          "kendall": 8.222480773925781,
          "hinge": 33.62842559814453,
          "listnet": 12.193140983581543
        },
        "ranking_new_mse": {
          "kendall": 0.2138752043247223,
          "hinge": 0.27542075514793396,
          "listnet": 0.22718782722949982
        },
        "ranking_new_train_mse": {
          "kendall": 0.2660699486732483,
          "hinge": 0.3052574694156647,
          "listnet": 0.27450188994407654
        }
      },
      "env_mc": 30.20636876735643
    },
    {
      "name": "ppo_frac_100000",
      "checkpoint": "results/cancer_pipeline/policies/ppo_frac_100000",
      "timesteps": 100000,
      "q_estimate": 57.106422424316406,
      "dynamics": {
        "supervised": -24.77145767211914,
        "supervised_mse": 0.16815297305583954,
        "supervised_train_mse": 0.24300628900527954,
        "ranking_new": {
          "kendall": 25.508710861206055,
          "hinge": 37.54705047607422,
          "listnet": 16.17770767211914
        },
        "ranking_new_mse": {
          "kendall": 0.2138752043247223,
          "hinge": 0.27542075514793396,
          "listnet": 0.22718782722949982
        },