{
  "config": {
    "max_t": 200,
    "setting": 5,
    "total_steps": 10000,
    "ppo_fractions": [
      0.2,
      0.4,
      0.6,
      0.8,
      1.0
    ],
    "n_envs": 8,
    "n_steps": 2048,
    "batch_size": 512,
    "learning_rate": 0.0003,
    "gamma": 0.99,
    "gae_lambda": 0.95,
    "clip_range": 0.2,
    "ent_coef": 0.01,
    "vf_coef": 0.5,
    "seed": 0,
    "rollout_steps": 10000,
    "q_epochs": 500,
    "q_batch": 512,
    "q_lr": 0.0003,
    "q_samples": 32,
    "dyn_epochs": 2000,
    "dyn_batch": 512,
    "dyn_lr": 0.0003,
    "dyn_hidden_dim": 64,
    "dyn_val_fraction": 0.1,
    "dyn_early_stop_patience": 100,
    "dyn_min_epochs": 0,
    "dynamics_loss": "nll",
    "lambda_rank": 0.4,
    "backbone": "mlp",
    "eval_rollouts": 10,
    "eval_horizon": 200,
    "output_dir": "results/cancer_pipeline",
    "device": "auto",
    "force_policy_training": false,
    "force_dataset_collection": false,
    "force_q_training": false,
    "force_dynamics_training": true,
    "results_only": false,
    "wandb_project": "DT2-cancer",
    "wandb_entity": null,
    "wandb_run_name": null,
    "wandb_mode": "online"
  },
  "dataset_stats": {
    "num_transitions": 6000,
    "num_initial_states": 49,
    "state_dim": 7,
    "action_dim": 2,
    "state_mean": [
      6.669699192047119,
      12.392626762390137,
      6.792642116546631,
      24.0268611907959,
      11.116888046264648,
      8.897756576538086,
      11.13903522491455
    ],
    "state_std": [
      6.945222854614258,
      5.212599277496338,
      5.334871768951416,
      0.7958517074584961,
      5.77739953994751,
      1.5086309909820557,
      4.892608165740967
    ],
    "action_mean": [
      0.42030903697013855,
      0.47704896330833435
    ],
    "action_std": [
      0.6196646690368652,
      0.6464419364929199
    ],
    "reward_mean": 0.5108208656311035,
    "reward_std": 6.089563369750977,
    "reward_min": -0.2972515821456909,
    "reward_max": 100.93700408935547,
    "done_rate": 0.007166666444391012
  },
  "num_transitions": 6000,
  "q_model_paths": {
    "ppo_frac_0": "results/cancer_pipeline/q_models/ppo_frac_0.pt",
    "ppo_frac_20000": "results/cancer_pipeline/q_models/ppo_frac_20000.pt",
    "ppo_frac_40000": "results/cancer_pipeline/q_models/ppo_frac_40000.pt",
    "ppo_frac_60000": "results/cancer_pipeline/q_models/ppo_frac_60000.pt",
    "ppo_frac_80000": "results/cancer_pipeline/q_models/ppo_frac_80000.pt",
    "ppo_frac_100000": "results/cancer_pipeline/q_models/ppo_frac_100000.pt"
  },
  "dynamics_paths": {
    "supervised": "results/cancer_pipeline/mlp/dynamics/dynamics_supervised.pt",
    "ranking_new": {
      "kendall": "results/cancer_pipeline/mlp/dynamics/dynamics_ranking_new_kendall.pt",
      "hinge": "results/cancer_pipeline/mlp/dynamics/dynamics_ranking_new_hinge.pt",
      "listnet": "results/cancer_pipeline/mlp/dynamics/dynamics_ranking_new_listnet.pt"
    }
  },
  "results": [
    {
      "name": "ppo_frac_0",
      "checkpoint": "results/cancer_pipeline/policies/ppo_frac_0",
      "timesteps": 0,
      "q_estimate": 46.42640686035156,
      "dynamics": {
        "supervised": 42.42364501953125,
        "supervised_mse": 0.1720224916934967,
        "supervised_train_mse": 0.26624974608421326,
        "ranking_new": {
          "kendall": 46.446380615234375,
          "hinge": 13.026208877563477,
          "listnet": 36.23604202270508
        },
        "ranking_new_mse": {
          "kendall": 0.2074085921049118,
          "hinge": 0.23018008470535278,
          "listnet": 0.23482011258602142
        },
        "ranking_new_train_mse": {
          "kendall": 0.2798929810523987,
          "hinge": 0.29969245195388794,
          "listnet": 0.3000187277793884
        }
      },
      "env_mc": -23.88056608601572
    },
    {
      "name": "ppo_frac_20000",
      "checkpoint": "results/cancer_pipeline/policies/ppo_frac_20000",
      "timesteps": 20000,
      "q_estimate": 36.053096771240234,
      "dynamics": {
        "supervised": 46.92062759399414,
        "supervised_mse": 0.1720224916934967,
        "supervised_train_mse": 0.26624974608421326,
        "ranking_new": {
          "kendall": 49.8941650390625,
          "hinge": 20.04408836364746,
          "listnet": 40.60288619995117
        },
        "ranking_new_mse": {
          "kendall": 0.2074085921049118,
          "hinge": 0.23018008470535278,
          "listnet": 0.23482011258602142
        },
        "ranking_new_train_mse": {
          "kendall": 0.2798929810523987,
          "hinge": 0.29969245195388794,
          "listnet": 0.3000187277793884
        }
      },
      "env_mc": -21.3336629111782
    },
    {
      "name": "ppo_frac_40000",
      "checkpoint": "results/cancer_pipeline/policies/ppo_frac_40000",
      "timesteps": 40000,
      "q_estimate": 42.009098052978516,
      "dynamics": {
        "supervised": 51.15267562866211,
        "supervised_mse": 0.1720224916934967,
        "supervised_train_mse": 0.26624974608421326,
        "ranking_new": {
          "kendall": 53.905147552490234,
          "hinge": 27.56903648376465,
          "listnet": 44.15019607543945
        },
        "ranking_new_mse": {
          "kendall": 0.2074085921049118,
          "hinge": 0.23018008470535278,
          "listnet": 0.23482011258602142
        },
        "ranking_new_train_mse": {
          "kendall": 0.2798929810523987,
          "hinge": 0.29969245195388794,
          "listnet": 0.3000187277793884
        }
      },
      "env_mc": -17.379427254883545
    },
    {
      "name": "ppo_frac_60000",
      "checkpoint": "results/cancer_pipeline/policies/ppo_frac_60000",
      "timesteps": 60000,
      "q_estimate": 49.40421676635742,
      "dynamics": {
        "supervised": 55.00349807739258,
        "supervised_mse": 0.1720224916934967,
        "supervised_train_mse": 0.26624974608421326,
        "ranking_new": {
          "kendall": 57.139625549316406,
          "hinge": 33.20845031738281,
          "listnet": 46.898231506347656
        },
        "ranking_new_mse": {
          "kendall": 0.2074085921049118,
          "hinge": 0.23018008470535278,
          "listnet": 0.23482011258602142
        },
        "ranking_new_train_mse": {
          "kendall": 0.2798929810523987,
          "hinge": 0.29969245195388794,
          "listnet": 0.3000187277793884
        }
      },
      "env_mc": 19.93096770855311
    },
    {
      "name": "ppo_frac_80000",
      "checkpoint": "results/cancer_pipeline/policies/ppo_frac_80000",
      "timesteps": 80000,
      "q_estimate": 50.65273666381836,
      "dynamics": {
        "supervised": 58.2261848449707,
        "supervised_mse": 0.1720224916934967,
        "supervised_train_mse": 0.26624974608421326,
        "ranking_new": {
          "kendall": 60.254486083984375,
          "hinge": 46.342098236083984,
          "listnet": 48.99045944213867
        },
        "ranking_new_mse": {
          "kendall": 0.2074085921049118,
          "hinge": 0.23018008470535278,
          "listnet": 0.23482011258602142
        },
        "ranking_new_train_mse": {
          "kendall": 0.2798929810523987,
          "hinge": 0.29969245195388794,
          "listnet": 0.3000187277793884
        }
      },
      "env_mc": 25.318668310970715
    },
    {
      "name": "ppo_frac_100000",
      "checkpoint": "results/cancer_pipeline/policies/ppo_frac_100000",
      "timesteps": 100000,
      "q_estimate": 57.06886672973633,
      "dynamics": {
        "supervised": 61.56816482543945,
        "supervised_mse": 0.1720224916934967,
        "supervised_train_mse": 0.26624974608421326,
        "ranking_new": {
          "kendall": 64.06371307373047,
          "hinge": 57.695106506347656,
          "listnet": 51.35361862182617
        },
        "ranking_new_mse": {
          "kendall": 0.2074085921049118,
          "hinge": 0.23018008470535278,
          "listnet": 0.23482011258602142
        },
        "ranking_new_train_mse": {
          "kendall": 0.2798929810523987,