{
  "config": {
    "max_t": 200,
    "setting": 5,
    "total_steps": 10000,
    "ppo_fractions": [
      0.2,
      0.4,
      0.6,
      0.8,
      1.0
    ],
    "n_envs": 8,
    "n_steps": 2048,
    "batch_size": 512,
    "learning_rate": 0.0003,
    "gamma": 0.99,
    "gae_lambda": 0.95,
    "clip_range": 0.2,
    "ent_coef": 0.01,
    "vf_coef": 0.5,
    "seed": 103,
    "rollout_steps": 1000,
    "q_epochs": 500,
    "q_batch": 512,
    "q_lr": 0.0003,
    "q_samples": 32,
    "dyn_epochs": 2000,
    "dyn_batch": 512,
    "dyn_lr": 0.0003,
    "dyn_hidden_dim": 128,
    "dyn_val_fraction": 0.1,
    "dyn_early_stop_patience": 20,
    "dyn_min_epochs": 0,
    "dynamics_loss": "mse",
    "lambda_rank": 0.8,
    "eval_rollouts": 10,
    "eval_horizon": 200,
    "output_dir": "results/cancer_pipeline",
    "device": "auto",
    "force_policy_training": false,
    "force_dataset_collection": false,
    "force_q_training": false,
    "force_dynamics_training": true,
    "results_only": false,
    "wandb_project": "DT2-cancer",
    "wandb_entity": null,
    "wandb_run_name": null,
    "wandb_mode": "online"
  },
  "dataset_stats": {
    "num_transitions": 6000,
    "num_initial_states": 49,
    "state_dim": 7,
    "action_dim": 2,
    "state_mean": [
      6.669699192047119,
      12.392626762390137,
      6.792642116546631,
      24.0268611907959,
      11.116888046264648,
      8.897756576538086,
      11.13903522491455
    ],
    "state_std": [
      6.945222854614258,
      5.212599277496338,
      5.334871768951416,
      0.7958517074584961,
      5.77739953994751,
      1.5086309909820557,
      4.892608165740967
    ],
    "action_mean": [
      0.42030903697013855,
      0.47704896330833435
    ],
    "action_std": [
      0.6196646690368652,
      0.6464419364929199
    ],
    "reward_mean": 0.5108208656311035,
    "reward_std": 6.089563369750977,
    "reward_min": -0.2972515821456909,
    "reward_max": 100.93700408935547,
    "done_rate": 0.007166666444391012
  },
  "num_transitions": 6000,
  "q_model_paths": {
    "ppo_frac_0": "results/cancer_pipeline/q_models/ppo_frac_0.pt",
    "ppo_frac_20000": "results/cancer_pipeline/q_models/ppo_frac_20000.pt",
    "ppo_frac_40000": "results/cancer_pipeline/q_models/ppo_frac_40000.pt",
    "ppo_frac_60000": "results/cancer_pipeline/q_models/ppo_frac_60000.pt",
    "ppo_frac_80000": "results/cancer_pipeline/q_models/ppo_frac_80000.pt",
    "ppo_frac_100000": "results/cancer_pipeline/q_models/ppo_frac_100000.pt"
  },
  "dynamics_paths": {
    "supervised": "results/cancer_pipeline/dynamics/dynamics_supervised.pt",
    "ranking_new": {
      "kendall": "results/cancer_pipeline/dynamics/dynamics_ranking_new_kendall.pt",
      "hinge": "results/cancer_pipeline/dynamics/dynamics_ranking_new_hinge.pt",
      "listnet": "results/cancer_pipeline/dynamics/dynamics_ranking_new_listnet.pt"
    }
  },
  "results": [
    {
      "name": "ppo_frac_0",
      "checkpoint": "results/cancer_pipeline/policies/ppo_frac_0",
      "timesteps": 0,
      "q_estimate": 46.55001449584961,
      "dynamics": {
        "supervised": -96.12397003173828,
        "supervised_mse": 0.27478134632110596,
        "supervised_train_mse": 0.3359076976776123,
        "ranking_new": {
          "kendall": -43.66377639770508,
          "hinge": -66.04388427734375,
          "listnet": -102.33131408691406
        },
        "ranking_new_mse": {
          "kendall": 0.29154106974601746,
          "hinge": 0.32667067646980286,
          "listnet": 0.27091941237449646
        },
        "ranking_new_train_mse": {
          "kendall": 0.34975865483283997,
          "hinge": 0.4063071310520172,
          "listnet": 0.32390525937080383
        }
      },
      "env_mc": -23.367214115724362
    },
    {
      "name": "ppo_frac_20000",
      "checkpoint": "results/cancer_pipeline/policies/ppo_frac_20000",
      "timesteps": 20000,
      "q_estimate": 36.085018157958984,
      "dynamics": {
        "supervised": -60.7398681640625,
        "supervised_mse": 0.27478134632110596,
        "supervised_train_mse": 0.3359076976776123,
        "ranking_new": {
          "kendall": -36.270931243896484,
          "hinge": -61.254554748535156,
          "listnet": -99.39808654785156
        },
        "ranking_new_mse": {
          "kendall": 0.29154106974601746,
          "hinge": 0.32667067646980286,
          "listnet": 0.27091941237449646
        },
        "ranking_new_train_mse": {
          "kendall": 0.34975865483283997,
          "hinge": 0.4063071310520172,
          "listnet": 0.32390525937080383
        }
      },
      "env_mc": -20.720403938503498
    },
    {
      "name": "ppo_frac_40000",
      "checkpoint": "results/cancer_pipeline/policies/ppo_frac_40000",
      "timesteps": 40000,
      "q_estimate": 42.0323371887207,
      "dynamics": {
        "supervised": -17.360374450683594,
        "supervised_mse": 0.27478134632110596,
        "supervised_train_mse": 0.3359076976776123,
        "ranking_new": {
          "kendall": -26.037017822265625,
          "hinge": -56.65851593017578,
          "listnet": -55.79395294189453
        },
        "ranking_new_mse": {
          "kendall": 0.29154106974601746,
          "hinge": 0.32667067646980286,
          "listnet": 0.27091941237449646
        },
        "ranking_new_train_mse": {
          "kendall": 0.34975865483283997,
          "hinge": 0.4063071310520172,
          "listnet": 0.32390525937080383
        }
      },
      "env_mc": -16.587792513418623
    },
    {
      "name": "ppo_frac_60000",
      "checkpoint": "results/cancer_pipeline/policies/ppo_frac_60000",
      "timesteps": 60000,
      "q_estimate": 49.48501205444336,
      "dynamics": {
        "supervised": -13.807388305664062,
        "supervised_mse": 0.27478134632110596,
        "supervised_train_mse": 0.3359076976776123,
        "ranking_new": {
          "kendall": -4.1524481773376465,
          "hinge": -51.58797836303711,
          "listnet": -23.696762084960938
        },
        "ranking_new_mse": {
          "kendall": 0.29154106974601746,
          "hinge": 0.32667067646980286,
          "listnet": 0.27091941237449646
        },
        "ranking_new_train_mse": {
          "kendall": 0.34975865483283997,
          "hinge": 0.4063071310520172,
          "listnet": 0.32390525937080383
        }
      },
      "env_mc": 14.223648205477252
    },
    {
      "name": "ppo_frac_80000",
      "checkpoint": "results/cancer_pipeline/policies/ppo_frac_80000",
      "timesteps": 80000,
      "q_estimate": 50.72140121459961,
      "dynamics": {
        "supervised": -16.092330932617188,
        "supervised_mse": 0.27478134632110596,
        "supervised_train_mse": 0.3359076976776123,
        "ranking_new": {
          "kendall": 28.135944366455078,
          "hinge": -48.7548942565918,
          "listnet": -18.511404037475586
        },
        "ranking_new_mse": {
          "kendall": 0.29154106974601746,
          "hinge": 0.32667067646980286,
          "listnet": 0.27091941237449646
        },
        "ranking_new_train_mse": {
          "kendall": 0.34975865483283997,
          "hinge": 0.4063071310520172,
          "listnet": 0.32390525937080383
        }
      },
      "env_mc": 30.40111223603082
    },
    {
      "name": "ppo_frac_100000",
      "checkpoint": "results/cancer_pipeline/policies/ppo_frac_100000",
      "timesteps": 100000,
      "q_estimate": 57.069244384765625,
      "dynamics": {
        "supervised": -38.880367279052734,
        "supervised_mse": 0.27478134632110596,
        "supervised_train_mse": 0.3359076976776123,
        "ranking_new": {
          "kendall": 34.153114318847656,
          "hinge": -42.24250030517578,
          "listnet": -1.7650318145751953
        },
        "ranking_new_mse": {
          "kendall": 0.29154106974601746,
          "hinge": 0.32667067646980286,
          "listnet": 0.27091941237449646
        },