{
  "config": {
    "max_t": 200,
    "setting": 5,
    "total_steps": 10000,
    "ppo_fractions": [
      0.2,
      0.4,
      0.6,
      0.8,
      1.0
    ],
    "n_envs": 8,
    "n_steps": 2048,
    "batch_size": 512,
    "learning_rate": 0.0003,
    "gamma": 0.99,
    "gae_lambda": 0.95,
    "clip_range": 0.2,
    "ent_coef": 0.01,
    "vf_coef": 0.5,
    "seed": 201,
    "rollout_steps": 1000,
    "q_epochs": 500,
    "q_batch": 512,
    "q_lr": 0.0003,
    "q_samples": 32,
    "dyn_epochs": 2000,
    "dyn_batch": 512,
    "dyn_lr": 0.0003,
    "dyn_hidden_dim": 64,
    "dyn_val_fraction": 0.1,
    "dyn_early_stop_patience": 20,
    "dyn_min_epochs": 0,
    "dynamics_loss": "mse",
    "lambda_rank": 1.0,
    "eval_rollouts": 10,
    "eval_horizon": 200,
    "output_dir": "results/cancer_pipeline",
    "device": "auto",
    "force_policy_training": false,
    "force_dataset_collection": false,
    "force_q_training": false,
    "force_dynamics_training": true,
    "results_only": false,
    "wandb_project": "DT2-cancer",
    "wandb_entity": null,
    "wandb_run_name": null,
    "wandb_mode": "online"
  },
  "dataset_stats": {
    "num_transitions": 6000,
    "num_initial_states": 49,
    "state_dim": 7,
    "action_dim": 2,
    "state_mean": [
      6.669699192047119,
      12.392626762390137,
      6.792642116546631,
      24.0268611907959,
      11.116888046264648,
      8.897756576538086,
      11.13903522491455
    ],
    "state_std": [
      6.945222854614258,
      5.212599277496338,
      5.334871768951416,
      0.7958517074584961,
      5.77739953994751,
      1.5086309909820557,
      4.892608165740967
    ],
    "action_mean": [
      0.42030903697013855,
      0.47704896330833435
    ],
    "action_std": [
      0.6196646690368652,
      0.6464419364929199
    ],
    "reward_mean": 0.5108208656311035,
    "reward_std": 6.089563369750977,
    "reward_min": -0.2972515821456909,
    "reward_max": 100.93700408935547,
    "done_rate": 0.007166666444391012
  },
  "num_transitions": 6000,
  "q_model_paths": {
    "ppo_frac_0": "results/cancer_pipeline/q_models/ppo_frac_0.pt",
    "ppo_frac_20000": "results/cancer_pipeline/q_models/ppo_frac_20000.pt",
    "ppo_frac_40000": "results/cancer_pipeline/q_models/ppo_frac_40000.pt",
    "ppo_frac_60000": "results/cancer_pipeline/q_models/ppo_frac_60000.pt",
    "ppo_frac_80000": "results/cancer_pipeline/q_models/ppo_frac_80000.pt",
    "ppo_frac_100000": "results/cancer_pipeline/q_models/ppo_frac_100000.pt"
  },
  "dynamics_paths": {
    "supervised": "results/cancer_pipeline/dynamics/dynamics_supervised.pt",
    "ranking_new": {
      "kendall": "results/cancer_pipeline/dynamics/dynamics_ranking_new_kendall.pt",
      "hinge": "results/cancer_pipeline/dynamics/dynamics_ranking_new_hinge.pt",
      "listnet": "results/cancer_pipeline/dynamics/dynamics_ranking_new_listnet.pt"
    }
  },
  "results": [
    {
      "name": "ppo_frac_0",
      "checkpoint": "results/cancer_pipeline/policies/ppo_frac_0",
      "timesteps": 0,
      "q_estimate": 46.44485855102539,
      "dynamics": {
        "supervised": -67.72100830078125,
        "supervised_mse": 0.3393457233905792,
        "supervised_train_mse": 0.23181283473968506,
        "ranking_new": {
          "kendall": -36.67573547363281,
          "hinge": -34.23331832885742,
          "listnet": -26.00714683532715
        },
        "ranking_new_mse": {
          "kendall": 0.4455897808074951,
          "hinge": 0.4311145842075348,
          "listnet": 0.44471603631973267
        },
        "ranking_new_train_mse": {
          "kendall": 0.2962717115879059,
          "hinge": 0.28514084219932556,
          "listnet": 0.2999793589115143
        }
      },
      "env_mc": -22.340924067018296
    },
    {
      "name": "ppo_frac_20000",
      "checkpoint": "results/cancer_pipeline/policies/ppo_frac_20000",
      "timesteps": 20000,
      "q_estimate": 36.02581024169922,
      "dynamics": {
        "supervised": -59.85317611694336,
        "supervised_mse": 0.3393457233905792,
        "supervised_train_mse": 0.23181283473968506,
        "ranking_new": {
          "kendall": -35.421566009521484,
          "hinge": -31.90288734436035,
          "listnet": -24.82113265991211
        },
        "ranking_new_mse": {
          "kendall": 0.4455897808074951,
          "hinge": 0.4311145842075348,
          "listnet": 0.44471603631973267
        },
        "ranking_new_train_mse": {
          "kendall": 0.2962717115879059,
          "hinge": 0.28514084219932556,
          "listnet": 0.2999793589115143
        }
      },
      "env_mc": -19.77789478526445
    },
    {
      "name": "ppo_frac_40000",
      "checkpoint": "results/cancer_pipeline/policies/ppo_frac_40000",
      "timesteps": 40000,
      "q_estimate": 42.01811981201172,
      "dynamics": {
        "supervised": -54.67067337036133,
        "supervised_mse": 0.3393457233905792,
        "supervised_train_mse": 0.23181283473968506,
        "ranking_new": {
          "kendall": -34.20198440551758,
          "hinge": -28.8620548248291,
          "listnet": -23.362592697143555
        },
        "ranking_new_mse": {
          "kendall": 0.4455897808074951,
          "hinge": 0.4311145842075348,
          "listnet": 0.44471603631973267
        },
        "ranking_new_train_mse": {
          "kendall": 0.2962717115879059,
          "hinge": 0.28514084219932556,
          "listnet": 0.2999793589115143
        }
      },
      "env_mc": -15.796888012046782
    },
    {
      "name": "ppo_frac_60000",
      "checkpoint": "results/cancer_pipeline/policies/ppo_frac_60000",
      "timesteps": 60000,
      "q_estimate": 49.51468276977539,
      "dynamics": {
        "supervised": -51.37220001220703,
        "supervised_mse": 0.3393457233905792,
        "supervised_train_mse": 0.23181283473968506,
        "ranking_new": {
          "kendall": -32.7534065246582,
          "hinge": -26.154138565063477,
          "listnet": -21.728790283203125
        },
        "ranking_new_mse": {
          "kendall": 0.4455897808074951,
          "hinge": 0.4311145842075348,
          "listnet": 0.44471603631973267
        },
        "ranking_new_train_mse": {
          "kendall": 0.2962717115879059,
          "hinge": 0.28514084219932556,
          "listnet": 0.2999793589115143
        }
      },
      "env_mc": 23.571014660736274
    },
    {
      "name": "ppo_frac_80000",
      "checkpoint": "results/cancer_pipeline/policies/ppo_frac_80000",
      "timesteps": 80000,
      "q_estimate": 50.694618225097656,
      "dynamics": {
        "supervised": -50.024715423583984,
        "supervised_mse": 0.3393457233905792,
        "supervised_train_mse": 0.23181283473968506,
        "ranking_new": {
          "kendall": -31.915449142456055,
          "hinge": -21.201757431030273,
          "listnet": -19.58649253845215
        },
        "ranking_new_mse": {
          "kendall": 0.4455897808074951,
          "hinge": 0.4311145842075348,
          "listnet": 0.44471603631973267
        },
        "ranking_new_train_mse": {
          "kendall": 0.2962717115879059,
          "hinge": 0.28514084219932556,
          "listnet": 0.2999793589115143
        }
      },
      "env_mc": 31.43856091680695
    },
    {
      "name": "ppo_frac_100000",
      "checkpoint": "results/cancer_pipeline/policies/ppo_frac_100000",
      "timesteps": 100000,
      "q_estimate": 57.22935104370117,
      "dynamics": {
        "supervised": -45.337581634521484,
        "supervised_mse": 0.3393457233905792,
        "supervised_train_mse": 0.23181283473968506,
        "ranking_new": {
          "kendall": -30.220417022705078,
          "hinge": -16.054122924804688,
          "listnet": -18.267833709716797
        },
        "ranking_new_mse": {
          "kendall": 0.4455897808074951,
          "hinge": 0.4311145842075348,
          "listnet": 0.44471603631973267
        },
        "ranking_new_train_mse": {
          "kendall": 0.2962717115879059,