{"q_train/ppo_frac_0":10.980944128359779,"eval/dynamics_ranking_new_kendall":160.45469665527344,"timing/dynamics_training_sec":1842.938439346006,"_runtime":3833.155171584,"q_train/ppo_frac_800000_step":{"max":500},"eval/q_estimate":171.04888916015625,"env/relevant_dims":3,"env/num_distractors":10,"dynamics/supervised":-3.804817600070306,"q_train/ppo_frac_800000":2.4613189454806053,"num_transitions":30000,"q_train/ppo_frac_400000_step":{"max":500},"dynamics/ranking_new/hinge_step":{"max":281},"_step":2000000,"dynamics/ranking_new/kendall_val":-3.203419864177704,"dynamics/ranking_new/listnet_val":-3.1364292621612546,"q_models/count":6,"eval/dynamics_ranking_new_hinge":77.34638214111328,"dynamics/ranking_new/listnet":-3.362810881070371,"_wandb":{"runtime":3833},"q_models/trained":1,"policies/count":6,"dynamics/ranking_new/kendall":-3.3933795549959505,"dynamics/supervised_step":{"max":667},"dynamics/ranking_new/kendall_step":{"max":595},"dynamics/supervised_val":-3.769897937774658,"eval/dynamics_ranking_new_listnet":160.61656188964844,"policies/trained":1,"q_train/ppo_frac_1200000_step":{"max":500},"timing/q_training_sec":1355.604435115005,"eval/policy_name":"ppo_frac_2000000","eval/true_return":387.6026306152344,"dynamics/ranking_new/hinge_val":-2.346428430080414,"q_train/ppo_frac_1200000":2.2237338150961925,"q_train/ppo_frac_1600000":2.4444173736087347,"q_train/ppo_frac_1600000_step":{"max":500},"q_train/ppo_frac_2000000":2.594805167893232,"_timestamp":1.7655584073177545e+09,"dynamics/ranking_new/listnet_step":{"max":559},"q_train/ppo_frac_2000000_step":{"max":500},"eval/env_mc":161.35873413085938,"env/state_dim":13,"q_train/ppo_frac_0_step":{"max":500},"results":[{"q_estimate":87.8759994506836,"dynamics":{"supervised":7.338877201080322,"ranking_new":{"kendall":28.33985710144043,"hinge":-0.2980223000049591,"listnet":17.883996963500977}},"env_mc":16.12994384765625,"name":"ppo_frac_0","checkpoint":"results/anisotropic_pipeline/policies/ppo_frac_0","timesteps":0,"true_return":-1.260985016822815},{"env_mc":158.24876403808594,"name":"ppo_frac_400000","checkpoint":"results/anisotropic_pipeline/policies/ppo_frac_400000","timesteps":400000,"true_return":382.2477722167969,"q_estimate":167.32772827148438,"dynamics":{"supervised":158.74391174316406,"ranking_new":{"kendall":157.06661987304688,"hinge":55.327762603759766,"listnet":158.68063354492188}}},{"true_return":387.2713928222656,"q_estimate":170.36949157714844,"dynamics":{"supervised":160.40640258789062,"ranking_new":{"kendall":160.12948608398438,"hinge":75.77786254882812,"listnet":160.97613525390625}},"env_mc":161.14312744140625,"name":"ppo_frac_800000","checkpoint":"results/anisotropic_pipeline/policies/ppo_frac_800000","timesteps":800000},{"true_return":387.48419189453125,"q_estimate":169.7226104736328,"dynamics":{"supervised":160.71734619140625,"ranking_new":{"kendall":159.90194702148438,"hinge":68.26204681396484,"listnet":160.4944610595703}},"env_mc":161.27499389648438,"name":"ppo_frac_1200000","checkpoint":"results/anisotropic_pipeline/policies/ppo_frac_1200000","timesteps":1200000},{"checkpoint":"results/anisotropic_pipeline/policies/ppo_frac_1600000","timesteps":1600000,"true_return":387.5783996582031,"q_estimate":169.95278930664062,"dynamics":{"supervised":160.7826385498047,"ranking_new":{"kendall":160.5416717529297,"hinge":70.36040496826172,"listnet":160.50628662109375}},"env_mc":161.33103942871094,"name":"ppo_frac_1600000"},{"name":"ppo_frac_2000000","checkpoint":"results/anisotropic_pipeline/policies/ppo_frac_2000000","timesteps":2000000,"true_return":387.6026306152344,"q_estimate":171.04888916015625,"dynamics":{"supervised":160.4959259033203,"ranking_new":{"kendall":160.45469665527344,"hinge":77.34638214111328,"listnet":160.61656188964844}},"env_mc":161.35873413085938}],"dataset/initial_states":156,"timing/ppo_training_sec":462.04273099201964,"eval/dynamics_supervised":160.4959259033203,"q_train/ppo_frac_400000":2.084937325978683,"dynamics/ranking_new/hinge":-3.2645641239184253,"dynamics/trained":1,"dataset/transitions":30000}