{
  "config": {
    "max_t": 200,
    "setting": 5,
    "total_steps": 10000,
    "ppo_fractions": [
      0.2,
      0.4,
      0.6,
      0.8,
      1.0
    ],
    "n_envs": 8,
    "n_steps": 2048,
    "batch_size": 512,
    "learning_rate": 0.0003,
    "gamma": 0.99,
    "gae_lambda": 0.95,
    "clip_range": 0.2,
    "ent_coef": 0.01,
    "vf_coef": 0.5,
    "seed": 1,
    "rollout_steps": 10000,
    "q_epochs": 500,
    "q_batch": 512,
    "q_lr": 0.0003,
    "q_samples": 32,
    "dyn_epochs": 2000,
    "dyn_batch": 512,
    "dyn_lr": 0.0003,
    "dyn_hidden_dim": 128,
    "dyn_val_fraction": 0.1,
    "dyn_early_stop_patience": 100,
    "dyn_min_epochs": 0,
    "dynamics_loss": "nll",
    "lambda_rank": 0.1,
    "backbone": "gru",
    "dyn_seq_len": 8,
    "dyn_seq_overlap": 0,
    "eval_rollouts": 10,
    "eval_horizon": 200,
    "output_dir": "results/cancer_pipeline",
    "device": "auto",
    "force_policy_training": false,
    "force_dataset_collection": false,
    "force_q_training": false,
    "force_dynamics_training": true,
    "results_only": false,
    "wandb_project": "DT2-cancer",
    "wandb_entity": null,
    "wandb_run_name": null,
    "wandb_mode": "online"
  },
  "dataset_stats": {
    "num_transitions": 6000,
    "num_initial_states": 49,
    "state_dim": 7,
    "action_dim": 2,
    "state_mean": [
      6.669699192047119,
      12.392626762390137,
      6.792642116546631,
      24.0268611907959,
      11.116888046264648,
      8.897756576538086,
      11.13903522491455
    ],
    "state_std": [
      6.945222854614258,
      5.212599277496338,
      5.334871768951416,
      0.7958517074584961,
      5.77739953994751,
      1.5086309909820557,
      4.892608165740967
    ],
    "action_mean": [
      0.42030903697013855,
      0.47704896330833435
    ],
    "action_std": [
      0.6196646690368652,
      0.6464419364929199
    ],
    "reward_mean": 0.5108208656311035,
    "reward_std": 6.089563369750977,
    "reward_min": -0.2972515821456909,
    "reward_max": 100.93700408935547,
    "done_rate": 0.007166666444391012
  },
  "num_transitions": 6000,
  "q_model_paths": {
    "ppo_frac_0": "results/cancer_pipeline/q_models/ppo_frac_0.pt",
    "ppo_frac_20000": "results/cancer_pipeline/q_models/ppo_frac_20000.pt",
    "ppo_frac_40000": "results/cancer_pipeline/q_models/ppo_frac_40000.pt",
    "ppo_frac_60000": "results/cancer_pipeline/q_models/ppo_frac_60000.pt",
    "ppo_frac_80000": "results/cancer_pipeline/q_models/ppo_frac_80000.pt",
    "ppo_frac_100000": "results/cancer_pipeline/q_models/ppo_frac_100000.pt"
  },
  "dynamics_paths": {
    "supervised": "results/cancer_pipeline/gru/dynamics/dynamics_supervised.pt",
    "ranking_new": {
      "kendall": "results/cancer_pipeline/gru/dynamics/dynamics_ranking_new_kendall.pt",
      "hinge": "results/cancer_pipeline/gru/dynamics/dynamics_ranking_new_hinge.pt",
      "listnet": "results/cancer_pipeline/gru/dynamics/dynamics_ranking_new_listnet.pt"
    }
  },
  "results": [
    {
      "name": "ppo_frac_0",
      "checkpoint": "results/cancer_pipeline/policies/ppo_frac_0",
      "timesteps": 0,
      "q_estimate": 46.42780303955078,
      "dynamics": {
        "supervised": 37.29240036010742,
        "supervised_mse": 0.3118310570716858,
        "supervised_train_mse": 0.280010849237442,
        "ranking_new": {
          "kendall": 10.483232498168945,
          "hinge": 38.006446838378906,
          "listnet": 27.666547775268555
        },
        "ranking_new_mse": {
          "kendall": 0.30633556842803955,
          "hinge": 0.30834490060806274,
          "listnet": 0.31109926104545593
        },
        "ranking_new_train_mse": {
          "kendall": 0.27700075507164,
          "hinge": 0.28090736269950867,
          "listnet": 0.2808187007904053
        }
      },
      "env_mc": -23.631411483400264
    },
    {
      "name": "ppo_frac_20000",
      "checkpoint": "results/cancer_pipeline/policies/ppo_frac_20000",
      "timesteps": 20000,
      "q_estimate": 36.07601547241211,
      "dynamics": {
        "supervised": 40.72102737426758,
        "supervised_mse": 0.3118310570716858,
        "supervised_train_mse": 0.280010849237442,
        "ranking_new": {
          "kendall": 11.432536125183105,
          "hinge": 38.93905258178711,
          "listnet": 28.418664932250977
        },
        "ranking_new_mse": {
          "kendall": 0.30633556842803955,
          "hinge": 0.30834490060806274,
          "listnet": 0.31109926104545593
        },
        "ranking_new_train_mse": {
          "kendall": 0.27700075507164,
          "hinge": 0.28090736269950867,
          "listnet": 0.2808187007904053
        }
      },
      "env_mc": -21.068110035611905
    },
    {
      "name": "ppo_frac_40000",
      "checkpoint": "results/cancer_pipeline/policies/ppo_frac_40000",
      "timesteps": 40000,
      "q_estimate": 41.99168395996094,
      "dynamics": {
        "supervised": 41.08842849731445,
        "supervised_mse": 0.3118310570716858,
        "supervised_train_mse": 0.280010849237442,
        "ranking_new": {
          "kendall": 12.087592124938965,
          "hinge": 40.208770751953125,
          "listnet": 28.640823364257812
        },
        "ranking_new_mse": {
          "kendall": 0.30633556842803955,
          "hinge": 0.30834490060806274,
          "listnet": 0.31109926104545593
        },
        "ranking_new_train_mse": {
          "kendall": 0.27700075507164,
          "hinge": 0.28090736269950867,
          "listnet": 0.2808187007904053
        }
      },
      "env_mc": -17.06214893473964
    },
    {
      "name": "ppo_frac_60000",
      "checkpoint": "results/cancer_pipeline/policies/ppo_frac_60000",
      "timesteps": 60000,
      "q_estimate": 49.4534912109375,
      "dynamics": {
        "supervised": 42.88652420043945,
        "supervised_mse": 0.3118310570716858,
        "supervised_train_mse": 0.280010849237442,
        "ranking_new": {
          "kendall": 12.813379287719727,
          "hinge": 41.441017150878906,
          "listnet": 28.8967342376709
        },
        "ranking_new_mse": {
          "kendall": 0.30633556842803955,
          "hinge": 0.30834490060806274,
          "listnet": 0.31109926104545593
        },
        "ranking_new_train_mse": {
          "kendall": 0.27700075507164,
          "hinge": 0.28090736269950867,
          "listnet": 0.2808187007904053
        }
      },
      "env_mc": 14.912423491674224
    },
    {
      "name": "ppo_frac_80000",
      "checkpoint": "results/cancer_pipeline/policies/ppo_frac_80000",
      "timesteps": 80000,
      "q_estimate": 50.6464729309082,
      "dynamics": {
        "supervised": 49.61223602294922,
        "supervised_mse": 0.3118310570716858,
        "supervised_train_mse": 0.280010849237442,
        "ranking_new": {
          "kendall": 13.864214897155762,
          "hinge": 42.77439498901367,
          "listnet": 29.612415313720703
        },
        "ranking_new_mse": {
          "kendall": 0.30633556842803955,
          "hinge": 0.30834490060806274,
          "listnet": 0.31109926104545593
        },
        "ranking_new_train_mse": {
          "kendall": 0.27700075507164,
          "hinge": 0.28090736269950867,
          "listnet": 0.2808187007904053
        }
      },
      "env_mc": 25.369632335237046
    },
    {
      "name": "ppo_frac_100000",
      "checkpoint": "results/cancer_pipeline/policies/ppo_frac_100000",
      "timesteps": 100000,
      "q_estimate": 57.15385818481445,
      "dynamics": {
        "supervised": 56.27947998046875,
        "supervised_mse": 0.3118310570716858,
        "supervised_train_mse": 0.280010849237442,
        "ranking_new": {
          "kendall": 14.595338821411133,
          "hinge": 45.211299896240234,
          "listnet": 30.024356842041016
        },
        "ranking_new_mse": {
          "kendall": 0.30633556842803955,
          "hinge": 0.30834490060806274,
          "listnet": 0.31109926104545593
        },