{
  "config": {
    "max_t": 200,
    "setting": 5,
    "total_steps": 10000,
    "ppo_fractions": [
      0.2,
      0.4,
      0.6,
      0.8,
      1.0
    ],
    "n_envs": 8,
    "n_steps": 2048,
    "batch_size": 512,
    "learning_rate": 0.0003,
    "gamma": 0.99,
    "gae_lambda": 0.95,
    "clip_range": 0.2,
    "ent_coef": 0.01,
    "vf_coef": 0.5,
    "seed": 5,
    "rollout_steps": 10000,
    "q_epochs": 500,
    "q_batch": 512,
    "q_lr": 0.0003,
    "q_samples": 32,
    "dyn_epochs": 2000,
    "dyn_batch": 512,
    "dyn_lr": 0.0003,
    "dyn_hidden_dim": 128,
    "dyn_val_fraction": 0.1,
    "dyn_early_stop_patience": 20,
    "dyn_min_epochs": 0,
    "dynamics_loss": "nll",
    "lambda_rank": 0.1,
    "backbone": "gru",
    "dyn_seq_len": 8,
    "dyn_seq_overlap": 0,
    "eval_rollouts": 10,
    "eval_horizon": 200,
    "output_dir": "results/cancer_pipeline",
    "device": "auto",
    "force_policy_training": false,
    "force_dataset_collection": false,
    "force_q_training": false,
    "force_dynamics_training": true,
    "results_only": false,
    "wandb_project": "DT2-cancer",
    "wandb_entity": null,
    "wandb_run_name": null,
    "wandb_mode": "online"
  },
  "dataset_stats": {
    "num_transitions": 6000,
    "num_initial_states": 49,
    "state_dim": 7,
    "action_dim": 2,
    "state_mean": [
      6.669699192047119,
      12.392626762390137,
      6.792642116546631,
      24.0268611907959,
      11.116888046264648,
      8.897756576538086,
      11.13903522491455
    ],
    "state_std": [
      6.945222854614258,
      5.212599277496338,
      5.334871768951416,
      0.7958517074584961,
      5.77739953994751,
      1.5086309909820557,
      4.892608165740967
    ],
    "action_mean": [
      0.42030903697013855,
      0.47704896330833435
    ],
    "action_std": [
      0.6196646690368652,
      0.6464419364929199
    ],
    "reward_mean": 0.5108208656311035,
    "reward_std": 6.089563369750977,
    "reward_min": -0.2972515821456909,
    "reward_max": 100.93700408935547,
    "done_rate": 0.007166666444391012
  },
  "num_transitions": 6000,
  "q_model_paths": {
    "ppo_frac_0": "results/cancer_pipeline/q_models/ppo_frac_0.pt",
    "ppo_frac_20000": "results/cancer_pipeline/q_models/ppo_frac_20000.pt",
    "ppo_frac_40000": "results/cancer_pipeline/q_models/ppo_frac_40000.pt",
    "ppo_frac_60000": "results/cancer_pipeline/q_models/ppo_frac_60000.pt",
    "ppo_frac_80000": "results/cancer_pipeline/q_models/ppo_frac_80000.pt",
    "ppo_frac_100000": "results/cancer_pipeline/q_models/ppo_frac_100000.pt"
  },
  "dynamics_paths": {
    "supervised": "results/cancer_pipeline/gru/dynamics/dynamics_supervised.pt",
    "ranking_new": {
      "kendall": "results/cancer_pipeline/gru/dynamics/dynamics_ranking_new_kendall.pt",
      "hinge": "results/cancer_pipeline/gru/dynamics/dynamics_ranking_new_hinge.pt",
      "listnet": "results/cancer_pipeline/gru/dynamics/dynamics_ranking_new_listnet.pt"
    }
  },
  "results": [
    {
      "name": "ppo_frac_0",
      "checkpoint": "results/cancer_pipeline/policies/ppo_frac_0",
      "timesteps": 0,
      "q_estimate": 46.48189163208008,
      "dynamics": {
        "supervised": 19.907550811767578,
        "supervised_mse": 0.28105834126472473,
        "supervised_train_mse": 0.4265572726726532,
        "ranking_new": {
          "kendall": 38.97315979003906,
          "hinge": 59.13995361328125,
          "listnet": 16.631324768066406
        },
        "ranking_new_mse": {
          "kendall": 0.2778221666812897,
          "hinge": 0.2755850553512573,
          "listnet": 0.28351110219955444
        },
        "ranking_new_train_mse": {
          "kendall": 0.4229849576950073,
          "hinge": 0.41744092106819153,
          "listnet": 0.4288184940814972
        }
      },
      "env_mc": -23.567974648200636
    },
    {
      "name": "ppo_frac_20000",
      "checkpoint": "results/cancer_pipeline/policies/ppo_frac_20000",
      "timesteps": 20000,
      "q_estimate": 36.121742248535156,
      "dynamics": {
        "supervised": 21.182737350463867,
        "supervised_mse": 0.28105834126472473,
        "supervised_train_mse": 0.4265572726726532,
        "ranking_new": {
          "kendall": 35.86949920654297,
          "hinge": 60.228271484375,
          "listnet": 17.836820602416992
        },
        "ranking_new_mse": {
          "kendall": 0.2778221666812897,
          "hinge": 0.2755850553512573,
          "listnet": 0.28351110219955444
        },
        "ranking_new_train_mse": {
          "kendall": 0.4229849576950073,
          "hinge": 0.41744092106819153,
          "listnet": 0.4288184940814972
        }
      },
      "env_mc": -21.00933205785186
    },
    {
      "name": "ppo_frac_40000",
      "checkpoint": "results/cancer_pipeline/policies/ppo_frac_40000",
      "timesteps": 40000,
      "q_estimate": 41.97874450683594,
      "dynamics": {
        "supervised": 21.771276473999023,
        "supervised_mse": 0.28105834126472473,
        "supervised_train_mse": 0.4265572726726532,
        "ranking_new": {
          "kendall": 36.069091796875,
          "hinge": 61.33832550048828,
          "listnet": 18.43495750427246
        },
        "ranking_new_mse": {
          "kendall": 0.2778221666812897,
          "hinge": 0.2755850553512573,
          "listnet": 0.28351110219955444
        },
        "ranking_new_train_mse": {
          "kendall": 0.4229849576950073,
          "hinge": 0.41744092106819153,
          "listnet": 0.4288184940814972
        }
      },
      "env_mc": -17.012751179602862
    },
    {
      "name": "ppo_frac_60000",
      "checkpoint": "results/cancer_pipeline/policies/ppo_frac_60000",
      "timesteps": 60000,
      "q_estimate": 49.45566177368164,
      "dynamics": {
        "supervised": 22.485403060913086,
        "supervised_mse": 0.28105834126472473,
        "supervised_train_mse": 0.4265572726726532,
        "ranking_new": {
          "kendall": 36.256473541259766,
          "hinge": 62.45504379272461,
          "listnet": 19.179298400878906
        },
        "ranking_new_mse": {
          "kendall": 0.2778221666812897,
          "hinge": 0.2755850553512573,
          "listnet": 0.28351110219955444
        },
        "ranking_new_train_mse": {
          "kendall": 0.4229849576950073,
          "hinge": 0.41744092106819153,
          "listnet": 0.4288184940814972
        }
      },
      "env_mc": 28.319568133622806
    },
    {
      "name": "ppo_frac_80000",
      "checkpoint": "results/cancer_pipeline/policies/ppo_frac_80000",
      "timesteps": 80000,
      "q_estimate": 50.62285614013672,
      "dynamics": {
        "supervised": 23.910966873168945,
        "supervised_mse": 0.28105834126472473,
        "supervised_train_mse": 0.4265572726726532,
        "ranking_new": {
          "kendall": 32.30205154418945,
          "hinge": 63.772682189941406,
          "listnet": 20.50315284729004
        },
        "ranking_new_mse": {
          "kendall": 0.2778221666812897,
          "hinge": 0.2755850553512573,
          "listnet": 0.28351110219955444
        },
        "ranking_new_train_mse": {
          "kendall": 0.4229849576950073,
          "hinge": 0.41744092106819153,
          "listnet": 0.4288184940814972
        }
      },
      "env_mc": 38.49243140285884
    },
    {
      "name": "ppo_frac_100000",
      "checkpoint": "results/cancer_pipeline/policies/ppo_frac_100000",
      "timesteps": 100000,
      "q_estimate": 57.12838363647461,
      "dynamics": {
        "supervised": 25.164274215698242,
        "supervised_mse": 0.28105834126472473,
        "supervised_train_mse": 0.4265572726726532,
        "ranking_new": {
          "kendall": 17.7906551361084,
          "hinge": 65.8050537109375,
          "listnet": 21.69928550720215
        },
        "ranking_new_mse": {
          "kendall": 0.2778221666812897,
          "hinge": 0.2755850553512573,
          "listnet": 0.28351110219955444
        },