{
  "config": {
    "max_t": 200,
    "setting": 5,
    "total_steps": 10000,
    "ppo_fractions": [
      0.2,
      0.4,
      0.6,
      0.8,
      1.0
    ],
    "n_envs": 8,
    "n_steps": 2048,
    "batch_size": 512,
    "learning_rate": 0.0003,
    "gamma": 0.99,
    "gae_lambda": 0.95,
    "clip_range": 0.2,
    "ent_coef": 0.01,
    "vf_coef": 0.5,
    "seed": 3,
    "rollout_steps": 10000,
    "q_epochs": 500,
    "q_batch": 512,
    "q_lr": 0.0003,
    "q_samples": 32,
    "dyn_epochs": 2000,
    "dyn_batch": 512,
    "dyn_lr": 0.0003,
    "dyn_hidden_dim": 128,
    "dyn_val_fraction": 0.1,
    "dyn_early_stop_patience": 100,
    "dyn_min_epochs": 0,
    "dynamics_loss": "nll",
    "lambda_rank": 0.1,
    "backbone": "gru",
    "dyn_seq_len": 8,
    "dyn_seq_overlap": 0,
    "eval_rollouts": 10,
    "eval_horizon": 200,
    "output_dir": "results/cancer_pipeline",
    "device": "auto",
    "force_policy_training": false,
    "force_dataset_collection": false,
    "force_q_training": false,
    "force_dynamics_training": true,
    "results_only": false,
    "wandb_project": "DT2-cancer",
    "wandb_entity": null,
    "wandb_run_name": null,
    "wandb_mode": "online"
  },
  "dataset_stats": {
    "num_transitions": 6000,
    "num_initial_states": 49,
    "state_dim": 7,
    "action_dim": 2,
    "state_mean": [
      6.669699192047119,
      12.392626762390137,
      6.792642116546631,
      24.0268611907959,
      11.116888046264648,
      8.897756576538086,
      11.13903522491455
    ],
    "state_std": [
      6.945222854614258,
      5.212599277496338,
      5.334871768951416,
      0.7958517074584961,
      5.77739953994751,
      1.5086309909820557,
      4.892608165740967
    ],
    "action_mean": [
      0.42030903697013855,
      0.47704896330833435
    ],
    "action_std": [
      0.6196646690368652,
      0.6464419364929199
    ],
    "reward_mean": 0.5108208656311035,
    "reward_std": 6.089563369750977,
    "reward_min": -0.2972515821456909,
    "reward_max": 100.93700408935547,
    "done_rate": 0.007166666444391012
  },
  "num_transitions": 6000,
  "q_model_paths": {
    "ppo_frac_0": "results/cancer_pipeline/q_models/ppo_frac_0.pt",
    "ppo_frac_20000": "results/cancer_pipeline/q_models/ppo_frac_20000.pt",
    "ppo_frac_40000": "results/cancer_pipeline/q_models/ppo_frac_40000.pt",
    "ppo_frac_60000": "results/cancer_pipeline/q_models/ppo_frac_60000.pt",
    "ppo_frac_80000": "results/cancer_pipeline/q_models/ppo_frac_80000.pt",
    "ppo_frac_100000": "results/cancer_pipeline/q_models/ppo_frac_100000.pt"
  },
  "dynamics_paths": {
    "supervised": "results/cancer_pipeline/gru/dynamics/dynamics_supervised.pt",
    "ranking_new": {
      "kendall": "results/cancer_pipeline/gru/dynamics/dynamics_ranking_new_kendall.pt",
      "hinge": "results/cancer_pipeline/gru/dynamics/dynamics_ranking_new_hinge.pt",
      "listnet": "results/cancer_pipeline/gru/dynamics/dynamics_ranking_new_listnet.pt"
    }
  },
  "results": [
    {
      "name": "ppo_frac_0",
      "checkpoint": "results/cancer_pipeline/policies/ppo_frac_0",
      "timesteps": 0,
      "q_estimate": 46.427391052246094,
      "dynamics": {
        "supervised": 24.968740463256836,
        "supervised_mse": 0.25757497549057007,
        "supervised_train_mse": 0.4268292784690857,
        "ranking_new": {
          "kendall": 14.865462303161621,
          "hinge": 44.11769485473633,
          "listnet": 38.927974700927734
        },
        "ranking_new_mse": {
          "kendall": 0.2577449381351471,
          "hinge": 0.2527867555618286,
          "listnet": 0.2590477764606476
        },
        "ranking_new_train_mse": {
          "kendall": 0.4316982328891754,
          "hinge": 0.4180270731449127,
          "listnet": 0.43159106373786926
        }
      },
      "env_mc": -23.542304765821047
    },
    {
      "name": "ppo_frac_20000",
      "checkpoint": "results/cancer_pipeline/policies/ppo_frac_20000",
      "timesteps": 20000,
      "q_estimate": 36.0582275390625,
      "dynamics": {
        "supervised": 25.72723388671875,
        "supervised_mse": 0.25757497549057007,
        "supervised_train_mse": 0.4268292784690857,
        "ranking_new": {
          "kendall": 15.932937622070312,
          "hinge": 46.500484466552734,
          "listnet": 36.29463577270508
        },
        "ranking_new_mse": {
          "kendall": 0.2577449381351471,
          "hinge": 0.2527867555618286,
          "listnet": 0.2590477764606476
        },
        "ranking_new_train_mse": {
          "kendall": 0.4316982328891754,
          "hinge": 0.4180270731449127,
          "listnet": 0.43159106373786926
        }
      },
      "env_mc": -20.990056694766697
    },
    {
      "name": "ppo_frac_40000",
      "checkpoint": "results/cancer_pipeline/policies/ppo_frac_40000",
      "timesteps": 40000,
      "q_estimate": 42.047176361083984,
      "dynamics": {
        "supervised": 26.22456932067871,
        "supervised_mse": 0.25757497549057007,
        "supervised_train_mse": 0.4268292784690857,
        "ranking_new": {
          "kendall": 16.67692756652832,
          "hinge": 48.954490661621094,
          "listnet": 36.52792739868164
        },
        "ranking_new_mse": {
          "kendall": 0.2577449381351471,
          "hinge": 0.2527867555618286,
          "listnet": 0.2590477764606476
        },
        "ranking_new_train_mse": {
          "kendall": 0.4316982328891754,
          "hinge": 0.4180270731449127,
          "listnet": 0.43159106373786926
        }
      },
      "env_mc": -17.000471199935113
    },
    {
      "name": "ppo_frac_60000",
      "checkpoint": "results/cancer_pipeline/policies/ppo_frac_60000",
      "timesteps": 60000,
      "q_estimate": 49.468528747558594,
      "dynamics": {
        "supervised": 26.766820907592773,
        "supervised_mse": 0.25757497549057007,
        "supervised_train_mse": 0.4268292784690857,
        "ranking_new": {
          "kendall": 17.46725082397461,
          "hinge": 51.402217864990234,
          "listnet": 36.81572341918945
        },
        "ranking_new_mse": {
          "kendall": 0.2577449381351471,
          "hinge": 0.2527867555618286,
          "listnet": 0.2590477764606476
        },
        "ranking_new_train_mse": {
          "kendall": 0.4316982328891754,
          "hinge": 0.4180270731449127,
          "listnet": 0.43159106373786926
        }
      },
      "env_mc": 23.402181675317525
    },
    {
      "name": "ppo_frac_80000",
      "checkpoint": "results/cancer_pipeline/policies/ppo_frac_80000",
      "timesteps": 80000,
      "q_estimate": 50.65601348876953,
      "dynamics": {
        "supervised": 27.63336753845215,
        "supervised_mse": 0.25757497549057007,
        "supervised_train_mse": 0.4268292784690857,
        "ranking_new": {
          "kendall": 18.77480125427246,
          "hinge": 54.04179000854492,
          "listnet": 36.5751838684082
        },
        "ranking_new_mse": {
          "kendall": 0.2577449381351471,
          "hinge": 0.2527867555618286,
          "listnet": 0.2590477764606476
        },
        "ranking_new_train_mse": {
          "kendall": 0.4316982328891754,
          "hinge": 0.4180270731449127,
          "listnet": 0.43159106373786926
        }
      },
      "env_mc": 34.338747297792494
    },
    {
      "name": "ppo_frac_100000",
      "checkpoint": "results/cancer_pipeline/policies/ppo_frac_100000",
      "timesteps": 100000,
      "q_estimate": 57.08985137939453,
      "dynamics": {
        "supervised": 28.272571563720703,
        "supervised_mse": 0.25757497549057007,
        "supervised_train_mse": 0.4268292784690857,
        "ranking_new": {
          "kendall": 19.92048454284668,
          "hinge": 57.10236740112305,
          "listnet": 34.220680236816406
        },
        "ranking_new_mse": {
          "kendall": 0.2577449381351471,
          "hinge": 0.2527867555618286,
          "listnet": 0.2590477764606476
        },