{
  "config": {
    "max_t": 200,
    "setting": 5,
    "total_steps": 10000,
    "ppo_fractions": [
      0.2,
      0.4,
      0.6,
      0.8,
      1.0
    ],
    "n_envs": 8,
    "n_steps": 2048,
    "batch_size": 512,
    "learning_rate": 0.0003,
    "gamma": 0.99,
    "gae_lambda": 0.95,
    "clip_range": 0.2,
    "ent_coef": 0.01,
    "vf_coef": 0.5,
    "seed": 0,
    "rollout_steps": 10000,
    "q_epochs": 500,
    "q_batch": 512,
    "q_lr": 0.0003,
    "q_samples": 32,
    "dyn_epochs": 2000,
    "dyn_batch": 512,
    "dyn_lr": 0.0003,
    "dyn_hidden_dim": 128,
    "dyn_val_fraction": 0.1,
    "dyn_early_stop_patience": 100,
    "dyn_min_epochs": 0,
    "dynamics_loss": "nll",
    "lambda_rank": 0.1,
    "backbone": "gru",
    "dyn_seq_len": 8,
    "dyn_seq_overlap": 0,
    "eval_rollouts": 10,
    "eval_horizon": 200,
    "output_dir": "results/cancer_pipeline",
    "device": "auto",
    "force_policy_training": false,
    "force_dataset_collection": false,
    "force_q_training": false,
    "force_dynamics_training": true,
    "results_only": false,
    "wandb_project": "DT2-cancer",
    "wandb_entity": null,
    "wandb_run_name": null,
    "wandb_mode": "online"
  },
  "dataset_stats": {
    "num_transitions": 6000,
    "num_initial_states": 49,
    "state_dim": 7,
    "action_dim": 2,
    "state_mean": [
      6.669699192047119,
      12.392626762390137,
      6.792642116546631,
      24.0268611907959,
      11.116888046264648,
      8.897756576538086,
      11.13903522491455
    ],
    "state_std": [
      6.945222854614258,
      5.212599277496338,
      5.334871768951416,
      0.7958517074584961,
      5.77739953994751,
      1.5086309909820557,
      4.892608165740967
    ],
    "action_mean": [
      0.42030903697013855,
      0.47704896330833435
    ],
    "action_std": [
      0.6196646690368652,
      0.6464419364929199
    ],
    "reward_mean": 0.5108208656311035,
    "reward_std": 6.089563369750977,
    "reward_min": -0.2972515821456909,
    "reward_max": 100.93700408935547,
    "done_rate": 0.007166666444391012
  },
  "num_transitions": 6000,
  "q_model_paths": {
    "ppo_frac_0": "results/cancer_pipeline/q_models/ppo_frac_0.pt",
    "ppo_frac_20000": "results/cancer_pipeline/q_models/ppo_frac_20000.pt",
    "ppo_frac_40000": "results/cancer_pipeline/q_models/ppo_frac_40000.pt",
    "ppo_frac_60000": "results/cancer_pipeline/q_models/ppo_frac_60000.pt",
    "ppo_frac_80000": "results/cancer_pipeline/q_models/ppo_frac_80000.pt",
    "ppo_frac_100000": "results/cancer_pipeline/q_models/ppo_frac_100000.pt"
  },
  "dynamics_paths": {
    "supervised": "results/cancer_pipeline/gru/dynamics/dynamics_supervised.pt",
    "ranking_new": {
      "kendall": "results/cancer_pipeline/gru/dynamics/dynamics_ranking_new_kendall.pt",
      "hinge": "results/cancer_pipeline/gru/dynamics/dynamics_ranking_new_hinge.pt",
      "listnet": "results/cancer_pipeline/gru/dynamics/dynamics_ranking_new_listnet.pt"
    }
  },
  "results": [
    {
      "name": "ppo_frac_0",
      "checkpoint": "results/cancer_pipeline/policies/ppo_frac_0",
      "timesteps": 0,
      "q_estimate": 46.5211296081543,
      "dynamics": {
        "supervised": 22.061887741088867,
        "supervised_mse": 0.2730848789215088,
        "supervised_train_mse": 0.34148457646369934,
        "ranking_new": {
          "kendall": 11.87945556640625,
          "hinge": 47.122798919677734,
          "listnet": 6.462776184082031
        },
        "ranking_new_mse": {
          "kendall": 0.269148051738739,
          "hinge": 0.2653847634792328,
          "listnet": 0.2720203697681427
        },
        "ranking_new_train_mse": {
          "kendall": 0.3371908366680145,
          "hinge": 0.3319817781448364,
          "listnet": 0.3391498327255249
        }
      },
      "env_mc": -23.88056608601572
    },
    {
      "name": "ppo_frac_20000",
      "checkpoint": "results/cancer_pipeline/policies/ppo_frac_20000",
      "timesteps": 20000,
      "q_estimate": 36.047637939453125,
      "dynamics": {
        "supervised": 22.527647018432617,
        "supervised_mse": 0.2730848789215088,
        "supervised_train_mse": 0.34148457646369934,
        "ranking_new": {
          "kendall": 11.793298721313477,
          "hinge": 48.66798782348633,
          "listnet": 7.496523380279541
        },
        "ranking_new_mse": {
          "kendall": 0.269148051738739,
          "hinge": 0.2653847634792328,
          "listnet": 0.2720203697681427
        },
        "ranking_new_train_mse": {
          "kendall": 0.3371908366680145,
          "hinge": 0.3319817781448364,
          "listnet": 0.3391498327255249
        }
      },
      "env_mc": -21.3336629111782
    },
    {
      "name": "ppo_frac_40000",
      "checkpoint": "results/cancer_pipeline/policies/ppo_frac_40000",
      "timesteps": 40000,
      "q_estimate": 41.9619140625,
      "dynamics": {
        "supervised": 22.894014358520508,
        "supervised_mse": 0.2730848789215088,
        "supervised_train_mse": 0.34148457646369934,
        "ranking_new": {
          "kendall": 12.453085899353027,
          "hinge": 50.709659576416016,
          "listnet": 8.233611106872559
        },
        "ranking_new_mse": {
          "kendall": 0.269148051738739,
          "hinge": 0.2653847634792328,
          "listnet": 0.2720203697681427
        },
        "ranking_new_train_mse": {
          "kendall": 0.3371908366680145,
          "hinge": 0.3319817781448364,
          "listnet": 0.3391498327255249
        }
      },
      "env_mc": -17.379427254883545
    },
    {
      "name": "ppo_frac_60000",
      "checkpoint": "results/cancer_pipeline/policies/ppo_frac_60000",
      "timesteps": 60000,
      "q_estimate": 49.43052673339844,
      "dynamics": {
        "supervised": 23.3388729095459,
        "supervised_mse": 0.2730848789215088,
        "supervised_train_mse": 0.34148457646369934,
        "ranking_new": {
          "kendall": 13.174351692199707,
          "hinge": 52.56502914428711,
          "listnet": 8.956393241882324
        },
        "ranking_new_mse": {
          "kendall": 0.269148051738739,
          "hinge": 0.2653847634792328,
          "listnet": 0.2720203697681427
        },
        "ranking_new_train_mse": {
          "kendall": 0.3371908366680145,
          "hinge": 0.3319817781448364,
          "listnet": 0.3391498327255249
        }
      },
      "env_mc": 19.93096770855311
    },
    {
      "name": "ppo_frac_80000",
      "checkpoint": "results/cancer_pipeline/policies/ppo_frac_80000",
      "timesteps": 80000,
      "q_estimate": 50.69556427001953,
      "dynamics": {
        "supervised": 24.0158748626709,
        "supervised_mse": 0.2730848789215088,
        "supervised_train_mse": 0.34148457646369934,
        "ranking_new": {
          "kendall": 14.24133014678955,
          "hinge": 54.542274475097656,
          "listnet": 10.063562393188477
        },
        "ranking_new_mse": {
          "kendall": 0.269148051738739,
          "hinge": 0.2653847634792328,
          "listnet": 0.2720203697681427
        },
        "ranking_new_train_mse": {
          "kendall": 0.3371908366680145,
          "hinge": 0.3319817781448364,
          "listnet": 0.3391498327255249
        }
      },
      "env_mc": 25.318668310970715
    },
    {
      "name": "ppo_frac_100000",
      "checkpoint": "results/cancer_pipeline/policies/ppo_frac_100000",
      "timesteps": 100000,
      "q_estimate": 57.333316802978516,
      "dynamics": {
        "supervised": 24.72354507446289,
        "supervised_mse": 0.2730848789215088,
        "supervised_train_mse": 0.34148457646369934,
        "ranking_new": {
          "kendall": 15.432031631469727,
          "hinge": 57.56431198120117,
          "listnet": 11.09728717803955
        },
        "ranking_new_mse": {
          "kendall": 0.269148051738739,
          "hinge": 0.2653847634792328,
          "listnet": 0.2720203697681427
        },