{
  "config": {
    "max_t": 200,
    "setting": 5,
    "total_steps": 10000,
    "ppo_fractions": [
      0.2,
      0.4,
      0.6,
      0.8,
      1.0
    ],
    "n_envs": 8,
    "n_steps": 2048,
    "batch_size": 512,
    "learning_rate": 0.0003,
    "gamma": 0.99,
    "gae_lambda": 0.95,
    "clip_range": 0.2,
    "ent_coef": 0.01,
    "vf_coef": 0.5,
    "seed": 6,
    "rollout_steps": 10000,
    "q_epochs": 500,
    "q_batch": 512,
    "q_lr": 0.0003,
    "q_samples": 32,
    "dyn_epochs": 2000,
    "dyn_batch": 512,
    "dyn_lr": 0.0003,
    "dyn_hidden_dim": 128,
    "dyn_val_fraction": 0.1,
    "dyn_early_stop_patience": 20,
    "dyn_min_epochs": 0,
    "dynamics_loss": "nll",
    "lambda_rank": 0.1,
    "backbone": "gru",
    "dyn_seq_len": 8,
    "dyn_seq_overlap": 0,
    "eval_rollouts": 10,
    "eval_horizon": 200,
    "output_dir": "results/cancer_pipeline",
    "device": "auto",
    "force_policy_training": false,
    "force_dataset_collection": false,
    "force_q_training": false,
    "force_dynamics_training": true,
    "results_only": false,
    "wandb_project": "DT2-cancer",
    "wandb_entity": null,
    "wandb_run_name": null,
    "wandb_mode": "online"
  },
  "dataset_stats": {
    "num_transitions": 6000,
    "num_initial_states": 49,
    "state_dim": 7,
    "action_dim": 2,
    "state_mean": [
      6.669699192047119,
      12.392626762390137,
      6.792642116546631,
      24.0268611907959,
      11.116888046264648,
      8.897756576538086,
      11.13903522491455
    ],
    "state_std": [
      6.945222854614258,
      5.212599277496338,
      5.334871768951416,
      0.7958517074584961,
      5.77739953994751,
      1.5086309909820557,
      4.892608165740967
    ],
    "action_mean": [
      0.42030903697013855,
      0.47704896330833435
    ],
    "action_std": [
      0.6196646690368652,
      0.6464419364929199
    ],
    "reward_mean": 0.5108208656311035,
    "reward_std": 6.089563369750977,
    "reward_min": -0.2972515821456909,
    "reward_max": 100.93700408935547,
    "done_rate": 0.007166666444391012
  },
  "num_transitions": 6000,
  "q_model_paths": {
    "ppo_frac_0": "results/cancer_pipeline/q_models/ppo_frac_0.pt",
    "ppo_frac_20000": "results/cancer_pipeline/q_models/ppo_frac_20000.pt",
    "ppo_frac_40000": "results/cancer_pipeline/q_models/ppo_frac_40000.pt",
    "ppo_frac_60000": "results/cancer_pipeline/q_models/ppo_frac_60000.pt",
    "ppo_frac_80000": "results/cancer_pipeline/q_models/ppo_frac_80000.pt",
    "ppo_frac_100000": "results/cancer_pipeline/q_models/ppo_frac_100000.pt"
  },
  "dynamics_paths": {
    "supervised": "results/cancer_pipeline/gru/dynamics/dynamics_supervised.pt",
    "ranking_new": {
      "kendall": "results/cancer_pipeline/gru/dynamics/dynamics_ranking_new_kendall.pt",
      "hinge": "results/cancer_pipeline/gru/dynamics/dynamics_ranking_new_hinge.pt",
      "listnet": "results/cancer_pipeline/gru/dynamics/dynamics_ranking_new_listnet.pt"
    }
  },
  "results": [
    {
      "name": "ppo_frac_0",
      "checkpoint": "results/cancer_pipeline/policies/ppo_frac_0",
      "timesteps": 0,
      "q_estimate": 46.583160400390625,
      "dynamics": {
        "supervised": 11.615938186645508,
        "supervised_mse": 0.332790344953537,
        "supervised_train_mse": 0.27086812257766724,
        "ranking_new": {
          "kendall": -25.62627601623535,
          "hinge": 55.158905029296875,
          "listnet": 13.970988273620605
        },
        "ranking_new_mse": {
          "kendall": 0.34810057282447815,
          "hinge": 0.3310703933238983,
          "listnet": 0.33333930373191833
        },
        "ranking_new_train_mse": {
          "kendall": 0.2836528420448303,
          "hinge": 0.2707538604736328,
          "listnet": 0.2722664475440979
        }
      },
      "env_mc": -23.404463355433755
    },
    {
      "name": "ppo_frac_20000",
      "checkpoint": "results/cancer_pipeline/policies/ppo_frac_20000",
      "timesteps": 20000,
      "q_estimate": 36.04420852661133,
      "dynamics": {
        "supervised": 12.595145225524902,
        "supervised_mse": 0.332790344953537,
        "supervised_train_mse": 0.27086812257766724,
        "ranking_new": {
          "kendall": -24.655370712280273,
          "hinge": 55.72503662109375,
          "listnet": 14.057838439941406
        },
        "ranking_new_mse": {
          "kendall": 0.34810057282447815,
          "hinge": 0.3310703933238983,
          "listnet": 0.33333930373191833
        },
        "ranking_new_train_mse": {
          "kendall": 0.2836528420448303,
          "hinge": 0.2707538604736328,
          "listnet": 0.2722664475440979
        }
      },
      "env_mc": -20.815446074706642
    },
    {
      "name": "ppo_frac_40000",
      "checkpoint": "results/cancer_pipeline/policies/ppo_frac_40000",
      "timesteps": 40000,
      "q_estimate": 41.95688247680664,
      "dynamics": {
        "supervised": 13.371182441711426,
        "supervised_mse": 0.332790344953537,
        "supervised_train_mse": 0.27086812257766724,
        "ranking_new": {
          "kendall": -24.707796096801758,
          "hinge": 56.45431137084961,
          "listnet": 14.492392539978027
        },
        "ranking_new_mse": {
          "kendall": 0.34810057282447815,
          "hinge": 0.3310703933238983,
          "listnet": 0.33333930373191833
        },
        "ranking_new_train_mse": {
          "kendall": 0.2836528420448303,
          "hinge": 0.2707538604736328,
          "listnet": 0.2722664475440979
        }
      },
      "env_mc": -16.74080080441553
    },
    {
      "name": "ppo_frac_60000",
      "checkpoint": "results/cancer_pipeline/policies/ppo_frac_60000",
      "timesteps": 60000,
      "q_estimate": 49.53403091430664,
      "dynamics": {
        "supervised": 14.254488945007324,
        "supervised_mse": 0.332790344953537,
        "supervised_train_mse": 0.27086812257766724,
        "ranking_new": {
          "kendall": -24.740955352783203,
          "hinge": 57.0587272644043,
          "listnet": 14.943676948547363
        },
        "ranking_new_mse": {
          "kendall": 0.34810057282447815,
          "hinge": 0.3310703933238983,
          "listnet": 0.33333930373191833
        },
        "ranking_new_train_mse": {
          "kendall": 0.2836528420448303,
          "hinge": 0.2707538604736328,
          "listnet": 0.2722664475440979
        }
      },
      "env_mc": 24.490581908964153
    },
    {
      "name": "ppo_frac_80000",
      "checkpoint": "results/cancer_pipeline/policies/ppo_frac_80000",
      "timesteps": 80000,
      "q_estimate": 50.685935974121094,
      "dynamics": {
        "supervised": 15.579872131347656,
        "supervised_mse": 0.332790344953537,
        "supervised_train_mse": 0.27086812257766724,
        "ranking_new": {
          "kendall": -24.6353759765625,
          "hinge": 57.9385871887207,
          "listnet": 15.945390701293945
        },
        "ranking_new_mse": {
          "kendall": 0.34810057282447815,
          "hinge": 0.3310703933238983,
          "listnet": 0.33333930373191833
        },
        "ranking_new_train_mse": {
          "kendall": 0.2836528420448303,
          "hinge": 0.2707538604736328,
          "listnet": 0.2722664475440979
        }
      },
      "env_mc": 34.54380167936396
    },
    {
      "name": "ppo_frac_100000",
      "checkpoint": "results/cancer_pipeline/policies/ppo_frac_100000",
      "timesteps": 100000,
      "q_estimate": 57.22804641723633,
      "dynamics": {
        "supervised": 17.152523040771484,
        "supervised_mse": 0.332790344953537,
        "supervised_train_mse": 0.27086812257766724,
        "ranking_new": {
          "kendall": -24.63037109375,
          "hinge": 59.504756927490234,
          "listnet": 16.915197372436523
        },
        "ranking_new_mse": {
          "kendall": 0.34810057282447815,
          "hinge": 0.3310703933238983,
          "listnet": 0.33333930373191833
        },