{
  "config": {
    "max_t": 200,
    "setting": 5,
    "total_steps": 10000,
    "ppo_fractions": [
      0.2,
      0.4,
      0.6,
      0.8,
      1.0
    ],
    "n_envs": 8,
    "n_steps": 2048,
    "batch_size": 512,
    "learning_rate": 0.0003,
    "gamma": 0.99,
    "gae_lambda": 0.95,
    "clip_range": 0.2,
    "ent_coef": 0.01,
    "vf_coef": 0.5,
    "seed": 2,
    "rollout_steps": 10000,
    "q_epochs": 500,
    "q_batch": 512,
    "q_lr": 0.0003,
    "q_samples": 32,
    "dyn_epochs": 2000,
    "dyn_batch": 512,
    "dyn_lr": 0.0003,
    "dyn_hidden_dim": 128,
    "dyn_val_fraction": 0.1,
    "dyn_early_stop_patience": 100,
    "dyn_min_epochs": 0,
    "dynamics_loss": "nll",
    "lambda_rank": 0.1,
    "backbone": "gru",
    "dyn_seq_len": 8,
    "dyn_seq_overlap": 0,
    "eval_rollouts": 10,
    "eval_horizon": 200,
    "output_dir": "results/cancer_pipeline",
    "device": "auto",
    "force_policy_training": false,
    "force_dataset_collection": false,
    "force_q_training": false,
    "force_dynamics_training": true,
    "results_only": false,
    "wandb_project": "DT2-cancer",
    "wandb_entity": null,
    "wandb_run_name": null,
    "wandb_mode": "online"
  },
  "dataset_stats": {
    "num_transitions": 6000,
    "num_initial_states": 49,
    "state_dim": 7,
    "action_dim": 2,
    "state_mean": [
      6.669699192047119,
      12.392626762390137,
      6.792642116546631,
      24.0268611907959,
      11.116888046264648,
      8.897756576538086,
      11.13903522491455
    ],
    "state_std": [
      6.945222854614258,
      5.212599277496338,
      5.334871768951416,
      0.7958517074584961,
      5.77739953994751,
      1.5086309909820557,
      4.892608165740967
    ],
    "action_mean": [
      0.42030903697013855,
      0.47704896330833435
    ],
    "action_std": [
      0.6196646690368652,
      0.6464419364929199
    ],
    "reward_mean": 0.5108208656311035,
    "reward_std": 6.089563369750977,
    "reward_min": -0.2972515821456909,
    "reward_max": 100.93700408935547,
    "done_rate": 0.007166666444391012
  },
  "num_transitions": 6000,
  "q_model_paths": {
    "ppo_frac_0": "results/cancer_pipeline/q_models/ppo_frac_0.pt",
    "ppo_frac_20000": "results/cancer_pipeline/q_models/ppo_frac_20000.pt",
    "ppo_frac_40000": "results/cancer_pipeline/q_models/ppo_frac_40000.pt",
    "ppo_frac_60000": "results/cancer_pipeline/q_models/ppo_frac_60000.pt",
    "ppo_frac_80000": "results/cancer_pipeline/q_models/ppo_frac_80000.pt",
    "ppo_frac_100000": "results/cancer_pipeline/q_models/ppo_frac_100000.pt"
  },
  "dynamics_paths": {
    "supervised": "results/cancer_pipeline/gru/dynamics/dynamics_supervised.pt",
    "ranking_new": {
      "kendall": "results/cancer_pipeline/gru/dynamics/dynamics_ranking_new_kendall.pt",
      "hinge": "results/cancer_pipeline/gru/dynamics/dynamics_ranking_new_hinge.pt",
      "listnet": "results/cancer_pipeline/gru/dynamics/dynamics_ranking_new_listnet.pt"
    }
  },
  "results": [
    {
      "name": "ppo_frac_0",
      "checkpoint": "results/cancer_pipeline/policies/ppo_frac_0",
      "timesteps": 0,
      "q_estimate": 46.41617965698242,
      "dynamics": {
        "supervised": 17.281967163085938,
        "supervised_mse": 0.3111085593700409,
        "supervised_train_mse": 0.33356863260269165,
        "ranking_new": {
          "kendall": 11.701560020446777,
          "hinge": 34.79572677612305,
          "listnet": 34.559871673583984
        },
        "ranking_new_mse": {
          "kendall": 0.3135892152786255,
          "hinge": 0.3008260726928711,
          "listnet": 0.31242117285728455
        },
        "ranking_new_train_mse": {
          "kendall": 0.33499225974082947,
          "hinge": 0.3262553811073303,
          "listnet": 0.3337874114513397
        }
      },
      "env_mc": -23.5909198120364
    },
    {
      "name": "ppo_frac_20000",
      "checkpoint": "results/cancer_pipeline/policies/ppo_frac_20000",
      "timesteps": 20000,
      "q_estimate": 36.06428527832031,
      "dynamics": {
        "supervised": 19.072879791259766,
        "supervised_mse": 0.3111085593700409,
        "supervised_train_mse": 0.33356863260269165,
        "ranking_new": {
          "kendall": 13.823183059692383,
          "hinge": 41.482662200927734,
          "listnet": 36.79642105102539
        },
        "ranking_new_mse": {
          "kendall": 0.3135892152786255,
          "hinge": 0.3008260726928711,
          "listnet": 0.31242117285728455
        },
        "ranking_new_train_mse": {
          "kendall": 0.33499225974082947,
          "hinge": 0.3262553811073303,
          "listnet": 0.3337874114513397
        }
      },
      "env_mc": -21.009554350702423
    },
    {
      "name": "ppo_frac_40000",
      "checkpoint": "results/cancer_pipeline/policies/ppo_frac_40000",
      "timesteps": 40000,
      "q_estimate": 42.01332092285156,
      "dynamics": {
        "supervised": 19.35939598083496,
        "supervised_mse": 0.3111085593700409,
        "supervised_train_mse": 0.33356863260269165,
        "ranking_new": {
          "kendall": 14.813488960266113,
          "hinge": 45.906517028808594,
          "listnet": 37.57508087158203
        },
        "ranking_new_mse": {
          "kendall": 0.3135892152786255,
          "hinge": 0.3008260726928711,
          "listnet": 0.31242117285728455
        },
        "ranking_new_train_mse": {
          "kendall": 0.33499225974082947,
          "hinge": 0.3262553811073303,
          "listnet": 0.3337874114513397
        }
      },
      "env_mc": -16.948930594665658
    },
    {
      "name": "ppo_frac_60000",
      "checkpoint": "results/cancer_pipeline/policies/ppo_frac_60000",
      "timesteps": 60000,
      "q_estimate": 49.44601058959961,
      "dynamics": {
        "supervised": 19.861753463745117,
        "supervised_mse": 0.3111085593700409,
        "supervised_train_mse": 0.33356863260269165,
        "ranking_new": {
          "kendall": 15.891550064086914,
          "hinge": 50.183135986328125,
          "listnet": 38.3643798828125
        },
        "ranking_new_mse": {
          "kendall": 0.3135892152786255,
          "hinge": 0.3008260726928711,
          "listnet": 0.31242117285728455
        },
        "ranking_new_train_mse": {
          "kendall": 0.33499225974082947,
          "hinge": 0.3262553811073303,
          "listnet": 0.3337874114513397
        }
      },
      "env_mc": 19.730940275045107
    },
    {
      "name": "ppo_frac_80000",
      "checkpoint": "results/cancer_pipeline/policies/ppo_frac_80000",
      "timesteps": 80000,
      "q_estimate": 50.620635986328125,
      "dynamics": {
        "supervised": 19.84010124206543,
        "supervised_mse": 0.3111085593700409,
        "supervised_train_mse": 0.33356863260269165,
        "ranking_new": {
          "kendall": 17.617616653442383,
          "hinge": 54.27132034301758,
          "listnet": 38.95098114013672
        },
        "ranking_new_mse": {
          "kendall": 0.3135892152786255,
          "hinge": 0.3008260726928711,
          "listnet": 0.31242117285728455
        },
        "ranking_new_train_mse": {
          "kendall": 0.33499225974082947,
          "hinge": 0.3262553811073303,
          "listnet": 0.3337874114513397
        }
      },
      "env_mc": 30.20636876735643
    },
    {
      "name": "ppo_frac_100000",
      "checkpoint": "results/cancer_pipeline/policies/ppo_frac_100000",
      "timesteps": 100000,
      "q_estimate": 57.16763687133789,
      "dynamics": {
        "supervised": 15.430383682250977,
        "supervised_mse": 0.3111085593700409,
        "supervised_train_mse": 0.33356863260269165,
        "ranking_new": {
          "kendall": 19.351455688476562,
          "hinge": 57.24044418334961,
          "listnet": 41.27476119995117
        },
        "ranking_new_mse": {
          "kendall": 0.3135892152786255,
          "hinge": 0.3008260726928711,
          "listnet": 0.31242117285728455
        },