{
  "config": {
    "max_t": 200,
    "setting": 5,
    "total_steps": 10000,
    "ppo_fractions": [
      0.2,
      0.4,
      0.6,
      0.8,
      1.0
    ],
    "n_envs": 8,
    "n_steps": 2048,
    "batch_size": 512,
    "learning_rate": 0.0003,
    "gamma": 0.99,
    "gae_lambda": 0.95,
    "clip_range": 0.2,
    "ent_coef": 0.01,
    "vf_coef": 0.5,
    "seed": 8,
    "rollout_steps": 10000,
    "q_epochs": 500,
    "q_batch": 512,
    "q_lr": 0.0003,
    "q_samples": 32,
    "dyn_epochs": 2000,
    "dyn_batch": 512,
    "dyn_lr": 0.0003,
    "dyn_hidden_dim": 128,
    "dyn_val_fraction": 0.1,
    "dyn_early_stop_patience": 20,
    "dyn_min_epochs": 0,
    "dynamics_loss": "nll",
    "lambda_rank": 0.1,
    "backbone": "gru",
    "dyn_seq_len": 8,
    "dyn_seq_overlap": 0,
    "eval_rollouts": 10,
    "eval_horizon": 200,
    "output_dir": "results/cancer_pipeline",
    "device": "auto",
    "force_policy_training": false,
    "force_dataset_collection": false,
    "force_q_training": false,
    "force_dynamics_training": true,
    "results_only": false,
    "wandb_project": "DT2-cancer",
    "wandb_entity": null,
    "wandb_run_name": null,
    "wandb_mode": "online"
  },
  "dataset_stats": {
    "num_transitions": 6000,
    "num_initial_states": 49,
    "state_dim": 7,
    "action_dim": 2,
    "state_mean": [
      6.669699192047119,
      12.392626762390137,
      6.792642116546631,
      24.0268611907959,
      11.116888046264648,
      8.897756576538086,
      11.13903522491455
    ],
    "state_std": [
      6.945222854614258,
      5.212599277496338,
      5.334871768951416,
      0.7958517074584961,
      5.77739953994751,
      1.5086309909820557,
      4.892608165740967
    ],
    "action_mean": [
      0.42030903697013855,
      0.47704896330833435
    ],
    "action_std": [
      0.6196646690368652,
      0.6464419364929199
    ],
    "reward_mean": 0.5108208656311035,
    "reward_std": 6.089563369750977,
    "reward_min": -0.2972515821456909,
    "reward_max": 100.93700408935547,
    "done_rate": 0.007166666444391012
  },
  "num_transitions": 6000,
  "q_model_paths": {
    "ppo_frac_0": "results/cancer_pipeline/q_models/ppo_frac_0.pt",
    "ppo_frac_20000": "results/cancer_pipeline/q_models/ppo_frac_20000.pt",
    "ppo_frac_40000": "results/cancer_pipeline/q_models/ppo_frac_40000.pt",
    "ppo_frac_60000": "results/cancer_pipeline/q_models/ppo_frac_60000.pt",
    "ppo_frac_80000": "results/cancer_pipeline/q_models/ppo_frac_80000.pt",
    "ppo_frac_100000": "results/cancer_pipeline/q_models/ppo_frac_100000.pt"
  },
  "dynamics_paths": {
    "supervised": "results/cancer_pipeline/gru/dynamics/dynamics_supervised.pt",
    "ranking_new": {
      "kendall": "results/cancer_pipeline/gru/dynamics/dynamics_ranking_new_kendall.pt",
      "hinge": "results/cancer_pipeline/gru/dynamics/dynamics_ranking_new_hinge.pt",
      "listnet": "results/cancer_pipeline/gru/dynamics/dynamics_ranking_new_listnet.pt"
    }
  },
  "results": [
    {
      "name": "ppo_frac_0",
      "checkpoint": "results/cancer_pipeline/policies/ppo_frac_0",
      "timesteps": 0,
      "q_estimate": 46.4554443359375,
      "dynamics": {
        "supervised": 22.483928680419922,
        "supervised_mse": 0.29890409111976624,
        "supervised_train_mse": 0.4611959755420685,
        "ranking_new": {
          "kendall": 17.78963851928711,
          "hinge": 50.384212493896484,
          "listnet": 32.62917709350586
        },
        "ranking_new_mse": {
          "kendall": 0.3069171905517578,
          "hinge": 0.29685989022254944,
          "listnet": 0.30196675658226013
        },
        "ranking_new_train_mse": {
          "kendall": 0.47070321440696716,
          "hinge": 0.45670053362846375,
          "listnet": 0.4653097093105316
        }
      },
      "env_mc": -23.295313351675322
    },
    {
      "name": "ppo_frac_20000",
      "checkpoint": "results/cancer_pipeline/policies/ppo_frac_20000",
      "timesteps": 20000,
      "q_estimate": 35.99760437011719,
      "dynamics": {
        "supervised": 23.38854217529297,
        "supervised_mse": 0.29890409111976624,
        "supervised_train_mse": 0.4611959755420685,
        "ranking_new": {
          "kendall": 19.442028045654297,
          "hinge": 51.73517608642578,
          "listnet": 32.86676788330078
        },
        "ranking_new_mse": {
          "kendall": 0.3069171905517578,
          "hinge": 0.29685989022254944,
          "listnet": 0.30196675658226013
        },
        "ranking_new_train_mse": {
          "kendall": 0.47070321440696716,
          "hinge": 0.45670053362846375,
          "listnet": 0.4653097093105316
        }
      },
      "env_mc": -20.743939351220835
    },
    {
      "name": "ppo_frac_40000",
      "checkpoint": "results/cancer_pipeline/policies/ppo_frac_40000",
      "timesteps": 40000,
      "q_estimate": 42.01963424682617,
      "dynamics": {
        "supervised": 23.784086227416992,
        "supervised_mse": 0.29890409111976624,
        "supervised_train_mse": 0.4611959755420685,
        "ranking_new": {
          "kendall": 19.967159271240234,
          "hinge": 52.9307975769043,
          "listnet": 33.186622619628906
        },
        "ranking_new_mse": {
          "kendall": 0.3069171905517578,
          "hinge": 0.29685989022254944,
          "listnet": 0.30196675658226013
        },
        "ranking_new_train_mse": {
          "kendall": 0.47070321440696716,
          "hinge": 0.45670053362846375,
          "listnet": 0.4653097093105316
        }
      },
      "env_mc": -16.738118240937805
    },
    {
      "name": "ppo_frac_60000",
      "checkpoint": "results/cancer_pipeline/policies/ppo_frac_60000",
      "timesteps": 60000,
      "q_estimate": 49.39794921875,
      "dynamics": {
        "supervised": 24.209903717041016,
        "supervised_mse": 0.29890409111976624,
        "supervised_train_mse": 0.4611959755420685,
        "ranking_new": {
          "kendall": 20.676076889038086,
          "hinge": 53.91573715209961,
          "listnet": 33.50129318237305
        },
        "ranking_new_mse": {
          "kendall": 0.3069171905517578,
          "hinge": 0.29685989022254944,
          "listnet": 0.30196675658226013
        },
        "ranking_new_train_mse": {
          "kendall": 0.47070321440696716,
          "hinge": 0.45670053362846375,
          "listnet": 0.4653097093105316
        }
      },
      "env_mc": 23.898004802487947
    },
    {
      "name": "ppo_frac_80000",
      "checkpoint": "results/cancer_pipeline/policies/ppo_frac_80000",
      "timesteps": 80000,
      "q_estimate": 50.63319396972656,
      "dynamics": {
        "supervised": 25.235136032104492,
        "supervised_mse": 0.29890409111976624,
        "supervised_train_mse": 0.4611959755420685,
        "ranking_new": {
          "kendall": 22.203298568725586,
          "hinge": 55.25889205932617,
          "listnet": 34.30202865600586
        },
        "ranking_new_mse": {
          "kendall": 0.3069171905517578,
          "hinge": 0.29685989022254944,
          "listnet": 0.30196675658226013
        },
        "ranking_new_train_mse": {
          "kendall": 0.47070321440696716,
          "hinge": 0.45670053362846375,
          "listnet": 0.4653097093105316
        }
      },
      "env_mc": 34.18151901021584
    },
    {
      "name": "ppo_frac_100000",
      "checkpoint": "results/cancer_pipeline/policies/ppo_frac_100000",
      "timesteps": 100000,
      "q_estimate": 57.147605895996094,
      "dynamics": {
        "supervised": 26.346607208251953,
        "supervised_mse": 0.29890409111976624,
        "supervised_train_mse": 0.4611959755420685,
        "ranking_new": {
          "kendall": 23.783374786376953,
          "hinge": 57.5089111328125,
          "listnet": 35.13532638549805
        },
        "ranking_new_mse": {
          "kendall": 0.3069171905517578,
          "hinge": 0.29685989022254944,
          "listnet": 0.30196675658226013
        },