{"dynamics/ranking_val":177.3823388417562,"q_models/count":6,"dataset/source_loaded":0,"dynamics/supervised_val":173.1394739151001,"num_transitions":60000,"q_train/ppo_frac_800000_step":{"max":1000},"dynamics/ranking_new/listnet_step":{"max":344},"eval/dynamics_ranking_new_hinge":-5775.9345703125,"dynamics/ranking_new/kendall":-41.494644523369814,"dynamics/ranking_new/listnet":-40.604728986632146,"eval/dynamics_ranking_new_listnet":-5651.8955078125,"q_train/ppo_frac_200000":0.09174725811107684,"dataset/initial_states":155,"q_train/ppo_frac_1000000":0.15101133905730005,"dynamics/ranking":-41.388755870315265,"_timestamp":1.76566645636391e+09,"policies/trained":0,"q_train/ppo_frac_800000":0.14871311263512757,"eval/dynamics_ranking_new_kendall":-5826.68701171875,"policies/count":6,"_runtime":8217.868093641,"q_train/ppo_frac_1000000_step":{"max":1000},"eval/policy_name":"ppo_frac_1000000","dynamics/supervised":-46.434885061012125,"q_train/ppo_frac_400000":0.17059774014909387,"q_train/ppo_frac_400000_step":{"max":1000},"dynamics/ranking_new/hinge_val":116.75133247375489,"dynamics/ranking_new/hinge":-41.635280314481484,"dynamics/ranking_new/listnet_val":103.57712020874024,"dynamics/ranking_new/kendall_val":294.7329863190651,"results":[{"name":"ppo_frac_0","checkpoint":"results/lunarlander_pipeline/policies/ppo_frac_0","timesteps":0,"true_return":-20426.254510307313,"q_estimate":-32.851959228515625,"dynamics":{"supervised":-7498.83447265625,"ranking_new":{"kendall":-7162.38525390625,"hinge":-6962.3154296875,"listnet":-7507.91943359375}},"env_mc":-6869.18200073818},{"timesteps":200000,"true_return":-75452.0653749466,"q_estimate":6.813757419586182,"dynamics":{"supervised":-6182.318359375,"ranking_new":{"kendall":-6163.7333984375,"hinge":-6063.81396484375,"listnet":-5842.6455078125}},"env_mc":-6232.190465233908,"name":"ppo_frac_200000","checkpoint":"results/lunarlander_pipeline/policies/ppo_frac_200000"},{"name":"ppo_frac_400000","checkpoint":"results/lunarlander_pipeline/policies/ppo_frac_400000","timesteps":400000,"true_return":-159757.61285629272,"q_estimate":12.567198753356934,"dynamics":{"supervised":-6009.35107421875,"ranking_new":{"kendall":-5896.41455078125,"hinge":-5853.822265625,"listnet":-5633.49462890625}},"env_mc":-6001.149546711444},{"timesteps":600000,"true_return":-147243.97711982726,"q_estimate":13.426878929138184,"dynamics":{"ranking_new":{"kendall":-5901.69140625,"hinge":-5772.6337890625,"listnet":-5674.37744140625},"supervised":-6022.2607421875},"env_mc":-5984.740902088114,"name":"ppo_frac_600000","checkpoint":"results/lunarlander_pipeline/policies/ppo_frac_600000"},{"true_return":-143197.93602485658,"q_estimate":14.669235229492188,"dynamics":{"supervised":-6036.58935546875,"ranking_new":{"kendall":-5853.23681640625,"hinge":-5778.16748046875,"listnet":-5612.7431640625}},"env_mc":-5987.2241531577165,"name":"ppo_frac_800000","checkpoint":"results/lunarlander_pipeline/policies/ppo_frac_800000","timesteps":800000},{"name":"ppo_frac_1000000","checkpoint":"results/lunarlander_pipeline/policies/ppo_frac_1000000","timesteps":1000000,"true_return":-136120.16695251464,"q_estimate":12.786927223205566,"dynamics":{"supervised":-5980.951171875,"ranking_new":{"kendall":-5826.68701171875,"hinge":-5775.9345703125,"listnet":-5651.8955078125}},"env_mc":-5981.199099094188}],"dynamics/ranking_new/hinge_step":{"max":598},"q_train/ppo_frac_600000_step":{"max":1000},"dataset/transitions":60000,"timing/q_training_sec":4437.759324767976,"eval/q_estimate":12.786927223205566,"dynamics/ranking_step":{"max":498},"dynamics/ranking_new/kendall_step":{"max":486},"timing/dynamics_training_sec":2767.782995151996,"q_train/ppo_frac_0":0.09757463242542946,"_step":1000000,"eval/dynamics_supervised":-5980.951171875,"dynamics/supervised_step":{"max":606},"q_models/trained":1,"q_train/ppo_frac_600000":0.1425190574284327,"dynamics/trained":1,"dynamics_paths":{"supervised":"results/nll/lunarlander_pipeline/dynamics/dynamics_supervised.pt","ranking":"results/nll/lunarlander_pipeline/dynamics/dynamics_ranking.pt","q_aware":{},"ranking_new":{"kendall":"results/nll/lunarlander_pipeline/dynamics/dynamics_ranking_new_kendall.pt","hinge":"results/nll/lunarlander_pipeline/dynamics/dynamics_ranking_new_hinge.pt","listnet":"results/nll/lunarlander_pipeline/dynamics/dynamics_ranking_new_listnet.pt"}},"_wandb":{"runtime":8217},"q_train/ppo_frac_0_step":{"max":1000},"eval/true_return":-136120.16695251464,"eval/env_mc":-5981.199099094188,"q_model_paths":{"ppo_frac_800000":"results/nll/lunarlander_pipeline/q_models/ppo_frac_800000.pt","ppo_frac_1000000":"results/nll/lunarlander_pipeline/q_models/ppo_frac_1000000.pt","ppo_frac_0":"results/nll/lunarlander_pipeline/q_models/ppo_frac_0.pt","ppo_frac_200000":"results/nll/lunarlander_pipeline/q_models/ppo_frac_200000.pt","ppo_frac_400000":"results/nll/lunarlander_pipeline/q_models/ppo_frac_400000.pt","ppo_frac_600000":"results/nll/lunarlander_pipeline/q_models/ppo_frac_600000.pt"},"q_train/ppo_frac_200000_step":{"max":1000}}