{"dynamics/qaware/ppo_frac_0_step":{"max":1393},"q_model_paths":{"ppo_frac_2000000":"results/pendulum_pipeline/q_models/ppo_frac_2000000.pt","ppo_frac_3000000":"results/pendulum_pipeline/q_models/ppo_frac_3000000.pt","ppo_frac_4000000":"results/pendulum_pipeline/q_models/ppo_frac_4000000.pt","ppo_frac_5000000":"results/pendulum_pipeline/q_models/ppo_frac_5000000.pt","ppo_frac_0":"results/pendulum_pipeline/q_models/ppo_frac_0.pt","ppo_frac_1000000":"results/pendulum_pipeline/q_models/ppo_frac_1000000.pt"},"timing/ppo_training_sec":889.652339278,"q_train/ppo_frac_5000000_step":{"max":1000},"ppo/train/value_loss":0.10739097811747342,"q_train/ppo_frac_1000000":0.5759741817911466,"dynamics/ranking_step":{"max":518},"_timestamp":1.7653762406482131e+09,"timing/dynamics_training_sec":2112.0437514799996,"q_train/ppo_frac_2000000":0.5422997362911701,"policies/count":6,"ppo/train/loss":0.06708742678165436,"policies/trained":1,"dynamics/qaware/ppo_frac_4000000":-1.7134797131573711,"dataset/transitions":30000,"q_models/trained":1,"dynamics/qaware/ppo_frac_3000000":-1.3957371159836098,"q_train/ppo_frac_0":0.6140754371881485,"dynamics/qaware/ppo_frac_4000000_step":{"max":1440},"ppo/train/std":0.13264358043670654,"dataset/initial_states":156,"ppo/train/clip_fraction":0.076824951171875,"dynamics/qaware/ppo_frac_0":-1.2426314663003992,"results":[{"true_return":-1250.6285400390625,"env_mc":-118.92327880859375,"q_estimate":-113.30394744873047,"dynamics":{"supervised":-122.7171859741211,"q_aware":-112.12532043457031,"ranking":-103.61329650878906},"name":"ppo_frac_0","checkpoint":"results/pendulum_pipeline/policies/ppo_frac_0","timesteps":0},{"timesteps":1000000,"true_return":-171.36553955078125,"env_mc":-76.64098358154297,"q_estimate":-76.71426391601562,"dynamics":{"q_aware":-75.4355239868164,"ranking":-86.93753814697266,"supervised":-80.90475463867188},"name":"ppo_frac_1000000","checkpoint":"results/pendulum_pipeline/policies/ppo_frac_1000000"},{"name":"ppo_frac_2000000","checkpoint":"results/pendulum_pipeline/policies/ppo_frac_2000000","timesteps":2000000,"true_return":-155.29415893554688,"env_mc":-74.58448791503906,"q_estimate":-75.7408218383789,"dynamics":{"q_aware":-93.48743438720703,"ranking":-75.06393432617188,"supervised":-74.75963592529297}},{"env_mc":-74.31014251708984,"q_estimate":-76.39117431640625,"dynamics":{"supervised":-77.01839447021484,"q_aware":-77.2756118774414,"ranking":-73.75994873046875},"name":"ppo_frac_3000000","checkpoint":"results/pendulum_pipeline/policies/ppo_frac_3000000","timesteps":3000000,"true_return":-149.4132843017578},{"env_mc":-74.09898376464844,"q_estimate":-75.54037475585938,"dynamics":{"supervised":-78.52305603027344,"q_aware":-80.38034057617188,"ranking":-74.51862335205078},"name":"ppo_frac_4000000","checkpoint":"results/pendulum_pipeline/policies/ppo_frac_4000000","timesteps":4000000,"true_return":-148.3318634033203},{"env_mc":-74.01988220214844,"q_estimate":-74.92578125,"dynamics":{"supervised":-74.8935546875,"q_aware":-97.70291900634766,"ranking":-74.26992797851562},"name":"ppo_frac_5000000","checkpoint":"results/pendulum_pipeline/policies/ppo_frac_5000000","timesteps":5000000,"true_return":-147.26182556152344}],"dynamics/qaware/ppo_frac_1000000_val":-1.7201163371404011,"q_train/ppo_frac_2000000_step":{"max":1000},"q_train/ppo_frac_0_step":{"max":1000},"dataset/source_loaded":0,"dynamics/supervised_val":-2.322127024332682,"dynamics/qaware/ppo_frac_5000000_step":{"max":899},"dynamics/qaware/ppo_frac_0_val":-1.0974088907241821,"dynamics/qaware/ppo_frac_1000000_step":{"max":1998},"dynamics/qaware/ppo_frac_3000000_val":-1.342071533203125,"ppo/train/policy_gradient_loss":-2.823475078912452e-05,"ppo/train/learning_rate":0.0003,"dynamics/ranking_val":-1.502208997379057,"num_transitions":30000,"_wandb":{"runtime":5024},"dynamics/qaware/ppo_frac_2000000":1.9325884536460594,"dynamics/qaware/ppo_frac_4000000_val":-1.687743107477824,"dynamics/supervised":-2.0709301586504334,"ppo/train/explained_variance":0.9998002648353577,"dynamics/qaware/ppo_frac_3000000_step":{"max":1368},"timing/q_training_sec":1843.2016086389995,"dynamics/qaware/ppo_frac_1000000":-1.71983093685574,"q_models/count":6,"dynamics/qaware/ppo_frac_2000000_val":2.1315654118855796,"dynamics/qaware/ppo_frac_2000000_step":{"max":691},"dynamics/qaware/ppo_frac_5000000":2.022926273169341,"ppo/train/n_updates":3050,"dynamics/qaware/ppo_frac_5000000_val":1.6775358120600383,"q_train/ppo_frac_5000000":0.5105289758493503,"ppo/train/clip_range":0.2,"_step":5028992,"_runtime":5024,"config":{"q_lr":0.0003,"dyn_epochs":2000,"dyn_min_epochs":50,"n_envs":8,"dyn_lr":0.001,"lambda_rank":0.1,"eval_episodes":20,"output_dir":"results/pendulum_pipeline","wandb_entity":null,"wandb_mode":"online","env_id":"Pendulum-v1","n_steps":2048,"eval_horizon":200,"results_only":false,"learning_rate":0.0003,"clip_range":0.2,"force_q_training":true,"total_steps":5000000,"dyn_batch":1024,"force_policy_training":true,"ent_coef":0,"dyn_val_fraction":0.1,"wandb_project":"DT2-pendulum","batch_size":1024,"gamma":0.95,"gae_lambda":0.95,"rollout_steps":5000,"q_epochs":1000,"q_batch":1024,"q_samples":32,"dyn_early_stop_patience":200,"vf_coef":0.5,"seed":2,"lambda_td":0.1,"eval_rollouts":256,"device":"auto","force_dynamics_training":true,"wandb_run_name":null,"ppo_fractions":[0.2,0.4,0.6,0.8,1]},"dynamics_paths":{"supervised":"results/pendulum_pipeline/dynamics/dynamics_supervised.pt","ranking":"results/pendulum_pipeline/dynamics/dynamics_ranking.pt","q_aware":{"ppo_frac_0":"results/pendulum_pipeline/dynamics/dynamics_q_ppo_frac_0.pt","ppo_frac_1000000":"results/pendulum_pipeline/dynamics/dynamics_q_ppo_frac_1000000.pt","ppo_frac_2000000":"results/pendulum_pipeline/dynamics/dynamics_q_ppo_frac_2000000.pt","ppo_frac_3000000":"results/pendulum_pipeline/dynamics/dynamics_q_ppo_frac_3000000.pt","ppo_frac_4000000":"results/pendulum_pipeline/dynamics/dynamics_q_ppo_frac_4000000.pt","ppo_frac_5000000":"results/pendulum_pipeline/dynamics/dynamics_q_ppo_frac_5000000.pt"}},"dynamics/supervised_step":{"max":1178},"q_train/ppo_frac_1000000_step":{"max":1000},"dynamics/trained":1,"q_train/ppo_frac_4000000_step":{"max":1000},"q_train/ppo_frac_4000000":0.5308048898975054,"q_train/ppo_frac_3000000":0.55224739164114,"dynamics/ranking":-1.4717514709767852,"q_train/ppo_frac_3000000_step":{"max":1000},"ppo/train/entropy_loss":0.6019222691655159}