{"dynamics/ranking_new/hinge":-1.7308361232280731,"q_train/ppo_frac_4000000":0.4442987988392512,"q_train/ppo_frac_3000000":0.45803660359233617,"policies/trained":0,"dynamics/trained":1,"config":{"batch_size":1024,"vf_coef":0.5,"seed":1,"dyn_epochs":2000,"dyn_lr":0.001,"dyn_val_fraction":0.1,"force_policy_training":false,"gae_lambda":0.95,"q_epochs":1000,"eval_rollouts":256,"wandb_project":"DT2-pendulum","q_batch":1024,"dyn_min_epochs":50,"wandb_entity":null,"wandb_run_name":null,"ent_coef":0,"rollout_steps":5000,"dyn_early_stop_patience":200,"lambda_rank":0.1,"output_dir":"results/pendulum_pipeline","env_id":"Pendulum-v1","learning_rate":0.0003,"device":"auto","results_only":false,"ppo_fractions":[0.2,0.4,0.6,0.8,1],"clip_range":0.2,"q_lr":0.0003,"q_samples":32,"force_q_training":true,"total_steps":5000000,"gamma":0.95,"force_dynamics_training":true,"n_envs":8,"dyn_batch":1024,"lambda_td":0.1,"eval_episodes":20,"eval_horizon":200,"wandb_mode":"online","n_steps":2048},"q_train/ppo_frac_4000000_step":{"max":1000},"timing/q_training_sec":1974.9109402189788,"results":[{"true_return":-1207.301513671875,"env_mc":-120.06181335449219,"q_estimate":-112.11438751220703,"dynamics":{"supervised":-112.3565444946289,"ranking":-144.652099609375,"ranking_new":{"kendall":-129.5235595703125,"hinge":-126.14307403564453,"listnet":-123.03543853759766}},"name":"ppo_frac_0","checkpoint":"results/pendulum_pipeline/policies/ppo_frac_0","timesteps":0},{"true_return":-171.38552856445312,"env_mc":-78.46900939941406,"q_estimate":-75.71896362304688,"dynamics":{"supervised":-69.38890075683594,"ranking":-141.8026580810547,"ranking_new":{"kendall":-53.547447204589844,"hinge":-95.7332992553711,"listnet":-118.57403564453125}},"name":"ppo_frac_1000000","checkpoint":"results/pendulum_pipeline/policies/ppo_frac_1000000","timesteps":1000000},{"name":"ppo_frac_2000000","checkpoint":"results/pendulum_pipeline/policies/ppo_frac_2000000","timesteps":2000000,"true_return":-147.9751739501953,"env_mc":-75.94432067871094,"q_estimate":-72.47696685791016,"dynamics":{"ranking":-140.7144775390625,"ranking_new":{"hinge":-62.701866149902344,"listnet":-113.53956604003906,"kendall":-50.10713195800781},"supervised":-76.18201446533203}},{"q_estimate":-72.32220458984375,"dynamics":{"supervised":-68.42250061035156,"ranking":-140.84228515625,"ranking_new":{"kendall":-53.671043395996094,"hinge":-59.07121276855469,"listnet":-113.57723236083984}},"name":"ppo_frac_3000000","checkpoint":"results/pendulum_pipeline/policies/ppo_frac_3000000","timesteps":3000000,"true_return":-148.49398803710938,"env_mc":-75.53142547607422},{"q_estimate":-72.35894775390625,"dynamics":{"ranking_new":{"kendall":-52.484580993652344,"hinge":-62.32658386230469,"listnet":-113.71781921386719},"supervised":-72.98047637939453,"ranking":-140.18516540527344},"name":"ppo_frac_4000000","checkpoint":"results/pendulum_pipeline/policies/ppo_frac_4000000","timesteps":4000000,"true_return":-140.45201110839844,"env_mc":-75.36467742919922},{"timesteps":5000000,"true_return":-141.24745178222656,"env_mc":-75.2945556640625,"q_estimate":-72.5934829711914,"dynamics":{"ranking_new":{"kendall":-52.716251373291016,"hinge":-63.860843658447266,"listnet":-114.13917541503906},"supervised":-69.80509948730469,"ranking":-140.78990173339844},"name":"ppo_frac_5000000","checkpoint":"results/pendulum_pipeline/policies/ppo_frac_5000000"}],"dynamics/supervised":-1.985797988043891,"_wandb":{"runtime":5682},"dynamics/ranking_new/kendall_val":-1.5751964151859283,"_runtime":5682.967449096,"eval/dynamics_ranking_new_hinge":-63.860843658447266,"eval/policy_name":"ppo_frac_5000000","q_models/trained":1,"q_model_paths":{"ppo_frac_0":"results/pendulum_pipeline/q_models/ppo_frac_0.pt","ppo_frac_1000000":"results/pendulum_pipeline/q_models/ppo_frac_1000000.pt","ppo_frac_2000000":"results/pendulum_pipeline/q_models/ppo_frac_2000000.pt","ppo_frac_3000000":"results/pendulum_pipeline/q_models/ppo_frac_3000000.pt","ppo_frac_4000000":"results/pendulum_pipeline/q_models/ppo_frac_4000000.pt","ppo_frac_5000000":"results/pendulum_pipeline/q_models/ppo_frac_5000000.pt"},"q_train/ppo_frac_3000000_step":{"max":1000},"dynamics/ranking_val":-1.6943011172115803,"eval/env_mc":-75.2945556640625,"dynamics/ranking_new/kendall_step":{"max":995},"q_train/ppo_frac_5000000":0.44617237138251464,"_step":5000000,"eval/dynamics_ranking":-140.78990173339844,"timing/dynamics_training_sec":3513.7498150570027,"dataset/transitions":30000,"q_train/ppo_frac_5000000_step":{"max":1000},"dynamics/ranking_new/kendall":-1.7944544424061422,"dynamics/ranking_new/listnet":-1.754378553893831,"q_train/ppo_frac_1000000_step":{"max":1000},"eval/true_return":-141.24745178222656,"dynamics/ranking_new/listnet_step":{"max":966},"q_train/ppo_frac_2000000":0.4501834265266856,"dataset/source_loaded":0,"dynamics/supervised_step":{"max":671},"eval/dynamics_ranking_new_kendall":-52.716251373291016,"q_train/ppo_frac_1000000":0.4947845513621966,"dynamics_paths":{"ranking_new":{"kendall":"results/pendulum_pipeline/dynamics/dynamics_ranking_new_kendall.pt","hinge":"results/pendulum_pipeline/dynamics/dynamics_ranking_new_hinge.pt","listnet":"results/pendulum_pipeline/dynamics/dynamics_ranking_new_listnet.pt"},"supervised":"results/pendulum_pipeline/dynamics/dynamics_supervised.pt","ranking":"results/pendulum_pipeline/dynamics/dynamics_ranking.pt","q_aware":{}},"dynamics/supervised_val":-1.9950942993164062,"eval/dynamics_supervised":-69.80509948730469,"dynamics/ranking_new/listnet_val":-1.3464011788368224,"q_train/ppo_frac_0":0.5384043492376804,"num_transitions":30000,"eval/q_estimate":-72.5934829711914,"dynamics/ranking":-1.731664149435582,"dynamics/ranking_new/hinge_val":-1.0962007284164428,"_timestamp":1.765517580549738e+09,"q_models/count":6,"eval/dynamics_ranking_new_listnet":-114.13917541503906,"q_train/ppo_frac_2000000_step":{"max":1000},"dataset/initial_states":156,"q_train/ppo_frac_0_step":{"max":1000},"dynamics/ranking_step":{"max":802},"policies/count":6,"dynamics/ranking_new/hinge_step":{"max":748}}