{"_runtime":1335,"_step":2895,"dynamics/qaware/ppo_frac_400000_step":{"max":222},"dynamics/qaware/ppo_frac_600000_val":6.002914587656657,"q_models/trained":0,"dynamics/qaware/ppo_frac_600000":5.413983277554782,"policies/trained":0,"dynamics/qaware/ppo_frac_0_step":{"max":1471},"_wandb":{"runtime":1335},"dataset/transitions":60000,"dynamics/qaware/ppo_frac_600000_step":{"max":21},"dataset/initial_states":155,"dynamics/qaware/ppo_frac_200000_val":-2.3533640702565513,"dynamics/qaware/ppo_frac_0_val":NaN,"dynamics/supervised_val":103.98191563288371,"dynamics/qaware/ppo_frac_400000_val":4577.437906901042,"dynamics/qaware/ppo_frac_400000":4675.798174012382,"q_models/count":6,"dynamics/qaware/ppo_frac_200000_step":{"max":752},"dynamics/qaware/ppo_frac_200000":-3.933564694422596,"dynamics/supervised_step":{"max":427},"policies/count":6,"dataset/source_loaded":0,"dynamics/qaware/ppo_frac_0":0,"dynamics/supervised":-9.677190510731823,"_timestamp":1.7654344250468292e+09}