epoch,step,min,max,mean,std
1,10000,-251.43716430664062,94.16180419921875,-4.6396894454956055,37.509281158447266
