epoch,step,min,max,mean,std
1,10000,-0.10934432595968246,0.0645059198141098,-0.004008385352790356,0.040810178965330124
