epoch,step,min,max,mean,std
1,10000,-87.46383666992188,82.89578247070312,0.0754556730389595,11.375265121459961
