epoch,step,min,max,mean,std
1,10000,-0.016925545409321785,0.013436262495815754,1.0464328624948394e-05,0.00519621092826128
