{
  "config": {
    "max_t": 200,
    "setting": 5,
    "total_steps": 10000,
    "ppo_fractions": [
      0.2,
      0.4,
      0.6,
      0.8,
      1.0
    ],
    "n_envs": 8,
    "n_steps": 2048,
    "batch_size": 512,
    "learning_rate": 0.0003,
    "gamma": 0.99,
    "gae_lambda": 0.95,
    "clip_range": 0.2,
    "ent_coef": 0.01,
    "vf_coef": 0.5,
    "seed": 3,
    "rollout_steps": 10000,
    "q_epochs": 500,
    "q_batch": 512,
    "q_lr": 0.0003,
    "q_samples": 32,
    "dyn_epochs": 2000,
    "dyn_batch": 512,
    "dyn_lr": 0.0003,
    "dyn_hidden_dim": 128,
    "dyn_val_fraction": 0.1,
    "dyn_early_stop_patience": 100,
    "dyn_min_epochs": 0,
    "dynamics_loss": "nll",
    "lambda_rank": 0.1,
    "backbone": "transformer",
    "dyn_seq_len": 8,
    "dyn_seq_overlap": 0,
    "eval_rollouts": 10,
    "eval_horizon": 200,
    "output_dir": "results/cancer_pipeline",
    "device": "auto",
    "force_policy_training": false,
    "force_dataset_collection": false,
    "force_q_training": false,
    "force_dynamics_training": true,
    "results_only": false,
    "wandb_project": "DT2-cancer",
    "wandb_entity": null,
    "wandb_run_name": null,
    "wandb_mode": "online"
  },
  "dataset_stats": {
    "num_transitions": 6000,
    "num_initial_states": 49,
    "state_dim": 7,
    "action_dim": 2,
    "state_mean": [
      6.669699192047119,
      12.392626762390137,
      6.792642116546631,
      24.0268611907959,
      11.116888046264648,
      8.897756576538086,
      11.13903522491455
    ],
    "state_std": [
      6.945222854614258,
      5.212599277496338,
      5.334871768951416,
      0.7958517074584961,
      5.77739953994751,
      1.5086309909820557,
      4.892608165740967
    ],
    "action_mean": [
      0.42030903697013855,
      0.47704896330833435
    ],
    "action_std": [
      0.6196646690368652,
      0.6464419364929199
    ],
    "reward_mean": 0.5108208656311035,
    "reward_std": 6.089563369750977,
    "reward_min": -0.2972515821456909,
    "reward_max": 100.93700408935547,
    "done_rate": 0.007166666444391012
  },
  "num_transitions": 6000,
  "q_model_paths": {
    "ppo_frac_0": "results/cancer_pipeline/q_models/ppo_frac_0.pt",
    "ppo_frac_20000": "results/cancer_pipeline/q_models/ppo_frac_20000.pt",
    "ppo_frac_40000": "results/cancer_pipeline/q_models/ppo_frac_40000.pt",
    "ppo_frac_60000": "results/cancer_pipeline/q_models/ppo_frac_60000.pt",
    "ppo_frac_80000": "results/cancer_pipeline/q_models/ppo_frac_80000.pt",
    "ppo_frac_100000": "results/cancer_pipeline/q_models/ppo_frac_100000.pt"
  },
  "dynamics_paths": {
    "supervised": "results/cancer_pipeline/transformer/dynamics/dynamics_supervised.pt",
    "ranking_new": {
      "kendall": "results/cancer_pipeline/transformer/dynamics/dynamics_ranking_new_kendall.pt",
      "hinge": "results/cancer_pipeline/transformer/dynamics/dynamics_ranking_new_hinge.pt",
      "listnet": "results/cancer_pipeline/transformer/dynamics/dynamics_ranking_new_listnet.pt"
    }
  },
  "results": [
    {
      "name": "ppo_frac_0",
      "checkpoint": "results/cancer_pipeline/policies/ppo_frac_0",
      "timesteps": 0,
      "q_estimate": 46.44432067871094,
      "dynamics": {
        "supervised": -58.44331741333008,
        "supervised_mse": 0.24769222736358643,
        "supervised_train_mse": 0.39783287048339844,
        "ranking_new": {
          "kendall": -93.9997787475586,
          "hinge": -65.65119171142578,
          "listnet": -28.933807373046875
        },
        "ranking_new_mse": {
          "kendall": 0.4265938997268677,
          "hinge": 0.26863473653793335,
          "listnet": 0.2727217674255371
        },
        "ranking_new_train_mse": {
          "kendall": 0.5633122324943542,
          "hinge": 0.4208804965019226,
          "listnet": 0.4584897458553314
        }
      },
      "env_mc": -23.542304765821047
    },
    {
      "name": "ppo_frac_20000",
      "checkpoint": "results/cancer_pipeline/policies/ppo_frac_20000",
      "timesteps": 20000,
      "q_estimate": 36.08650588989258,
      "dynamics": {
        "supervised": -58.957984924316406,
        "supervised_mse": 0.25254371762275696,
        "supervised_train_mse": 0.41441547870635986,
        "ranking_new": {
          "kendall": -93.3730697631836,
          "hinge": -52.28696823120117,
          "listnet": -27.199682235717773
        },
        "ranking_new_mse": {
          "kendall": 0.4265861213207245,
          "hinge": 0.2681771218776703,
          "listnet": 0.2706242501735687
        },
        "ranking_new_train_mse": {
          "kendall": 0.566885232925415,
          "hinge": 0.41157469153404236,
          "listnet": 0.4570738673210144
        }
      },
      "env_mc": -20.990056694766697
    },
    {
      "name": "ppo_frac_40000",
      "checkpoint": "results/cancer_pipeline/policies/ppo_frac_40000",
      "timesteps": 40000,
      "q_estimate": 41.98473358154297,
      "dynamics": {
        "supervised": -55.115028381347656,
        "supervised_mse": 0.2457551509141922,
        "supervised_train_mse": 0.41252434253692627,
        "ranking_new": {
          "kendall": -93.04595947265625,
          "hinge": -44.96197509765625,
          "listnet": -25.715808868408203
        },
        "ranking_new_mse": {
          "kendall": 0.4262118935585022,
          "hinge": 0.26430559158325195,
          "listnet": 0.2712494134902954
        },
        "ranking_new_train_mse": {
          "kendall": 0.5656543374061584,
          "hinge": 0.42290037870407104,
          "listnet": 0.4578636586666107
        }
      },
      "env_mc": -17.000471199935113
    },
    {
      "name": "ppo_frac_60000",
      "checkpoint": "results/cancer_pipeline/policies/ppo_frac_60000",
      "timesteps": 60000,
      "q_estimate": 49.46964645385742,
      "dynamics": {
        "supervised": -53.83930587768555,
        "supervised_mse": 0.2480219304561615,
        "supervised_train_mse": 0.39873206615448,
        "ranking_new": {
          "kendall": -92.88912200927734,
          "hinge": -43.38569641113281,
          "listnet": -26.489606857299805
        },
        "ranking_new_mse": {
          "kendall": 0.42525848746299744,
          "hinge": 0.26340028643608093,
          "listnet": 0.27211660146713257
        },
        "ranking_new_train_mse": {
          "kendall": 0.5715652704238892,
          "hinge": 0.41555580496788025,
          "listnet": 0.4583301544189453
        }
      },
      "env_mc": 23.402181675317525
    },
    {
      "name": "ppo_frac_80000",
      "checkpoint": "results/cancer_pipeline/policies/ppo_frac_80000",
      "timesteps": 80000,
      "q_estimate": 50.64976119995117,
      "dynamics": {
        "supervised": -49.37613296508789,
        "supervised_mse": 0.252360999584198,
        "supervised_train_mse": 0.4097483158111572,
        "ranking_new": {
          "kendall": -92.58332061767578,
          "hinge": -39.45737838745117,
          "listnet": -26.00240135192871
        },
        "ranking_new_mse": {
          "kendall": 0.4244481921195984,
          "hinge": 0.2609005868434906,
          "listnet": 0.2725132405757904
        },
        "ranking_new_train_mse": {
          "kendall": 0.5642294883728027,
          "hinge": 0.41797715425491333,
          "listnet": 0.44940266013145447
        }
      },
      "env_mc": 34.338747297792494
    },
    {
      "name": "ppo_frac_100000",
      "checkpoint": "results/cancer_pipeline/policies/ppo_frac_100000",
      "timesteps": 100000,
      "q_estimate": 57.191341400146484,
      "dynamics": {
        "supervised": -48.60184097290039,
        "supervised_mse": 0.24605613946914673,
        "supervised_train_mse": 0.40611687302589417,
        "ranking_new": {
          "kendall": -91.92601776123047,
          "hinge": -38.37746047973633,
          "listnet": -24.97942543029785
        },
        "ranking_new_mse": {
          "kendall": 0.423139750957489,
          "hinge": 0.2598745822906494,