{
  "config": {
    "max_t": 200,
    "setting": 5,
    "total_steps": 10000,
    "ppo_fractions": [
      0.2,
      0.4,
      0.6,
      0.8,
      1.0
    ],
    "n_envs": 8,
    "n_steps": 2048,
    "batch_size": 512,
    "learning_rate": 0.0003,
    "gamma": 0.99,
    "gae_lambda": 0.95,
    "clip_range": 0.2,
    "ent_coef": 0.01,
    "vf_coef": 0.5,
    "seed": 8,
    "rollout_steps": 10000,
    "q_epochs": 500,
    "q_batch": 512,
    "q_lr": 0.0003,
    "q_samples": 32,
    "dyn_epochs": 2000,
    "dyn_batch": 512,
    "dyn_lr": 0.0003,
    "dyn_hidden_dim": 128,
    "dyn_val_fraction": 0.1,
    "dyn_early_stop_patience": 20,
    "dyn_min_epochs": 0,
    "dynamics_loss": "nll",
    "lambda_rank": 0.1,
    "backbone": "transformer",
    "dyn_seq_len": 8,
    "dyn_seq_overlap": 0,
    "eval_rollouts": 10,
    "eval_horizon": 200,
    "output_dir": "results/cancer_pipeline",
    "device": "auto",
    "force_policy_training": false,
    "force_dataset_collection": false,
    "force_q_training": false,
    "force_dynamics_training": true,
    "results_only": false,
    "wandb_project": "DT2-cancer",
    "wandb_entity": null,
    "wandb_run_name": null,
    "wandb_mode": "online"
  },
  "dataset_stats": {
    "num_transitions": 6000,
    "num_initial_states": 49,
    "state_dim": 7,
    "action_dim": 2,
    "state_mean": [
      6.669699192047119,
      12.392626762390137,
      6.792642116546631,
      24.0268611907959,
      11.116888046264648,
      8.897756576538086,
      11.13903522491455
    ],
    "state_std": [
      6.945222854614258,
      5.212599277496338,
      5.334871768951416,
      0.7958517074584961,
      5.77739953994751,
      1.5086309909820557,
      4.892608165740967
    ],
    "action_mean": [
      0.42030903697013855,
      0.47704896330833435
    ],
    "action_std": [
      0.6196646690368652,
      0.6464419364929199
    ],
    "reward_mean": 0.5108208656311035,
    "reward_std": 6.089563369750977,
    "reward_min": -0.2972515821456909,
    "reward_max": 100.93700408935547,
    "done_rate": 0.007166666444391012
  },
  "num_transitions": 6000,
  "q_model_paths": {
    "ppo_frac_0": "results/cancer_pipeline/q_models/ppo_frac_0.pt",
    "ppo_frac_20000": "results/cancer_pipeline/q_models/ppo_frac_20000.pt",
    "ppo_frac_40000": "results/cancer_pipeline/q_models/ppo_frac_40000.pt",
    "ppo_frac_60000": "results/cancer_pipeline/q_models/ppo_frac_60000.pt",
    "ppo_frac_80000": "results/cancer_pipeline/q_models/ppo_frac_80000.pt",
    "ppo_frac_100000": "results/cancer_pipeline/q_models/ppo_frac_100000.pt"
  },
  "dynamics_paths": {
    "supervised": "results/cancer_pipeline/transformer/dynamics/dynamics_supervised.pt",
    "ranking_new": {
      "kendall": "results/cancer_pipeline/transformer/dynamics/dynamics_ranking_new_kendall.pt",
      "hinge": "results/cancer_pipeline/transformer/dynamics/dynamics_ranking_new_hinge.pt",
      "listnet": "results/cancer_pipeline/transformer/dynamics/dynamics_ranking_new_listnet.pt"
    }
  },
  "results": [
    {
      "name": "ppo_frac_0",
      "checkpoint": "results/cancer_pipeline/policies/ppo_frac_0",
      "timesteps": 0,
      "q_estimate": 46.44270706176758,
      "dynamics": {
        "supervised": -95.50344848632812,
        "supervised_mse": 0.3657815754413605,
        "supervised_train_mse": 0.4963892996311188,
        "ranking_new": {
          "kendall": -75.9075927734375,
          "hinge": -7.825230598449707,
          "listnet": -68.73365783691406
        },
        "ranking_new_mse": {
          "kendall": 0.2984320819377899,
          "hinge": 0.3032073676586151,
          "listnet": 0.2862664461135864
        },
        "ranking_new_train_mse": {
          "kendall": 0.44324925541877747,
          "hinge": 0.4761936068534851,
          "listnet": 0.4405457675457001
        }
      },
      "env_mc": -23.295313351675322
    },
    {
      "name": "ppo_frac_20000",
      "checkpoint": "results/cancer_pipeline/policies/ppo_frac_20000",
      "timesteps": 20000,
      "q_estimate": 36.05473327636719,
      "dynamics": {
        "supervised": -95.25514221191406,
        "supervised_mse": 0.3622397482395172,
        "supervised_train_mse": 0.4997471272945404,
        "ranking_new": {
          "kendall": -73.01456451416016,
          "hinge": -4.872720241546631,
          "listnet": -64.57471466064453
        },
        "ranking_new_mse": {
          "kendall": 0.29776281118392944,
          "hinge": 0.3067527413368225,
          "listnet": 0.2843809723854065
        },
        "ranking_new_train_mse": {
          "kendall": 0.4479934275150299,
          "hinge": 0.4710535407066345,
          "listnet": 0.4404723048210144
        }
      },
      "env_mc": -20.743939351220835
    },
    {
      "name": "ppo_frac_40000",
      "checkpoint": "results/cancer_pipeline/policies/ppo_frac_40000",
      "timesteps": 40000,
      "q_estimate": 42.05276870727539,
      "dynamics": {
        "supervised": -94.96965789794922,
        "supervised_mse": 0.357043981552124,
        "supervised_train_mse": 0.49953702092170715,
        "ranking_new": {
          "kendall": -71.06019592285156,
          "hinge": 2.073779821395874,
          "listnet": -62.664710998535156
        },
        "ranking_new_mse": {
          "kendall": 0.29988595843315125,
          "hinge": 0.30116552114486694,
          "listnet": 0.2843867838382721
        },
        "ranking_new_train_mse": {
          "kendall": 0.45158398151397705,
          "hinge": 0.4690370261669159,
          "listnet": 0.44250941276550293
        }
      },
      "env_mc": -16.738118240937805
    },
    {
      "name": "ppo_frac_60000",
      "checkpoint": "results/cancer_pipeline/policies/ppo_frac_60000",
      "timesteps": 60000,
      "q_estimate": 49.504920959472656,
      "dynamics": {
        "supervised": -94.4857406616211,
        "supervised_mse": 0.3649519085884094,
        "supervised_train_mse": 0.4979560375213623,
        "ranking_new": {
          "kendall": -70.02750396728516,
          "hinge": 8.04212474822998,
          "listnet": -62.52964401245117
        },
        "ranking_new_mse": {
          "kendall": 0.30206990242004395,
          "hinge": 0.3067489266395569,
          "listnet": 0.28476643562316895
        },
        "ranking_new_train_mse": {
          "kendall": 0.4444979727268219,
          "hinge": 0.4608941078186035,
          "listnet": 0.44335082173347473
        }
      },
      "env_mc": 23.898004802487947
    },
    {
      "name": "ppo_frac_80000",
      "checkpoint": "results/cancer_pipeline/policies/ppo_frac_80000",
      "timesteps": 80000,
      "q_estimate": 50.632720947265625,
      "dynamics": {
        "supervised": -94.37733459472656,
        "supervised_mse": 0.3688131272792816,
        "supervised_train_mse": 0.5022874474525452,
        "ranking_new": {
          "kendall": -67.96207427978516,
          "hinge": 11.887984275817871,
          "listnet": -62.6177864074707
        },
        "ranking_new_mse": {
          "kendall": 0.29927945137023926,
          "hinge": 0.30847063660621643,
          "listnet": 0.28389111161231995
        },
        "ranking_new_train_mse": {
          "kendall": 0.4422518014907837,
          "hinge": 0.4710947871208191,
          "listnet": 0.44417059421539307
        }
      },
      "env_mc": 34.18151901021584
    },
    {
      "name": "ppo_frac_100000",
      "checkpoint": "results/cancer_pipeline/policies/ppo_frac_100000",
      "timesteps": 100000,
      "q_estimate": 57.196781158447266,
      "dynamics": {
        "supervised": -93.39208984375,
        "supervised_mse": 0.36252838373184204,
        "supervised_train_mse": 0.500404953956604,
        "ranking_new": {
          "kendall": -62.4967041015625,
          "hinge": 15.309863090515137,
          "listnet": -59.71982955932617
        },
        "ranking_new_mse": {
          "kendall": 0.2982853651046753,
          "hinge": 0.30099284648895264,