{"policies/trained":1,"q_train/ppo_frac_1500000":0.551370524764061,"dynamics/qaware/ppo_frac_1000000_val":0.9446753859519958,"dynamics/qaware/ppo_frac_1500000_step":{"max":350},"q_train/ppo_frac_0":0.3894789531826973,"q_train/ppo_frac_2000000":0.5648734131455422,"dynamics/supervised_val":-1.4922422170639038,"dynamics/qaware/ppo_frac_0_step":{"max":217},"dynamics/supervised":-1.5326216708530078,"dynamics/qaware/ppo_frac_0_val":1.9963059822718303,"q_models/count":5,"dynamics/ranking_val":0.6156651178995768,"q_model_paths":{"ppo_frac_0":"results/pendulum_pipeline/q_models/ppo_frac_0.pt","ppo_frac_500000":"results/pendulum_pipeline/q_models/ppo_frac_500000.pt","ppo_frac_1000000":"results/pendulum_pipeline/q_models/ppo_frac_1000000.pt","ppo_frac_1500000":"results/pendulum_pipeline/q_models/ppo_frac_1500000.pt","ppo_frac_2000000":"results/pendulum_pipeline/q_models/ppo_frac_2000000.pt"},"config":{"clip_range":0.2,"dyn_batch":1024,"eval_episodes":20,"output_dir":"results/pendulum_pipeline","ppo_fractions":[0.25,0.5,0.75,1],"gae_lambda":0.95,"seed":42,"dyn_min_epochs":50,"force_policy_training":true,"force_dynamics_training":true,"rollout_steps":5000,"q_epochs":300,"dyn_val_fraction":0.1,"device":"auto","results_only":false,"vf_coef":0.5,"lambda_rank":0.1,"eval_rollouts":256,"wandb_project":"DT2-pendulum","wandb_run_name":null,"wandb_mode":"online","dyn_epochs":500,"lambda_td":0.1,"total_steps":2000000,"gamma":0.95,"ent_coef":0,"q_batch":1024,"q_lr":0.0003,"dyn_lr":0.001,"env_id":"Pendulum-v1","q_samples":32,"dyn_early_stop_patience":50,"batch_size":1024,"learning_rate":0.0003,"eval_horizon":200,"force_q_training":true,"wandb_entity":null,"n_envs":8,"n_steps":2048},"results":[{"q_estimate":-108.87279510498047,"dynamics":{"supervised":-111.38440704345703,"q_aware":-111.13208770751953,"ranking":-91.26350402832031},"name":"ppo_frac_0","checkpoint":"results/pendulum_pipeline/policies/ppo_frac_0","timesteps":0,"true_return":-1208.614013671875,"env_mc":-114.81062316894531},{"name":"ppo_frac_500000","checkpoint":"results/pendulum_pipeline/policies/ppo_frac_500000","timesteps":500000,"true_return":-852.6644287109375,"env_mc":-96.93939971923828,"q_estimate":-98.1698989868164,"dynamics":{"supervised":-95.04447937011719,"q_aware":-89.32234191894531,"ranking":-84.20652770996094}},{"true_return":-168.5331573486328,"env_mc":-71.1898193359375,"q_estimate":-78.34110260009766,"dynamics":{"supervised":-69.56578063964844,"q_aware":-87.31578063964844,"ranking":-77.76812744140625},"name":"ppo_frac_1000000","checkpoint":"results/pendulum_pipeline/policies/ppo_frac_1000000","timesteps":1000000},{"env_mc":-69.98933410644531,"q_estimate":-76.84374237060547,"dynamics":{"supervised":-71.0954360961914,"q_aware":-93.79246520996094,"ranking":-74.94712829589844},"name":"ppo_frac_1500000","checkpoint":"results/pendulum_pipeline/policies/ppo_frac_1500000","timesteps":1500000,"true_return":-160.01596069335938},{"name":"ppo_frac_2000000","checkpoint":"results/pendulum_pipeline/policies/ppo_frac_2000000","timesteps":2000000,"true_return":-161.5424041748047,"env_mc":-69.88330078125,"q_estimate":-76.39836883544922,"dynamics":{"supervised":-66.22993469238281,"q_aware":-80.04594421386719,"ranking":-72.46990966796875}}],"q_train/ppo_frac_1000000":0.5870098060369492,"dynamics/qaware/ppo_frac_1000000":1.0451427725228397,"dynamics/supervised_step":{"max":233},"ppo/train/clip_fraction":0.0442138671875,"dataset/source_loaded":0,"ppo/train/value_loss":0.6601314304396511,"dynamics/ranking_step":{"max":83},"dataset/initial_states":130,"dynamics/qaware/ppo_frac_2000000_val":2.8614985148111978,"dynamics/qaware/ppo_frac_1000000_step":{"max":345},"num_transitions":25000,"q_train/ppo_frac_500000":0.4346662724018097,"_runtime":1218,"ppo/train/loss":0.32900291681289673,"q_models/trained":1,"dynamics/qaware/ppo_frac_500000":2.5868443575772373,"dynamics/qaware/ppo_frac_1500000_val":2.6473533312479653,"q_train/ppo_frac_0_step":{"max":300},"_timestamp":1.765348146494185e+09,"q_train/ppo_frac_1000000_step":{"max":300},"ppo/train/learning_rate":0.0003,"ppo/train/n_updates":1220,"timing/ppo_training_sec":350.2679363359998,"ppo/train/policy_gradient_loss":0.0001664103430812247,"dynamics/trained":1,"q_train/ppo_frac_500000_step":{"max":300},"q_train/ppo_frac_1500000_step":{"max":300},"dynamics/qaware/ppo_frac_0":-0.9111290763724934,"ppo/train/explained_variance":0.9987093806266785,"_step":2018414,"dynamics_paths":{"supervised":"results/pendulum_pipeline/dynamics/dynamics_supervised.pt","ranking":"results/pendulum_pipeline/dynamics/dynamics_ranking.pt","q_aware":{"ppo_frac_0":"results/pendulum_pipeline/dynamics/dynamics_q_ppo_frac_0.pt","ppo_frac_500000":"results/pendulum_pipeline/dynamics/dynamics_q_ppo_frac_500000.pt","ppo_frac_1000000":"results/pendulum_pipeline/dynamics/dynamics_q_ppo_frac_1000000.pt","ppo_frac_1500000":"results/pendulum_pipeline/dynamics/dynamics_q_ppo_frac_1500000.pt","ppo_frac_2000000":"results/pendulum_pipeline/dynamics/dynamics_q_ppo_frac_2000000.pt"}},"q_train/ppo_frac_2000000_step":{"max":300},"policies/count":5,"dynamics/qaware/ppo_frac_2000000":3.034674969586459,"dynamics/ranking":-0.9076876450668682,"ppo/train/entropy_loss":-0.11250118166208267,"dynamics/qaware/ppo_frac_500000_val":2.3837817509969077,"dynamics/qaware/ppo_frac_500000_step":{"max":270},"dataset/transitions":25000,"ppo/train/clip_range":0.2,"dynamics/qaware/ppo_frac_2000000_step":{"max":181},"timing/dynamics_training_sec":314.56419396,"_wandb":{"runtime":1218},"ppo/train/std":0.26955312490463257,"dynamics/qaware/ppo_frac_1500000":2.53053558956493,"timing/q_training_sec":398.85474195100005}