epoch,step,min,max,mean,std
1,10000,-40.869625091552734,35.611019134521484,-0.0986529290676117,4.464144229888916
