epoch,step,min,max,mean,std
1,10000,-0.03129918873310089,0.021362723782658577,-0.0045449212193489075,0.01919785514473915
