epoch,step,min,max,mean,std
1,10000,-0.008303320035338402,0.00780415628105402,-0.0001784558844519779,0.002586920978501439
