epoch,step,min,max,mean,std
1,10000,-71.4455337524414,44.36813735961914,-3.1873857975006104,13.42353343963623
