{
  "config": {
    "max_t": 200,
    "setting": 5,
    "total_steps": 10000,
    "ppo_fractions": [
      0.2,
      0.4,
      0.6,
      0.8,
      1.0
    ],
    "n_envs": 8,
    "n_steps": 2048,
    "batch_size": 512,
    "learning_rate": 0.0003,
    "gamma": 0.99,
    "gae_lambda": 0.95,
    "clip_range": 0.2,
    "ent_coef": 0.01,
    "vf_coef": 0.5,
    "seed": 30,
    "rollout_steps": 1000,
    "q_epochs": 500,
    "q_batch": 512,
    "q_lr": 0.0003,
    "q_samples": 32,
    "dyn_epochs": 2000,
    "dyn_batch": 512,
    "dyn_lr": 0.0003,
    "dyn_hidden_dim": 256,
    "dyn_val_fraction": 0.1,
    "dyn_early_stop_patience": 50,
    "dyn_min_epochs": 50,
    "dynamics_loss": "mse",
    "lambda_rank": 0.1,
    "eval_rollouts": 20,
    "eval_horizon": 200,
    "output_dir": "results/cancer_pipeline",
    "device": "auto",
    "force_policy_training": false,
    "force_dataset_collection": true,
    "force_q_training": true,
    "force_dynamics_training": true,
    "results_only": false,
    "wandb_project": "DT2-cancer",
    "wandb_entity": null,
    "wandb_run_name": null,
    "wandb_mode": "online"
  },
  "dataset_stats": {
    "num_transitions": 6000,
    "num_initial_states": 44,
    "state_dim": 7,
    "action_dim": 2,
    "state_mean": [
      6.806326866149902,
      12.142863273620605,
      6.772385597229004,
      24.083703994750977,
      11.9683256149292,
      8.773672103881836,
      11.864096641540527
    ],
    "state_std": [
      7.234394073486328,
      5.288628101348877,
      5.466547012329102,
      0.7696334719657898,
      5.09176778793335,
      1.4486777782440186,
      4.282410621643066
    ],
    "action_mean": [
      0.4033671021461487,
      0.46889159083366394
    ],
    "action_std": [
      0.60870361328125,
      0.63139408826828
    ],
    "reward_mean": 0.3297792077064514,
    "reward_std": 5.356332778930664,
    "reward_min": -99.88216400146484,
    "reward_max": 100.93763732910156,
    "done_rate": 0.0063333334401249886
  },
  "num_transitions": 6000,
  "q_model_paths": {
    "ppo_frac_0": "results/cancer_pipeline/q_models/ppo_frac_0.pt",
    "ppo_frac_20000": "results/cancer_pipeline/q_models/ppo_frac_20000.pt",
    "ppo_frac_40000": "results/cancer_pipeline/q_models/ppo_frac_40000.pt",
    "ppo_frac_60000": "results/cancer_pipeline/q_models/ppo_frac_60000.pt",
    "ppo_frac_80000": "results/cancer_pipeline/q_models/ppo_frac_80000.pt",
    "ppo_frac_100000": "results/cancer_pipeline/q_models/ppo_frac_100000.pt"
  },
  "dynamics_paths": {
    "supervised": "results/cancer_pipeline/dynamics/dynamics_supervised.pt",
    "ranking_new": {
      "kendall": "results/cancer_pipeline/dynamics/dynamics_ranking_new_kendall.pt",
      "hinge": "results/cancer_pipeline/dynamics/dynamics_ranking_new_hinge.pt",
      "listnet": "results/cancer_pipeline/dynamics/dynamics_ranking_new_listnet.pt"
    }
  },
  "results": [
    {
      "name": "ppo_frac_0",
      "checkpoint": "results/cancer_pipeline/policies/ppo_frac_0",
      "timesteps": 0,
      "q_estimate": 17.838834762573242,
      "dynamics": {
        "supervised": -104.00190734863281,
        "ranking_new": {
          "kendall": -54.36397933959961,
          "hinge": -65.62530517578125,
          "listnet": -100.29463958740234
        }
      },
      "env_mc": -23.278614995508356
    },
    {
      "name": "ppo_frac_20000",
      "checkpoint": "results/cancer_pipeline/policies/ppo_frac_20000",
      "timesteps": 20000,
      "q_estimate": 19.68280029296875,
      "dynamics": {
        "supervised": -100.50260925292969,
        "ranking_new": {
          "kendall": -28.9822940826416,
          "hinge": -65.9478530883789,
          "listnet": -78.05348205566406
        }
      },
      "env_mc": -20.703998204324815
    },
    {
      "name": "ppo_frac_40000",
      "checkpoint": "results/cancer_pipeline/policies/ppo_frac_40000",
      "timesteps": 40000,
      "q_estimate": 22.451807022094727,
      "dynamics": {
        "supervised": -76.09798431396484,
        "ranking_new": {
          "kendall": -26.284032821655273,
          "hinge": -67.02706146240234,
          "listnet": -66.75018310546875
        }
      },
      "env_mc": -16.720819566516678
    },
    {
      "name": "ppo_frac_60000",
      "checkpoint": "results/cancer_pipeline/policies/ppo_frac_60000",
      "timesteps": 60000,
      "q_estimate": 15.57215404510498,
      "dynamics": {
        "supervised": -61.134498596191406,
        "ranking_new": {
          "kendall": -28.29294204711914,
          "hinge": -68.11593627929688,
          "listnet": -70.3836441040039
        }
      },
      "env_mc": 12.50749399383058
    },
    {
      "name": "ppo_frac_80000",
      "checkpoint": "results/cancer_pipeline/policies/ppo_frac_80000",
      "timesteps": 80000,
      "q_estimate": 30.32611656188965,
      "dynamics": {
        "supervised": -60.74787521362305,
        "ranking_new": {
          "kendall": -10.168832778930664,
          "hinge": -60.407379150390625,
          "listnet": -64.80999755859375
        }
      },
      "env_mc": 23.614962975270736
    },
    {
      "name": "ppo_frac_100000",
      "checkpoint": "results/cancer_pipeline/policies/ppo_frac_100000",
      "timesteps": 100000,
      "q_estimate": 34.21994400024414,
      "dynamics": {
        "supervised": -46.5638542175293,
        "ranking_new": {
          "kendall": 12.513278007507324,
          "hinge": -56.210365295410156,
          "listnet": -65.28402709960938
        }
      },
      "env_mc": 45.22818717435511
    }
  ]
}