{
  "config": {
    "max_t": 200,
    "setting": 5,
    "total_steps": 10000,
    "ppo_fractions": [
      0.2,
      0.4,
      0.6,
      0.8,
      1.0
    ],
    "n_envs": 8,
    "n_steps": 2048,
    "batch_size": 512,
    "learning_rate": 0.0003,
    "gamma": 0.99,
    "gae_lambda": 0.95,
    "clip_range": 0.2,
    "ent_coef": 0.01,
    "vf_coef": 0.5,
    "seed": 21,
    "rollout_steps": 1000,
    "q_epochs": 500,
    "q_batch": 512,
    "q_lr": 0.0003,
    "q_samples": 32,
    "dyn_epochs": 2000,
    "dyn_batch": 512,
    "dyn_lr": 0.0003,
    "dyn_hidden_dim": 64,
    "dyn_val_fraction": 0.1,
    "dyn_early_stop_patience": 20,
    "dyn_min_epochs": 0,
    "dynamics_loss": "mse",
    "lambda_rank": 0.1,
    "eval_rollouts": 10,
    "eval_horizon": 200,
    "output_dir": "results/cancer_pipeline",
    "device": "auto",
    "force_policy_training": false,
    "force_dataset_collection": false,
    "force_q_training": false,
    "force_dynamics_training": true,
    "results_only": false,
    "wandb_project": "DT2-cancer",
    "wandb_entity": null,
    "wandb_run_name": null,
    "wandb_mode": "online"
  },
  "dataset_stats": {
    "num_transitions": 6000,
    "num_initial_states": 49,
    "state_dim": 7,
    "action_dim": 2,
    "state_mean": [
      6.669699192047119,
      12.392626762390137,
      6.792642116546631,
      24.0268611907959,
      11.116888046264648,
      8.897756576538086,
      11.13903522491455
    ],
    "state_std": [
      6.945222854614258,
      5.212599277496338,
      5.334871768951416,
      0.7958517074584961,
      5.77739953994751,
      1.5086309909820557,
      4.892608165740967
    ],
    "action_mean": [
      0.42030903697013855,
      0.47704896330833435
    ],
    "action_std": [
      0.6196646690368652,
      0.6464419364929199
    ],
    "reward_mean": 0.5108208656311035,
    "reward_std": 6.089563369750977,
    "reward_min": -0.2972515821456909,
    "reward_max": 100.93700408935547,
    "done_rate": 0.007166666444391012
  },
  "num_transitions": 6000,
  "q_model_paths": {
    "ppo_frac_0": "results/cancer_pipeline/q_models/ppo_frac_0.pt",
    "ppo_frac_20000": "results/cancer_pipeline/q_models/ppo_frac_20000.pt",
    "ppo_frac_40000": "results/cancer_pipeline/q_models/ppo_frac_40000.pt",
    "ppo_frac_60000": "results/cancer_pipeline/q_models/ppo_frac_60000.pt",
    "ppo_frac_80000": "results/cancer_pipeline/q_models/ppo_frac_80000.pt",
    "ppo_frac_100000": "results/cancer_pipeline/q_models/ppo_frac_100000.pt"
  },
  "dynamics_paths": {
    "supervised": "results/cancer_pipeline/dynamics/dynamics_supervised.pt",
    "ranking_new": {
      "kendall": "results/cancer_pipeline/dynamics/dynamics_ranking_new_kendall.pt",
      "hinge": "results/cancer_pipeline/dynamics/dynamics_ranking_new_hinge.pt",
      "listnet": "results/cancer_pipeline/dynamics/dynamics_ranking_new_listnet.pt"
    }
  },
  "results": [
    {
      "name": "ppo_frac_0",
      "checkpoint": "results/cancer_pipeline/policies/ppo_frac_0",
      "timesteps": 0,
      "q_estimate": 46.68482971191406,
      "dynamics": {
        "supervised": -95.43063354492188,
        "ranking_new": {
          "kendall": -96.40103149414062,
          "hinge": -92.4049072265625,
          "listnet": -93.6489486694336
        }
      },
      "env_mc": -23.168070155637373
    },
    {
      "name": "ppo_frac_20000",
      "checkpoint": "results/cancer_pipeline/policies/ppo_frac_20000",
      "timesteps": 20000,
      "q_estimate": 36.027252197265625,
      "dynamics": {
        "supervised": -83.3517837524414,
        "ranking_new": {
          "kendall": -103.1677474975586,
          "hinge": -92.05648803710938,
          "listnet": -78.97113037109375
        }
      },
      "env_mc": -20.65145868462989
    },
    {
      "name": "ppo_frac_40000",
      "checkpoint": "results/cancer_pipeline/policies/ppo_frac_40000",
      "timesteps": 40000,
      "q_estimate": 42.01889419555664,
      "dynamics": {
        "supervised": -49.98318862915039,
        "ranking_new": {
          "kendall": -82.40266418457031,
          "hinge": -91.09114074707031,
          "listnet": -64.18376922607422
        }
      },
      "env_mc": -16.756194108370646
    },
    {
      "name": "ppo_frac_60000",
      "checkpoint": "results/cancer_pipeline/policies/ppo_frac_60000",
      "timesteps": 60000,
      "q_estimate": 49.54572677612305,
      "dynamics": {
        "supervised": -38.02311325073242,
        "ranking_new": {
          "kendall": -51.740413665771484,
          "hinge": 30.0688419342041,
          "listnet": -55.524658203125
        }
      },
      "env_mc": 8.60876360456209
    },
    {
      "name": "ppo_frac_80000",
      "checkpoint": "results/cancer_pipeline/policies/ppo_frac_80000",
      "timesteps": 80000,
      "q_estimate": 50.660099029541016,
      "dynamics": {
        "supervised": -36.193634033203125,
        "ranking_new": {
          "kendall": -59.083675384521484,
          "hinge": 43.655879974365234,
          "listnet": -55.70233154296875
        }
      },
      "env_mc": 17.421522766774867
    },
    {
      "name": "ppo_frac_100000",
      "checkpoint": "results/cancer_pipeline/policies/ppo_frac_100000",
      "timesteps": 100000,
      "q_estimate": 57.156837463378906,
      "dynamics": {
        "supervised": -29.7424259185791,
        "ranking_new": {
          "kendall": -50.210811614990234,
          "hinge": 53.32167434692383,
          "listnet": -50.32112503051758
        }
      },
      "env_mc": 31.62502344475695
    }
  ]
}