{
  "config": {
    "max_t": 200,
    "setting": 5,
    "total_steps": 10000,
    "ppo_fractions": [
      0.2,
      0.4,
      0.6,
      0.8,
      1.0
    ],
    "n_envs": 8,
    "n_steps": 2048,
    "batch_size": 512,
    "learning_rate": 0.0003,
    "gamma": 0.99,
    "gae_lambda": 0.95,
    "clip_range": 0.2,
    "ent_coef": 0.01,
    "vf_coef": 0.5,
    "seed": 202,
    "rollout_steps": 1000,
    "q_epochs": 500,
    "q_batch": 512,
    "q_lr": 0.0003,
    "q_samples": 32,
    "dyn_epochs": 2000,
    "dyn_batch": 512,
    "dyn_lr": 0.0003,
    "dyn_hidden_dim": 64,
    "dyn_val_fraction": 0.1,
    "dyn_early_stop_patience": 20,
    "dyn_min_epochs": 0,
    "dynamics_loss": "mse",
    "lambda_rank": 0.5,
    "eval_rollouts": 10,
    "eval_horizon": 200,
    "output_dir": "results/cancer_pipeline",
    "device": "auto",
    "force_policy_training": false,
    "force_dataset_collection": false,
    "force_q_training": false,
    "force_dynamics_training": true,
    "results_only": false,
    "wandb_project": "DT2-cancer",
    "wandb_entity": null,
    "wandb_run_name": null,
    "wandb_mode": "online"
  },
  "dataset_stats": {
    "num_transitions": 6000,
    "num_initial_states": 49,
    "state_dim": 7,
    "action_dim": 2,
    "state_mean": [
      6.669699192047119,
      12.392626762390137,
      6.792642116546631,
      24.0268611907959,
      11.116888046264648,
      8.897756576538086,
      11.13903522491455
    ],
    "state_std": [
      6.945222854614258,
      5.212599277496338,
      5.334871768951416,
      0.7958517074584961,
      5.77739953994751,
      1.5086309909820557,
      4.892608165740967
    ],
    "action_mean": [
      0.42030903697013855,
      0.47704896330833435
    ],
    "action_std": [
      0.6196646690368652,
      0.6464419364929199
    ],
    "reward_mean": 0.5108208656311035,
    "reward_std": 6.089563369750977,
    "reward_min": -0.2972515821456909,
    "reward_max": 100.93700408935547,
    "done_rate": 0.007166666444391012
  },
  "num_transitions": 6000,
  "q_model_paths": {
    "ppo_frac_0": "results/cancer_pipeline/q_models/ppo_frac_0.pt",
    "ppo_frac_20000": "results/cancer_pipeline/q_models/ppo_frac_20000.pt",
    "ppo_frac_40000": "results/cancer_pipeline/q_models/ppo_frac_40000.pt",
    "ppo_frac_60000": "results/cancer_pipeline/q_models/ppo_frac_60000.pt",
    "ppo_frac_80000": "results/cancer_pipeline/q_models/ppo_frac_80000.pt",
    "ppo_frac_100000": "results/cancer_pipeline/q_models/ppo_frac_100000.pt"
  },
  "dynamics_paths": {
    "supervised": "results/cancer_pipeline/dynamics/dynamics_supervised.pt",
    "ranking_new": {
      "kendall": "results/cancer_pipeline/dynamics/dynamics_ranking_new_kendall.pt",
      "hinge": "results/cancer_pipeline/dynamics/dynamics_ranking_new_hinge.pt",
      "listnet": "results/cancer_pipeline/dynamics/dynamics_ranking_new_listnet.pt"
    }
  },
  "results": [
    {
      "name": "ppo_frac_0",
      "checkpoint": "results/cancer_pipeline/policies/ppo_frac_0",
      "timesteps": 0,
      "q_estimate": 46.515480041503906,
      "dynamics": {
        "supervised": -103.3552474975586,
        "supervised_mse": 0.1934123933315277,
        "supervised_train_mse": 0.33383941650390625,
        "ranking_new": {
          "kendall": 35.72705841064453,
          "hinge": -87.65469360351562,
          "listnet": -99.71070861816406
        },
        "ranking_new_mse": {
          "kendall": 0.19259992241859436,
          "hinge": 0.21343812346458435,
          "listnet": 0.19249394536018372
        },
        "ranking_new_train_mse": {
          "kendall": 0.3393694758415222,
          "hinge": 0.38104960322380066,
          "listnet": 0.34572216868400574
        }
      },
      "env_mc": -22.5083515202181
    },
    {
      "name": "ppo_frac_20000",
      "checkpoint": "results/cancer_pipeline/policies/ppo_frac_20000",
      "timesteps": 20000,
      "q_estimate": 36.00043487548828,
      "dynamics": {
        "supervised": -100.16492462158203,
        "supervised_mse": 0.1934123933315277,
        "supervised_train_mse": 0.33383941650390625,
        "ranking_new": {
          "kendall": 36.15068435668945,
          "hinge": -86.04246520996094,
          "listnet": -97.53514862060547
        },
        "ranking_new_mse": {
          "kendall": 0.19259992241859436,
          "hinge": 0.21343812346458435,
          "listnet": 0.19249394536018372
        },
        "ranking_new_train_mse": {
          "kendall": 0.3393694758415222,
          "hinge": 0.38104960322380066,
          "listnet": 0.34572216868400574
        }
      },
      "env_mc": -19.91436858562722
    },
    {
      "name": "ppo_frac_40000",
      "checkpoint": "results/cancer_pipeline/policies/ppo_frac_40000",
      "timesteps": 40000,
      "q_estimate": 42.07857131958008,
      "dynamics": {
        "supervised": -87.16429138183594,
        "supervised_mse": 0.1934123933315277,
        "supervised_train_mse": 0.33383941650390625,
        "ranking_new": {
          "kendall": 38.191837310791016,
          "hinge": -84.1913833618164,
          "listnet": -41.93317794799805
        },
        "ranking_new_mse": {
          "kendall": 0.19259992241859436,
          "hinge": 0.21343812346458435,
          "listnet": 0.19249394536018372
        },
        "ranking_new_train_mse": {
          "kendall": 0.3393694758415222,
          "hinge": 0.38104960322380066,
          "listnet": 0.34572216868400574
        }
      },
      "env_mc": -15.892532852677387
    },
    {
      "name": "ppo_frac_60000",
      "checkpoint": "results/cancer_pipeline/policies/ppo_frac_60000",
      "timesteps": 60000,
      "q_estimate": 49.410888671875,
      "dynamics": {
        "supervised": -41.78288269042969,
        "supervised_mse": 0.1934123933315277,
        "supervised_train_mse": 0.33383941650390625,
        "ranking_new": {
          "kendall": 39.5904426574707,
          "hinge": -81.75074768066406,
          "listnet": 4.560516357421875
        },
        "ranking_new_mse": {
          "kendall": 0.19259992241859436,
          "hinge": 0.21343812346458435,
          "listnet": 0.19249394536018372
        },
        "ranking_new_train_mse": {
          "kendall": 0.3393694758415222,
          "hinge": 0.38104960322380066,
          "listnet": 0.34572216868400574
        }
      },
      "env_mc": 23.201004614806344
    },
    {
      "name": "ppo_frac_80000",
      "checkpoint": "results/cancer_pipeline/policies/ppo_frac_80000",
      "timesteps": 80000,
      "q_estimate": 50.70063781738281,
      "dynamics": {
        "supervised": -37.53936004638672,
        "supervised_mse": 0.1934123933315277,
        "supervised_train_mse": 0.33383941650390625,
        "ranking_new": {
          "kendall": 41.37308120727539,
          "hinge": -79.6219253540039,
          "listnet": 3.9037468433380127
        },
        "ranking_new_mse": {
          "kendall": 0.19259992241859436,
          "hinge": 0.21343812346458435,
          "listnet": 0.19249394536018372
        },
        "ranking_new_train_mse": {
          "kendall": 0.3393694758415222,
          "hinge": 0.38104960322380066,
          "listnet": 0.34572216868400574
        }
      },
      "env_mc": 25.164933287632973
    },
    {
      "name": "ppo_frac_100000",
      "checkpoint": "results/cancer_pipeline/policies/ppo_frac_100000",
      "timesteps": 100000,
      "q_estimate": 57.05097579956055,
      "dynamics": {
        "supervised": -20.828794479370117,
        "supervised_mse": 0.1934123933315277,
        "supervised_train_mse": 0.33383941650390625,
        "ranking_new": {
          "kendall": 42.81526565551758,
          "hinge": -75.82804107666016,
          "listnet": 15.482292175292969
        },
        "ranking_new_mse": {
          "kendall": 0.19259992241859436,
          "hinge": 0.21343812346458435,
          "listnet": 0.19249394536018372
        },
        "ranking_new_train_mse": {
          "kendall": 0.3393694758415222,