{
  "config": {
    "max_t": 200,
    "setting": 5,
    "total_steps": 10000,
    "ppo_fractions": [
      0.2,
      0.4,
      0.6,
      0.8,
      1.0
    ],
    "n_envs": 8,
    "n_steps": 2048,
    "batch_size": 512,
    "learning_rate": 0.0003,
    "gamma": 0.99,
    "gae_lambda": 0.95,
    "clip_range": 0.2,
    "ent_coef": 0.01,
    "vf_coef": 0.5,
    "seed": 101,
    "rollout_steps": 1000,
    "q_epochs": 500,
    "q_batch": 512,
    "q_lr": 0.0003,
    "q_samples": 32,
    "dyn_epochs": 2000,
    "dyn_batch": 512,
    "dyn_lr": 0.0003,
    "dyn_hidden_dim": 128,
    "dyn_val_fraction": 0.1,
    "dyn_early_stop_patience": 20,
    "dyn_min_epochs": 0,
    "dynamics_loss": "mse",
    "lambda_rank": 0.8,
    "eval_rollouts": 10,
    "eval_horizon": 200,
    "output_dir": "results/cancer_pipeline",
    "device": "auto",
    "force_policy_training": false,
    "force_dataset_collection": false,
    "force_q_training": false,
    "force_dynamics_training": true,
    "results_only": false,
    "wandb_project": "DT2-cancer",
    "wandb_entity": null,
    "wandb_run_name": null,
    "wandb_mode": "online"
  },
  "dataset_stats": {
    "num_transitions": 6000,
    "num_initial_states": 49,
    "state_dim": 7,
    "action_dim": 2,
    "state_mean": [
      6.669699192047119,
      12.392626762390137,
      6.792642116546631,
      24.0268611907959,
      11.116888046264648,
      8.897756576538086,
      11.13903522491455
    ],
    "state_std": [
      6.945222854614258,
      5.212599277496338,
      5.334871768951416,
      0.7958517074584961,
      5.77739953994751,
      1.5086309909820557,
      4.892608165740967
    ],
    "action_mean": [
      0.42030903697013855,
      0.47704896330833435
    ],
    "action_std": [
      0.6196646690368652,
      0.6464419364929199
    ],
    "reward_mean": 0.5108208656311035,
    "reward_std": 6.089563369750977,
    "reward_min": -0.2972515821456909,
    "reward_max": 100.93700408935547,
    "done_rate": 0.007166666444391012
  },
  "num_transitions": 6000,
  "q_model_paths": {
    "ppo_frac_0": "results/cancer_pipeline/q_models/ppo_frac_0.pt",
    "ppo_frac_20000": "results/cancer_pipeline/q_models/ppo_frac_20000.pt",
    "ppo_frac_40000": "results/cancer_pipeline/q_models/ppo_frac_40000.pt",
    "ppo_frac_60000": "results/cancer_pipeline/q_models/ppo_frac_60000.pt",
    "ppo_frac_80000": "results/cancer_pipeline/q_models/ppo_frac_80000.pt",
    "ppo_frac_100000": "results/cancer_pipeline/q_models/ppo_frac_100000.pt"
  },
  "dynamics_paths": {
    "supervised": "results/cancer_pipeline/dynamics/dynamics_supervised.pt",
    "ranking_new": {
      "kendall": "results/cancer_pipeline/dynamics/dynamics_ranking_new_kendall.pt",
      "hinge": "results/cancer_pipeline/dynamics/dynamics_ranking_new_hinge.pt",
      "listnet": "results/cancer_pipeline/dynamics/dynamics_ranking_new_listnet.pt"
    }
  },
  "results": [
    {
      "name": "ppo_frac_0",
      "checkpoint": "results/cancer_pipeline/policies/ppo_frac_0",
      "timesteps": 0,
      "q_estimate": 46.529544830322266,
      "dynamics": {
        "supervised": -99.84847259521484,
        "supervised_mse": 0.19023123383522034,
        "supervised_train_mse": 0.25271108746528625,
        "ranking_new": {
          "kendall": -75.54725646972656,
          "hinge": -84.00566864013672,
          "listnet": -103.53472900390625
        },
        "ranking_new_mse": {
          "kendall": 0.19405020773410797,
          "hinge": 0.2115999311208725,
          "listnet": 0.18790090084075928
        },
        "ranking_new_train_mse": {
          "kendall": 0.2557068467140198,
          "hinge": 0.2877567708492279,
          "listnet": 0.2506934404373169
        }
      },
      "env_mc": -23.129888661350478
    },
    {
      "name": "ppo_frac_20000",
      "checkpoint": "results/cancer_pipeline/policies/ppo_frac_20000",
      "timesteps": 20000,
      "q_estimate": 36.09244918823242,
      "dynamics": {
        "supervised": -83.11153411865234,
        "supervised_mse": 0.19023123383522034,
        "supervised_train_mse": 0.25271108746528625,
        "ranking_new": {
          "kendall": -74.26451873779297,
          "hinge": -82.0113754272461,
          "listnet": -101.31520080566406
        },
        "ranking_new_mse": {
          "kendall": 0.19405020773410797,
          "hinge": 0.2115999311208725,
          "listnet": 0.18790090084075928
        },
        "ranking_new_train_mse": {
          "kendall": 0.2557068467140198,
          "hinge": 0.2877567708492279,
          "listnet": 0.2506934404373169
        }
      },
      "env_mc": -20.498054180867605
    },
    {
      "name": "ppo_frac_40000",
      "checkpoint": "results/cancer_pipeline/policies/ppo_frac_40000",
      "timesteps": 40000,
      "q_estimate": 42.069007873535156,
      "dynamics": {
        "supervised": -45.06466293334961,
        "supervised_mse": 0.19023123383522034,
        "supervised_train_mse": 0.25271108746528625,
        "ranking_new": {
          "kendall": -73.0974349975586,
          "hinge": -79.10938262939453,
          "listnet": -58.57296371459961
        },
        "ranking_new_mse": {
          "kendall": 0.19405020773410797,
          "hinge": 0.2115999311208725,
          "listnet": 0.18790090084075928
        },
        "ranking_new_train_mse": {
          "kendall": 0.2557068467140198,
          "hinge": 0.2877567708492279,
          "listnet": 0.2506934404373169
        }
      },
      "env_mc": -16.375743457933186
    },
    {
      "name": "ppo_frac_60000",
      "checkpoint": "results/cancer_pipeline/policies/ppo_frac_60000",
      "timesteps": 60000,
      "q_estimate": 49.503746032714844,
      "dynamics": {
        "supervised": -35.71965408325195,
        "supervised_mse": 0.19023123383522034,
        "supervised_train_mse": 0.25271108746528625,
        "ranking_new": {
          "kendall": -71.19036865234375,
          "hinge": -75.34162902832031,
          "listnet": -40.01760482788086
        },
        "ranking_new_mse": {
          "kendall": 0.19405020773410797,
          "hinge": 0.2115999311208725,
          "listnet": 0.18790090084075928
        },
        "ranking_new_train_mse": {
          "kendall": 0.2557068467140198,
          "hinge": 0.2877567708492279,
          "listnet": 0.2506934404373169
        }
      },
      "env_mc": 19.466084001124393
    },
    {
      "name": "ppo_frac_80000",
      "checkpoint": "results/cancer_pipeline/policies/ppo_frac_80000",
      "timesteps": 80000,
      "q_estimate": 50.66887283325195,
      "dynamics": {
        "supervised": -37.641265869140625,
        "supervised_mse": 0.19023123383522034,
        "supervised_train_mse": 0.25271108746528625,
        "ranking_new": {
          "kendall": -67.8056869506836,
          "hinge": -72.6462631225586,
          "listnet": -37.62833786010742
        },
        "ranking_new_mse": {
          "kendall": 0.19405020773410797,
          "hinge": 0.2115999311208725,
          "listnet": 0.18790090084075928
        },
        "ranking_new_train_mse": {
          "kendall": 0.2557068467140198,
          "hinge": 0.2877567708492279,
          "listnet": 0.2506934404373169
        }
      },
      "env_mc": 37.57249172077307
    },
    {
      "name": "ppo_frac_100000",
      "checkpoint": "results/cancer_pipeline/policies/ppo_frac_100000",
      "timesteps": 100000,
      "q_estimate": 57.15178298950195,
      "dynamics": {
        "supervised": -28.936914443969727,
        "supervised_mse": 0.19023123383522034,
        "supervised_train_mse": 0.25271108746528625,
        "ranking_new": {
          "kendall": 52.67074203491211,
          "hinge": -67.5014877319336,
          "listnet": -27.432504653930664
        },
        "ranking_new_mse": {
          "kendall": 0.19405020773410797,
          "hinge": 0.2115999311208725,
          "listnet": 0.18790090084075928
        },
        "ranking_new_train_mse": {
          "kendall": 0.2557068467140198,