{
  "config": {
    "max_t": 200,
    "setting": 5,
    "total_steps": 10000,
    "ppo_fractions": [
      0.2,
      0.4,
      0.6,
      0.8,
      1.0
    ],
    "n_envs": 8,
    "n_steps": 2048,
    "batch_size": 512,
    "learning_rate": 0.0003,
    "gamma": 0.99,
    "gae_lambda": 0.95,
    "clip_range": 0.2,
    "ent_coef": 0.01,
    "vf_coef": 0.5,
    "seed": 201,
    "rollout_steps": 1000,
    "q_epochs": 500,
    "q_batch": 512,
    "q_lr": 0.0003,
    "q_samples": 32,
    "dyn_epochs": 2000,
    "dyn_batch": 512,
    "dyn_lr": 0.0003,
    "dyn_hidden_dim": 64,
    "dyn_val_fraction": 0.1,
    "dyn_early_stop_patience": 20,
    "dyn_min_epochs": 0,
    "dynamics_loss": "mse",
    "lambda_rank": 0.9,
    "eval_rollouts": 10,
    "eval_horizon": 200,
    "output_dir": "results/cancer_pipeline",
    "device": "auto",
    "force_policy_training": false,
    "force_dataset_collection": false,
    "force_q_training": false,
    "force_dynamics_training": true,
    "results_only": false,
    "wandb_project": "DT2-cancer",
    "wandb_entity": null,
    "wandb_run_name": null,
    "wandb_mode": "online"
  },
  "dataset_stats": {
    "num_transitions": 6000,
    "num_initial_states": 49,
    "state_dim": 7,
    "action_dim": 2,
    "state_mean": [
      6.669699192047119,
      12.392626762390137,
      6.792642116546631,
      24.0268611907959,
      11.116888046264648,
      8.897756576538086,
      11.13903522491455
    ],
    "state_std": [
      6.945222854614258,
      5.212599277496338,
      5.334871768951416,
      0.7958517074584961,
      5.77739953994751,
      1.5086309909820557,
      4.892608165740967
    ],
    "action_mean": [
      0.42030903697013855,
      0.47704896330833435
    ],
    "action_std": [
      0.6196646690368652,
      0.6464419364929199
    ],
    "reward_mean": 0.5108208656311035,
    "reward_std": 6.089563369750977,
    "reward_min": -0.2972515821456909,
    "reward_max": 100.93700408935547,
    "done_rate": 0.007166666444391012
  },
  "num_transitions": 6000,
  "q_model_paths": {
    "ppo_frac_0": "results/cancer_pipeline/q_models/ppo_frac_0.pt",
    "ppo_frac_20000": "results/cancer_pipeline/q_models/ppo_frac_20000.pt",
    "ppo_frac_40000": "results/cancer_pipeline/q_models/ppo_frac_40000.pt",
    "ppo_frac_60000": "results/cancer_pipeline/q_models/ppo_frac_60000.pt",
    "ppo_frac_80000": "results/cancer_pipeline/q_models/ppo_frac_80000.pt",
    "ppo_frac_100000": "results/cancer_pipeline/q_models/ppo_frac_100000.pt"
  },
  "dynamics_paths": {
    "supervised": "results/cancer_pipeline/dynamics/dynamics_supervised.pt",
    "ranking_new": {
      "kendall": "results/cancer_pipeline/dynamics/dynamics_ranking_new_kendall.pt",
      "hinge": "results/cancer_pipeline/dynamics/dynamics_ranking_new_hinge.pt",
      "listnet": "results/cancer_pipeline/dynamics/dynamics_ranking_new_listnet.pt"
    }
  },
  "results": [
    {
      "name": "ppo_frac_0",
      "checkpoint": "results/cancer_pipeline/policies/ppo_frac_0",
      "timesteps": 0,
      "q_estimate": 46.433502197265625,
      "dynamics": {
        "supervised": -99.90654754638672,
        "supervised_mse": 0.30237263441085815,
        "supervised_train_mse": 0.2128581553697586,
        "ranking_new": {
          "kendall": -65.11531829833984,
          "hinge": -53.14094161987305,
          "listnet": -52.2219123840332
        },
        "ranking_new_mse": {
          "kendall": 0.332953542470932,
          "hinge": 0.3953588306903839,
          "listnet": 0.4080989956855774
        },
        "ranking_new_train_mse": {
          "kendall": 0.2334003895521164,
          "hinge": 0.2624456286430359,
          "listnet": 0.2719779908657074
        }
      },
      "env_mc": -22.340924067018296
    },
    {
      "name": "ppo_frac_20000",
      "checkpoint": "results/cancer_pipeline/policies/ppo_frac_20000",
      "timesteps": 20000,
      "q_estimate": 36.11343002319336,
      "dynamics": {
        "supervised": -93.22801971435547,
        "supervised_mse": 0.30237263441085815,
        "supervised_train_mse": 0.2128581553697586,
        "ranking_new": {
          "kendall": -62.5845832824707,
          "hinge": -50.56965637207031,
          "listnet": -51.69696044921875
        },
        "ranking_new_mse": {
          "kendall": 0.332953542470932,
          "hinge": 0.3953588306903839,
          "listnet": 0.4080989956855774
        },
        "ranking_new_train_mse": {
          "kendall": 0.2334003895521164,
          "hinge": 0.2624456286430359,
          "listnet": 0.2719779908657074
        }
      },
      "env_mc": -19.77789478526445
    },
    {
      "name": "ppo_frac_40000",
      "checkpoint": "results/cancer_pipeline/policies/ppo_frac_40000",
      "timesteps": 40000,
      "q_estimate": 41.95149612426758,
      "dynamics": {
        "supervised": -41.22034454345703,
        "supervised_mse": 0.30237263441085815,
        "supervised_train_mse": 0.2128581553697586,
        "ranking_new": {
          "kendall": -60.26567459106445,
          "hinge": -47.86381912231445,
          "listnet": -51.082489013671875
        },
        "ranking_new_mse": {
          "kendall": 0.332953542470932,
          "hinge": 0.3953588306903839,
          "listnet": 0.4080989956855774
        },
        "ranking_new_train_mse": {
          "kendall": 0.2334003895521164,
          "hinge": 0.2624456286430359,
          "listnet": 0.2719779908657074
        }
      },
      "env_mc": -15.796888012046782
    },
    {
      "name": "ppo_frac_60000",
      "checkpoint": "results/cancer_pipeline/policies/ppo_frac_60000",
      "timesteps": 60000,
      "q_estimate": 49.457427978515625,
      "dynamics": {
        "supervised": -30.51958656311035,
        "supervised_mse": 0.30237263441085815,
        "supervised_train_mse": 0.2128581553697586,
        "ranking_new": {
          "kendall": -58.15678787231445,
          "hinge": -44.94801712036133,
          "listnet": -50.65663528442383
        },
        "ranking_new_mse": {
          "kendall": 0.332953542470932,
          "hinge": 0.3953588306903839,
          "listnet": 0.4080989956855774
        },
        "ranking_new_train_mse": {
          "kendall": 0.2334003895521164,
          "hinge": 0.2624456286430359,
          "listnet": 0.2719779908657074
        }
      },
      "env_mc": 23.571014660736274
    },
    {
      "name": "ppo_frac_80000",
      "checkpoint": "results/cancer_pipeline/policies/ppo_frac_80000",
      "timesteps": 80000,
      "q_estimate": 50.61960220336914,
      "dynamics": {
        "supervised": -29.702686309814453,
        "supervised_mse": 0.30237263441085815,
        "supervised_train_mse": 0.2128581553697586,
        "ranking_new": {
          "kendall": -56.4835090637207,
          "hinge": -42.90175247192383,
          "listnet": -50.85074996948242
        },
        "ranking_new_mse": {
          "kendall": 0.332953542470932,
          "hinge": 0.3953588306903839,
          "listnet": 0.4080989956855774
        },
        "ranking_new_train_mse": {
          "kendall": 0.2334003895521164,
          "hinge": 0.2624456286430359,
          "listnet": 0.2719779908657074
        }
      },
      "env_mc": 31.43856091680695
    },
    {
      "name": "ppo_frac_100000",
      "checkpoint": "results/cancer_pipeline/policies/ppo_frac_100000",
      "timesteps": 100000,
      "q_estimate": 57.17481994628906,
      "dynamics": {
        "supervised": -22.115325927734375,
        "supervised_mse": 0.30237263441085815,
        "supervised_train_mse": 0.2128581553697586,
        "ranking_new": {
          "kendall": -53.0135498046875,
          "hinge": -38.96562576293945,
          "listnet": -50.115699768066406
        },
        "ranking_new_mse": {
          "kendall": 0.332953542470932,
          "hinge": 0.3953588306903839,
          "listnet": 0.4080989956855774
        },
        "ranking_new_train_mse": {
          "kendall": 0.2334003895521164,
          "hinge": 0.2624456286430359,