{
  "config": {
    "max_t": 200,
    "setting": 5,
    "total_steps": 10000,
    "ppo_fractions": [
      0.2,
      0.4,
      0.6,
      0.8,
      1.0
    ],
    "n_envs": 8,
    "n_steps": 2048,
    "batch_size": 512,
    "learning_rate": 0.0003,
    "gamma": 0.99,
    "gae_lambda": 0.95,
    "clip_range": 0.2,
    "ent_coef": 0.01,
    "vf_coef": 0.5,
    "seed": 10,
    "rollout_steps": 1000,
    "q_epochs": 500,
    "q_batch": 512,
    "q_lr": 0.0003,
    "q_samples": 32,
    "dyn_epochs": 2000,
    "dyn_batch": 512,
    "dyn_lr": 0.0003,
    "dyn_hidden_dim": 8,
    "dyn_val_fraction": 0.1,
    "dyn_early_stop_patience": 20,
    "dyn_min_epochs": 50,
    "dynamics_loss": "nll",
    "lambda_rank": 0.1,
    "eval_rollouts": 10,
    "eval_horizon": 200,
    "output_dir": "results/cancer_pipeline",
    "device": "auto",
    "force_policy_training": false,
    "force_dataset_collection": false,
    "force_q_training": false,
    "force_dynamics_training": true,
    "results_only": false,
    "wandb_project": "DT2-cancer",
    "wandb_entity": null,
    "wandb_run_name": null,
    "wandb_mode": "online"
  },
  "dataset_stats": {
    "num_transitions": 6000,
    "num_initial_states": 47,
    "state_dim": 7,
    "action_dim": 2,
    "state_mean": [
      7.3446550369262695,
      11.710359573364258,
      7.398253917694092,
      24.032148361206055,
      11.799095153808594,
      8.692022323608398,
      11.713606834411621
    ],
    "state_std": [
      7.147296905517578,
      5.103872299194336,
      5.2432451248168945,
      0.7901369333267212,
      5.3726725578308105,
      1.4956971406936646,
      4.458042144775391
    ],
    "action_mean": [
      0.4104207754135132,
      0.45200932025909424
    ],
    "action_std": [
      0.6082594394683838,
      0.6274994015693665
    ],
    "reward_mean": 0.41827961802482605,
    "reward_std": 5.8087968826293945,
    "reward_min": -99.84418487548828,
    "reward_max": 100.9356689453125,
    "done_rate": 0.006833333522081375
  },
  "num_transitions": 6000,
  "q_model_paths": {
    "ppo_frac_0": "results/cancer_pipeline/q_models/ppo_frac_0.pt",
    "ppo_frac_20000": "results/cancer_pipeline/q_models/ppo_frac_20000.pt",
    "ppo_frac_40000": "results/cancer_pipeline/q_models/ppo_frac_40000.pt",
    "ppo_frac_60000": "results/cancer_pipeline/q_models/ppo_frac_60000.pt",
    "ppo_frac_80000": "results/cancer_pipeline/q_models/ppo_frac_80000.pt",
    "ppo_frac_100000": "results/cancer_pipeline/q_models/ppo_frac_100000.pt"
  },
  "dynamics_paths": {
    "supervised": "results/cancer_pipeline/dynamics/dynamics_supervised.pt",
    "ranking_new": {
      "kendall": "results/cancer_pipeline/dynamics/dynamics_ranking_new_kendall.pt",
      "hinge": "results/cancer_pipeline/dynamics/dynamics_ranking_new_hinge.pt",
      "listnet": "results/cancer_pipeline/dynamics/dynamics_ranking_new_listnet.pt"
    }
  },
  "results": [
    {
      "name": "ppo_frac_0",
      "checkpoint": "results/cancer_pipeline/policies/ppo_frac_0",
      "timesteps": 0,
      "q_estimate": 12.995635986328125,
      "dynamics": {
        "supervised": -83.13150787353516,
        "ranking_new": {
          "kendall": -49.94855499267578,
          "hinge": -53.35454177856445,
          "listnet": -66.85462188720703
        }
      },
      "env_mc": -23.177049356145183
    },
    {
      "name": "ppo_frac_20000",
      "checkpoint": "results/cancer_pipeline/policies/ppo_frac_20000",
      "timesteps": 20000,
      "q_estimate": 20.580801010131836,
      "dynamics": {
        "supervised": -82.73805236816406,
        "ranking_new": {
          "kendall": -49.90300369262695,
          "hinge": -51.477142333984375,
          "listnet": -61.142189025878906
        }
      },
      "env_mc": -20.61560791381381
    },
    {
      "name": "ppo_frac_40000",
      "checkpoint": "results/cancer_pipeline/policies/ppo_frac_40000",
      "timesteps": 40000,
      "q_estimate": 28.342788696289062,
      "dynamics": {
        "supervised": -81.11014556884766,
        "ranking_new": {
          "kendall": -47.87007522583008,
          "hinge": -46.20038986206055,
          "listnet": -54.8360481262207
        }
      },
      "env_mc": -16.584721394919676
    },
    {
      "name": "ppo_frac_60000",
      "checkpoint": "results/cancer_pipeline/policies/ppo_frac_60000",
      "timesteps": 60000,
      "q_estimate": 37.72639083862305,
      "dynamics": {
        "supervised": -78.72105407714844,
        "ranking_new": {
          "kendall": -45.85664367675781,
          "hinge": -38.99427032470703,
          "listnet": -54.1319580078125
        }
      },
      "env_mc": 25.702023731072767
    },
    {
      "name": "ppo_frac_80000",
      "checkpoint": "results/cancer_pipeline/policies/ppo_frac_80000",
      "timesteps": 80000,
      "q_estimate": 40.3009147644043,
      "dynamics": {
        "supervised": -64.21879577636719,
        "ranking_new": {
          "kendall": -43.8888053894043,
          "hinge": -30.14479637145996,
          "listnet": -54.57332992553711
        }
      },
      "env_mc": 34.66588671366405
    },
    {
      "name": "ppo_frac_100000",
      "checkpoint": "results/cancer_pipeline/policies/ppo_frac_100000",
      "timesteps": 100000,
      "q_estimate": 50.09945297241211,
      "dynamics": {
        "supervised": -28.06036376953125,
        "ranking_new": {
          "kendall": -40.600440979003906,
          "hinge": -16.399179458618164,
          "listnet": -55.06368637084961
        }
      },
      "env_mc": 61.13147456368942
    }
  ]
}