{
  "config": {
    "max_t": 200,
    "setting": 5,
    "total_steps": 10000,
    "ppo_fractions": [
      0.2,
      0.4,
      0.6,
      0.8,
      1.0
    ],
    "n_envs": 8,
    "n_steps": 2048,
    "batch_size": 512,
    "learning_rate": 0.0003,
    "gamma": 0.99,
    "gae_lambda": 0.95,
    "clip_range": 0.2,
    "ent_coef": 0.01,
    "vf_coef": 0.5,
    "seed": 200,
    "rollout_steps": 1000,
    "q_epochs": 500,
    "q_batch": 512,
    "q_lr": 0.0003,
    "q_samples": 32,
    "dyn_epochs": 2000,
    "dyn_batch": 512,
    "dyn_lr": 0.0003,
    "dyn_hidden_dim": 64,
    "dyn_val_fraction": 0.1,
    "dyn_early_stop_patience": 20,
    "dyn_min_epochs": 0,
    "dynamics_loss": "mse",
    "lambda_rank": 0.9,
    "eval_rollouts": 10,
    "eval_horizon": 200,
    "output_dir": "results/cancer_pipeline",
    "device": "auto",
    "force_policy_training": false,
    "force_dataset_collection": false,
    "force_q_training": false,
    "force_dynamics_training": true,
    "results_only": false,
    "wandb_project": "DT2-cancer",
    "wandb_entity": null,
    "wandb_run_name": null,
    "wandb_mode": "online"
  },
  "dataset_stats": {
    "num_transitions": 6000,
    "num_initial_states": 49,
    "state_dim": 7,
    "action_dim": 2,
    "state_mean": [
      6.669699192047119,
      12.392626762390137,
      6.792642116546631,
      24.0268611907959,
      11.116888046264648,
      8.897756576538086,
      11.13903522491455
    ],
    "state_std": [
      6.945222854614258,
      5.212599277496338,
      5.334871768951416,
      0.7958517074584961,
      5.77739953994751,
      1.5086309909820557,
      4.892608165740967
    ],
    "action_mean": [
      0.42030903697013855,
      0.47704896330833435
    ],
    "action_std": [
      0.6196646690368652,
      0.6464419364929199
    ],
    "reward_mean": 0.5108208656311035,
    "reward_std": 6.089563369750977,
    "reward_min": -0.2972515821456909,
    "reward_max": 100.93700408935547,
    "done_rate": 0.007166666444391012
  },
  "num_transitions": 6000,
  "q_model_paths": {
    "ppo_frac_0": "results/cancer_pipeline/q_models/ppo_frac_0.pt",
    "ppo_frac_20000": "results/cancer_pipeline/q_models/ppo_frac_20000.pt",
    "ppo_frac_40000": "results/cancer_pipeline/q_models/ppo_frac_40000.pt",
    "ppo_frac_60000": "results/cancer_pipeline/q_models/ppo_frac_60000.pt",
    "ppo_frac_80000": "results/cancer_pipeline/q_models/ppo_frac_80000.pt",
    "ppo_frac_100000": "results/cancer_pipeline/q_models/ppo_frac_100000.pt"
  },
  "dynamics_paths": {
    "supervised": "results/cancer_pipeline/dynamics/dynamics_supervised.pt",
    "ranking_new": {
      "kendall": "results/cancer_pipeline/dynamics/dynamics_ranking_new_kendall.pt",
      "hinge": "results/cancer_pipeline/dynamics/dynamics_ranking_new_hinge.pt",
      "listnet": "results/cancer_pipeline/dynamics/dynamics_ranking_new_listnet.pt"
    }
  },
  "results": [
    {
      "name": "ppo_frac_0",
      "checkpoint": "results/cancer_pipeline/policies/ppo_frac_0",
      "timesteps": 0,
      "q_estimate": 46.506622314453125,
      "dynamics": {
        "supervised": -87.95729064941406,
        "supervised_mse": 0.2726265788078308,
        "supervised_train_mse": 0.30484896898269653,
        "ranking_new": {
          "kendall": -92.14280700683594,
          "hinge": -23.638463973999023,
          "listnet": -47.671669006347656
        },
        "ranking_new_mse": {
          "kendall": 0.26580578088760376,
          "hinge": 0.3334656357765198,
          "listnet": 0.2852719724178314
        },
        "ranking_new_train_mse": {
          "kendall": 0.297416627407074,
          "hinge": 0.3514121472835541,
          "listnet": 0.308733195066452
        }
      },
      "env_mc": -22.444006016285726
    },
    {
      "name": "ppo_frac_20000",
      "checkpoint": "results/cancer_pipeline/policies/ppo_frac_20000",
      "timesteps": 20000,
      "q_estimate": 36.00962448120117,
      "dynamics": {
        "supervised": -80.819580078125,
        "supervised_mse": 0.2726265788078308,
        "supervised_train_mse": 0.30484896898269653,
        "ranking_new": {
          "kendall": -85.7896957397461,
          "hinge": -20.602832794189453,
          "listnet": -41.69423294067383
        },
        "ranking_new_mse": {
          "kendall": 0.26580578088760376,
          "hinge": 0.3334656357765198,
          "listnet": 0.2852719724178314
        },
        "ranking_new_train_mse": {
          "kendall": 0.297416627407074,
          "hinge": 0.3514121472835541,
          "listnet": 0.308733195066452
        }
      },
      "env_mc": -19.863326192818285
    },
    {
      "name": "ppo_frac_40000",
      "checkpoint": "results/cancer_pipeline/policies/ppo_frac_40000",
      "timesteps": 40000,
      "q_estimate": 41.99715805053711,
      "dynamics": {
        "supervised": -71.9654541015625,
        "supervised_mse": 0.2726265788078308,
        "supervised_train_mse": 0.30484896898269653,
        "ranking_new": {
          "kendall": -79.90055084228516,
          "hinge": -18.625024795532227,
          "listnet": -35.55348205566406
        },
        "ranking_new_mse": {
          "kendall": 0.26580578088760376,
          "hinge": 0.3334656357765198,
          "listnet": 0.2852719724178314
        },
        "ranking_new_train_mse": {
          "kendall": 0.297416627407074,
          "hinge": 0.3514121472835541,
          "listnet": 0.308733195066452
        }
      },
      "env_mc": -15.82883459016551
    },
    {
      "name": "ppo_frac_60000",
      "checkpoint": "results/cancer_pipeline/policies/ppo_frac_60000",
      "timesteps": 60000,
      "q_estimate": 49.45427322387695,
      "dynamics": {
        "supervised": -62.2852783203125,
        "supervised_mse": 0.2726265788078308,
        "supervised_train_mse": 0.30484896898269653,
        "ranking_new": {
          "kendall": -74.00537109375,
          "hinge": -13.25171184539795,
          "listnet": -29.86469841003418
        },
        "ranking_new_mse": {
          "kendall": 0.26580578088760376,
          "hinge": 0.3334656357765198,
          "listnet": 0.2852719724178314
        },
        "ranking_new_train_mse": {
          "kendall": 0.297416627407074,
          "hinge": 0.3514121472835541,
          "listnet": 0.308733195066452
        }
      },
      "env_mc": 19.70767204108508
    },
    {
      "name": "ppo_frac_80000",
      "checkpoint": "results/cancer_pipeline/policies/ppo_frac_80000",
      "timesteps": 80000,
      "q_estimate": 50.671730041503906,
      "dynamics": {
        "supervised": -60.0960807800293,
        "supervised_mse": 0.2726265788078308,
        "supervised_train_mse": 0.30484896898269653,
        "ranking_new": {
          "kendall": -72.85499572753906,
          "hinge": -9.748530387878418,
          "listnet": -25.66617774963379
        },
        "ranking_new_mse": {
          "kendall": 0.26580578088760376,
          "hinge": 0.3334656357765198,
          "listnet": 0.2852719724178314
        },
        "ranking_new_train_mse": {
          "kendall": 0.297416627407074,
          "hinge": 0.3514121472835541,
          "listnet": 0.308733195066452
        }
      },
      "env_mc": 33.81586410648478
    },
    {
      "name": "ppo_frac_100000",
      "checkpoint": "results/cancer_pipeline/policies/ppo_frac_100000",
      "timesteps": 100000,
      "q_estimate": 57.17020797729492,
      "dynamics": {
        "supervised": -51.44967269897461,
        "supervised_mse": 0.2726265788078308,
        "supervised_train_mse": 0.30484896898269653,
        "ranking_new": {
          "kendall": -64.72945404052734,
          "hinge": -5.305131435394287,
          "listnet": -17.617462158203125
        },
        "ranking_new_mse": {
          "kendall": 0.26580578088760376,
          "hinge": 0.3334656357765198,
          "listnet": 0.2852719724178314
        },
        "ranking_new_train_mse": {
          "kendall": 0.297416627407074,
          "hinge": 0.3514121472835541,