{
  "config": {
    "max_t": 200,
    "setting": 5,
    "total_steps": 10000,
    "ppo_fractions": [
      0.2,
      0.4,
      0.6,
      0.8,
      1.0
    ],
    "n_envs": 8,
    "n_steps": 2048,
    "batch_size": 512,
    "learning_rate": 0.0003,
    "gamma": 0.99,
    "gae_lambda": 0.95,
    "clip_range": 0.2,
    "ent_coef": 0.01,
    "vf_coef": 0.5,
    "seed": 25,
    "rollout_steps": 5000,
    "q_epochs": 500,
    "q_batch": 512,
    "q_lr": 0.0003,
    "q_samples": 32,
    "dyn_epochs": 2000,
    "dyn_batch": 512,
    "dyn_lr": 0.0003,
    "dyn_hidden_dim": 256,
    "dyn_val_fraction": 0.1,
    "dyn_early_stop_patience": 50,
    "dyn_min_epochs": 50,
    "dynamics_loss": "mse",
    "lambda_rank": 0.1,
    "eval_rollouts": 20,
    "eval_horizon": 200,
    "output_dir": "results/cancer_pipeline",
    "device": "auto",
    "force_policy_training": false,
    "force_dataset_collection": true,
    "force_q_training": true,
    "force_dynamics_training": true,
    "results_only": false,
    "wandb_project": "DT2-cancer",
    "wandb_entity": null,
    "wandb_run_name": null,
    "wandb_mode": "online"
  },
  "dataset_stats": {
    "num_transitions": 30000,
    "num_initial_states": 222,
    "state_dim": 7,
    "action_dim": 2,
    "state_mean": [
      6.83466911315918,
      12.205034255981445,
      6.856695652008057,
      24.056251525878906,
      11.382563591003418,
      8.873907089233398,
      11.363238334655762
    ],
    "state_std": [
      7.09029483795166,
      5.291715621948242,
      5.3838701248168945,
      0.7794333696365356,
      5.601776599884033,
      1.4583477973937988,
      4.758618354797363
    ],
    "action_mean": [
      0.41578590869903564,
      0.46682021021842957
    ],
    "action_std": [
      0.6114917397499084,
      0.6353147029876709
    ],
    "reward_mean": 0.4565221965312958,
    "reward_std": 5.950257778167725,
    "reward_min": -99.86380767822266,
    "reward_max": 100.93841552734375,
    "done_rate": 0.007199999876320362
  },
  "num_transitions": 30000,
  "q_model_paths": {
    "ppo_frac_0": "results/cancer_pipeline/q_models/ppo_frac_0.pt",
    "ppo_frac_20000": "results/cancer_pipeline/q_models/ppo_frac_20000.pt",
    "ppo_frac_40000": "results/cancer_pipeline/q_models/ppo_frac_40000.pt",
    "ppo_frac_60000": "results/cancer_pipeline/q_models/ppo_frac_60000.pt",
    "ppo_frac_80000": "results/cancer_pipeline/q_models/ppo_frac_80000.pt",
    "ppo_frac_100000": "results/cancer_pipeline/q_models/ppo_frac_100000.pt"
  },
  "dynamics_paths": {
    "supervised": "results/cancer_pipeline/dynamics/dynamics_supervised.pt",
    "ranking_new": {
      "kendall": "results/cancer_pipeline/dynamics/dynamics_ranking_new_kendall.pt",
      "hinge": "results/cancer_pipeline/dynamics/dynamics_ranking_new_hinge.pt",
      "listnet": "results/cancer_pipeline/dynamics/dynamics_ranking_new_listnet.pt"
    }
  },
  "results": [
    {
      "name": "ppo_frac_0",
      "checkpoint": "results/cancer_pipeline/policies/ppo_frac_0",
      "timesteps": 0,
      "q_estimate": 31.628761291503906,
      "dynamics": {
        "supervised": -100.07762145996094,
        "ranking_new": {
          "kendall": -103.87572479248047,
          "hinge": -85.7275619506836,
          "listnet": -108.02007293701172
        }
      },
      "env_mc": -23.22070642325742
    },
    {
      "name": "ppo_frac_20000",
      "checkpoint": "results/cancer_pipeline/policies/ppo_frac_20000",
      "timesteps": 20000,
      "q_estimate": 37.97520446777344,
      "dynamics": {
        "supervised": -88.19979858398438,
        "ranking_new": {
          "kendall": -91.25789642333984,
          "hinge": -82.33750915527344,
          "listnet": -87.63174438476562
        }
      },
      "env_mc": -20.653817740510362
    },
    {
      "name": "ppo_frac_40000",
      "checkpoint": "results/cancer_pipeline/policies/ppo_frac_40000",
      "timesteps": 40000,
      "q_estimate": 36.28474426269531,
      "dynamics": {
        "supervised": -77.73945617675781,
        "ranking_new": {
          "kendall": -81.96199035644531,
          "hinge": -79.62866973876953,
          "listnet": -49.247318267822266
        }
      },
      "env_mc": -16.675219129350193
    },
    {
      "name": "ppo_frac_60000",
      "checkpoint": "results/cancer_pipeline/policies/ppo_frac_60000",
      "timesteps": 60000,
      "q_estimate": 42.979248046875,
      "dynamics": {
        "supervised": -36.2539176940918,
        "ranking_new": {
          "kendall": -70.75206756591797,
          "hinge": -76.6182632446289,
          "listnet": -42.11982727050781
        }
      },
      "env_mc": 14.036718921257037
    },
    {
      "name": "ppo_frac_80000",
      "checkpoint": "results/cancer_pipeline/policies/ppo_frac_80000",
      "timesteps": 80000,
      "q_estimate": 42.4435920715332,
      "dynamics": {
        "supervised": -21.359054565429688,
        "ranking_new": {
          "kendall": -73.56037139892578,
          "hinge": -74.6557846069336,
          "listnet": -36.144996643066406
        }
      },
      "env_mc": 22.57122928926058
    },
    {
      "name": "ppo_frac_100000",
      "checkpoint": "results/cancer_pipeline/policies/ppo_frac_100000",
      "timesteps": 100000,
      "q_estimate": 52.5771484375,
      "dynamics": {
        "supervised": 47.479896545410156,
        "ranking_new": {
          "kendall": -40.87711715698242,
          "hinge": -70.69988250732422,
          "listnet": -6.204154014587402
        }
      },
      "env_mc": 43.836781661731195
    }
  ]
}