{
  "config": {
    "max_t": 200,
    "setting": 5,
    "total_steps": 10000,
    "ppo_fractions": [
      0.2,
      0.4,
      0.6,
      0.8,
      1.0
    ],
    "n_envs": 8,
    "n_steps": 2048,
    "batch_size": 512,
    "learning_rate": 0.0003,
    "gamma": 0.99,
    "gae_lambda": 0.95,
    "clip_range": 0.2,
    "ent_coef": 0.01,
    "vf_coef": 0.5,
    "seed": 26,
    "rollout_steps": 5000,
    "q_epochs": 500,
    "q_batch": 512,
    "q_lr": 0.0003,
    "q_samples": 32,
    "dyn_epochs": 2000,
    "dyn_batch": 512,
    "dyn_lr": 0.0003,
    "dyn_hidden_dim": 256,
    "dyn_val_fraction": 0.1,
    "dyn_early_stop_patience": 50,
    "dyn_min_epochs": 50,
    "dynamics_loss": "mse",
    "lambda_rank": 0.1,
    "eval_rollouts": 20,
    "eval_horizon": 200,
    "output_dir": "results/cancer_pipeline",
    "device": "auto",
    "force_policy_training": false,
    "force_dataset_collection": true,
    "force_q_training": true,
    "force_dynamics_training": true,
    "results_only": false,
    "wandb_project": "DT2-cancer",
    "wandb_entity": null,
    "wandb_run_name": null,
    "wandb_mode": "online"
  },
  "dataset_stats": {
    "num_transitions": 30000,
    "num_initial_states": 224,
    "state_dim": 7,
    "action_dim": 2,
    "state_mean": [
      7.112257480621338,
      11.943769454956055,
      7.056256294250488,
      24.057605743408203,
      11.333211898803711,
      8.875259399414062,
      11.321754455566406
    ],
    "state_std": [
      7.200746059417725,
      5.321337699890137,
      5.404252052307129,
      0.7822892069816589,
      5.645985126495361,
      1.468031883239746,
      4.802708625793457
    ],
    "action_mean": [
      0.40669891238212585,
      0.4623943865299225
    ],
    "action_std": [
      0.6069411039352417,
      0.6312694549560547
    ],
    "reward_mean": 0.4712311923503876,
    "reward_std": 5.980245590209961,
    "reward_min": -99.88568878173828,
    "reward_max": 100.93865203857422,
    "done_rate": 0.007266666740179062
  },
  "num_transitions": 30000,
  "q_model_paths": {
    "ppo_frac_0": "results/cancer_pipeline/q_models/ppo_frac_0.pt",
    "ppo_frac_20000": "results/cancer_pipeline/q_models/ppo_frac_20000.pt",
    "ppo_frac_40000": "results/cancer_pipeline/q_models/ppo_frac_40000.pt",
    "ppo_frac_60000": "results/cancer_pipeline/q_models/ppo_frac_60000.pt",
    "ppo_frac_80000": "results/cancer_pipeline/q_models/ppo_frac_80000.pt",
    "ppo_frac_100000": "results/cancer_pipeline/q_models/ppo_frac_100000.pt"
  },
  "dynamics_paths": {
    "supervised": "results/cancer_pipeline/dynamics/dynamics_supervised.pt",
    "ranking_new": {
      "kendall": "results/cancer_pipeline/dynamics/dynamics_ranking_new_kendall.pt",
      "hinge": "results/cancer_pipeline/dynamics/dynamics_ranking_new_hinge.pt",
      "listnet": "results/cancer_pipeline/dynamics/dynamics_ranking_new_listnet.pt"
    }
  },
  "results": [
    {
      "name": "ppo_frac_0",
      "checkpoint": "results/cancer_pipeline/policies/ppo_frac_0",
      "timesteps": 0,
      "q_estimate": 28.18207550048828,
      "dynamics": {
        "supervised": -119.1094970703125,
        "ranking_new": {
          "kendall": -104.4736328125,
          "hinge": -90.24087524414062,
          "listnet": -100.47100830078125
        }
      },
      "env_mc": -23.2632819327492
    },
    {
      "name": "ppo_frac_20000",
      "checkpoint": "results/cancer_pipeline/policies/ppo_frac_20000",
      "timesteps": 20000,
      "q_estimate": 37.652626037597656,
      "dynamics": {
        "supervised": -93.74349975585938,
        "ranking_new": {
          "kendall": -82.8636703491211,
          "hinge": -84.4779052734375,
          "listnet": -86.85518646240234
        }
      },
      "env_mc": -20.693197864529644
    },
    {
      "name": "ppo_frac_40000",
      "checkpoint": "results/cancer_pipeline/policies/ppo_frac_40000",
      "timesteps": 40000,
      "q_estimate": 36.45363235473633,
      "dynamics": {
        "supervised": -78.69905853271484,
        "ranking_new": {
          "kendall": -86.0771713256836,
          "hinge": -86.17440795898438,
          "listnet": -68.65559387207031
        }
      },
      "env_mc": -16.713678326695895
    },
    {
      "name": "ppo_frac_60000",
      "checkpoint": "results/cancer_pipeline/policies/ppo_frac_60000",
      "timesteps": 60000,
      "q_estimate": 40.20204544067383,
      "dynamics": {
        "supervised": -58.117218017578125,
        "ranking_new": {
          "kendall": -74.83946990966797,
          "hinge": -78.91593170166016,
          "listnet": -50.69940185546875
        }
      },
      "env_mc": 13.873527397302826
    },
    {
      "name": "ppo_frac_80000",
      "checkpoint": "results/cancer_pipeline/policies/ppo_frac_80000",
      "timesteps": 80000,
      "q_estimate": 43.555789947509766,
      "dynamics": {
        "supervised": -53.88924789428711,
        "ranking_new": {
          "kendall": -64.50838470458984,
          "hinge": -72.72291564941406,
          "listnet": -54.11446762084961
        }
      },
      "env_mc": 19.263519098030947
    },
    {
      "name": "ppo_frac_100000",
      "checkpoint": "results/cancer_pipeline/policies/ppo_frac_100000",
      "timesteps": 100000,
      "q_estimate": 50.497440338134766,
      "dynamics": {
        "supervised": -44.504207611083984,
        "ranking_new": {
          "kendall": -49.16592788696289,
          "hinge": -72.05400848388672,
          "listnet": -21.649686813354492
        }
      },
      "env_mc": 43.87989659367634
    }
  ]
}