{
  "config": {
    "max_t": 200,
    "setting": 5,
    "total_steps": 10000,
    "ppo_fractions": [
      0.2,
      0.4,
      0.6,
      0.8,
      1.0
    ],
    "n_envs": 8,
    "n_steps": 2048,
    "batch_size": 512,
    "learning_rate": 0.0003,
    "gamma": 0.99,
    "gae_lambda": 0.95,
    "clip_range": 0.2,
    "ent_coef": 0.01,
    "vf_coef": 0.5,
    "seed": 202,
    "rollout_steps": 1000,
    "q_epochs": 500,
    "q_batch": 512,
    "q_lr": 0.0003,
    "q_samples": 32,
    "dyn_epochs": 2000,
    "dyn_batch": 512,
    "dyn_lr": 0.0003,
    "dyn_hidden_dim": 64,
    "dyn_val_fraction": 0.1,
    "dyn_early_stop_patience": 20,
    "dyn_min_epochs": 0,
    "dynamics_loss": "mse",
    "lambda_rank": 1.0,
    "eval_rollouts": 10,
    "eval_horizon": 200,
    "output_dir": "results/cancer_pipeline",
    "device": "auto",
    "force_policy_training": false,
    "force_dataset_collection": false,
    "force_q_training": false,
    "force_dynamics_training": true,
    "results_only": false,
    "wandb_project": "DT2-cancer",
    "wandb_entity": null,
    "wandb_run_name": null,
    "wandb_mode": "online"
  },
  "dataset_stats": {
    "num_transitions": 6000,
    "num_initial_states": 49,
    "state_dim": 7,
    "action_dim": 2,
    "state_mean": [
      6.669699192047119,
      12.392626762390137,
      6.792642116546631,
      24.0268611907959,
      11.116888046264648,
      8.897756576538086,
      11.13903522491455
    ],
    "state_std": [
      6.945222854614258,
      5.212599277496338,
      5.334871768951416,
      0.7958517074584961,
      5.77739953994751,
      1.5086309909820557,
      4.892608165740967
    ],
    "action_mean": [
      0.42030903697013855,
      0.47704896330833435
    ],
    "action_std": [
      0.6196646690368652,
      0.6464419364929199
    ],
    "reward_mean": 0.5108208656311035,
    "reward_std": 6.089563369750977,
    "reward_min": -0.2972515821456909,
    "reward_max": 100.93700408935547,
    "done_rate": 0.007166666444391012
  },
  "num_transitions": 6000,
  "q_model_paths": {
    "ppo_frac_0": "results/cancer_pipeline/q_models/ppo_frac_0.pt",
    "ppo_frac_20000": "results/cancer_pipeline/q_models/ppo_frac_20000.pt",
    "ppo_frac_40000": "results/cancer_pipeline/q_models/ppo_frac_40000.pt",
    "ppo_frac_60000": "results/cancer_pipeline/q_models/ppo_frac_60000.pt",
    "ppo_frac_80000": "results/cancer_pipeline/q_models/ppo_frac_80000.pt",
    "ppo_frac_100000": "results/cancer_pipeline/q_models/ppo_frac_100000.pt"
  },
  "dynamics_paths": {
    "supervised": "results/cancer_pipeline/dynamics/dynamics_supervised.pt",
    "ranking_new": {
      "kendall": "results/cancer_pipeline/dynamics/dynamics_ranking_new_kendall.pt",
      "hinge": "results/cancer_pipeline/dynamics/dynamics_ranking_new_hinge.pt",
      "listnet": "results/cancer_pipeline/dynamics/dynamics_ranking_new_listnet.pt"
    }
  },
  "results": [
    {
      "name": "ppo_frac_0",
      "checkpoint": "results/cancer_pipeline/policies/ppo_frac_0",
      "timesteps": 0,
      "q_estimate": 46.46639633178711,
      "dynamics": {
        "supervised": -69.35424041748047,
        "supervised_mse": 0.2144560068845749,
        "supervised_train_mse": 0.3766549229621887,
        "ranking_new": {
          "kendall": 23.330286026000977,
          "hinge": -10.663749694824219,
          "listnet": -17.63825035095215
        },
        "ranking_new_mse": {
          "kendall": 0.3426068425178528,
          "hinge": 0.3289750814437866,
          "listnet": 0.33794859051704407
        },
        "ranking_new_train_mse": {
          "kendall": 0.4776415228843689,
          "hinge": 0.45826244354248047,
          "listnet": 0.4665716886520386
        }
      },
      "env_mc": -22.5083515202181
    },
    {
      "name": "ppo_frac_20000",
      "checkpoint": "results/cancer_pipeline/policies/ppo_frac_20000",
      "timesteps": 20000,
      "q_estimate": 36.06547927856445,
      "dynamics": {
        "supervised": -59.54267501831055,
        "supervised_mse": 0.2144560068845749,
        "supervised_train_mse": 0.3766549229621887,
        "ranking_new": {
          "kendall": 22.202674865722656,
          "hinge": -8.904060363769531,
          "listnet": -16.649145126342773
        },
        "ranking_new_mse": {
          "kendall": 0.3426068425178528,
          "hinge": 0.3289750814437866,
          "listnet": 0.33794859051704407
        },
        "ranking_new_train_mse": {
          "kendall": 0.4776415228843689,
          "hinge": 0.45826244354248047,
          "listnet": 0.4665716886520386
        }
      },
      "env_mc": -19.91436858562722
    },
    {
      "name": "ppo_frac_40000",
      "checkpoint": "results/cancer_pipeline/policies/ppo_frac_40000",
      "timesteps": 40000,
      "q_estimate": 41.9836311340332,
      "dynamics": {
        "supervised": -51.43412399291992,
        "supervised_mse": 0.2144560068845749,
        "supervised_train_mse": 0.3766549229621887,
        "ranking_new": {
          "kendall": 23.0809383392334,
          "hinge": -7.64883279800415,
          "listnet": -16.393686294555664
        },
        "ranking_new_mse": {
          "kendall": 0.3426068425178528,
          "hinge": 0.3289750814437866,
          "listnet": 0.33794859051704407
        },
        "ranking_new_train_mse": {
          "kendall": 0.4776415228843689,
          "hinge": 0.45826244354248047,
          "listnet": 0.4665716886520386
        }
      },
      "env_mc": -15.892532852677387
    },
    {
      "name": "ppo_frac_60000",
      "checkpoint": "results/cancer_pipeline/policies/ppo_frac_60000",
      "timesteps": 60000,
      "q_estimate": 49.594139099121094,
      "dynamics": {
        "supervised": -43.864105224609375,
        "supervised_mse": 0.2144560068845749,
        "supervised_train_mse": 0.3766549229621887,
        "ranking_new": {
          "kendall": 23.71647834777832,
          "hinge": -6.631793975830078,
          "listnet": -15.767641067504883
        },
        "ranking_new_mse": {
          "kendall": 0.3426068425178528,
          "hinge": 0.3289750814437866,
          "listnet": 0.33794859051704407
        },
        "ranking_new_train_mse": {
          "kendall": 0.4776415228843689,
          "hinge": 0.45826244354248047,
          "listnet": 0.4665716886520386
        }
      },
      "env_mc": 23.201004614806344
    },
    {
      "name": "ppo_frac_80000",
      "checkpoint": "results/cancer_pipeline/policies/ppo_frac_80000",
      "timesteps": 80000,
      "q_estimate": 50.64942169189453,
      "dynamics": {
        "supervised": -41.197601318359375,
        "supervised_mse": 0.2144560068845749,
        "supervised_train_mse": 0.3766549229621887,
        "ranking_new": {
          "kendall": 24.21561050415039,
          "hinge": -5.602676868438721,
          "listnet": -14.766672134399414
        },
        "ranking_new_mse": {
          "kendall": 0.3426068425178528,
          "hinge": 0.3289750814437866,
          "listnet": 0.33794859051704407
        },
        "ranking_new_train_mse": {
          "kendall": 0.4776415228843689,
          "hinge": 0.45826244354248047,
          "listnet": 0.4665716886520386
        }
      },
      "env_mc": 25.164933287632973
    },
    {
      "name": "ppo_frac_100000",
      "checkpoint": "results/cancer_pipeline/policies/ppo_frac_100000",
      "timesteps": 100000,
      "q_estimate": 57.1551513671875,
      "dynamics": {
        "supervised": -34.064205169677734,
        "supervised_mse": 0.2144560068845749,
        "supervised_train_mse": 0.3766549229621887,
        "ranking_new": {
          "kendall": 25.080791473388672,
          "hinge": -3.479835271835327,
          "listnet": -13.232670783996582
        },
        "ranking_new_mse": {
          "kendall": 0.3426068425178528,
          "hinge": 0.3289750814437866,
          "listnet": 0.33794859051704407
        },
        "ranking_new_train_mse": {
          "kendall": 0.4776415228843689,