{
  "config": {
    "max_t": 200,
    "setting": 5,
    "total_steps": 10000,
    "ppo_fractions": [
      0.2,
      0.4,
      0.6,
      0.8,
      1.0
    ],
    "n_envs": 8,
    "n_steps": 2048,
    "batch_size": 512,
    "learning_rate": 0.0003,
    "gamma": 0.99,
    "gae_lambda": 0.95,
    "clip_range": 0.2,
    "ent_coef": 0.01,
    "vf_coef": 0.5,
    "seed": 204,
    "rollout_steps": 1000,
    "q_epochs": 500,
    "q_batch": 512,
    "q_lr": 0.0003,
    "q_samples": 32,
    "dyn_epochs": 2000,
    "dyn_batch": 512,
    "dyn_lr": 0.0003,
    "dyn_hidden_dim": 64,
    "dyn_val_fraction": 0.1,
    "dyn_early_stop_patience": 20,
    "dyn_min_epochs": 0,
    "dynamics_loss": "mse",
    "lambda_rank": 1.0,
    "eval_rollouts": 10,
    "eval_horizon": 200,
    "output_dir": "results/cancer_pipeline",
    "device": "auto",
    "force_policy_training": false,
    "force_dataset_collection": false,
    "force_q_training": false,
    "force_dynamics_training": true,
    "results_only": false,
    "wandb_project": "DT2-cancer",
    "wandb_entity": null,
    "wandb_run_name": null,
    "wandb_mode": "online"
  },
  "dataset_stats": {
    "num_transitions": 6000,
    "num_initial_states": 49,
    "state_dim": 7,
    "action_dim": 2,
    "state_mean": [
      6.669699192047119,
      12.392626762390137,
      6.792642116546631,
      24.0268611907959,
      11.116888046264648,
      8.897756576538086,
      11.13903522491455
    ],
    "state_std": [
      6.945222854614258,
      5.212599277496338,
      5.334871768951416,
      0.7958517074584961,
      5.77739953994751,
      1.5086309909820557,
      4.892608165740967
    ],
    "action_mean": [
      0.42030903697013855,
      0.47704896330833435
    ],
    "action_std": [
      0.6196646690368652,
      0.6464419364929199
    ],
    "reward_mean": 0.5108208656311035,
    "reward_std": 6.089563369750977,
    "reward_min": -0.2972515821456909,
    "reward_max": 100.93700408935547,
    "done_rate": 0.007166666444391012
  },
  "num_transitions": 6000,
  "q_model_paths": {
    "ppo_frac_0": "results/cancer_pipeline/q_models/ppo_frac_0.pt",
    "ppo_frac_20000": "results/cancer_pipeline/q_models/ppo_frac_20000.pt",
    "ppo_frac_40000": "results/cancer_pipeline/q_models/ppo_frac_40000.pt",
    "ppo_frac_60000": "results/cancer_pipeline/q_models/ppo_frac_60000.pt",
    "ppo_frac_80000": "results/cancer_pipeline/q_models/ppo_frac_80000.pt",
    "ppo_frac_100000": "results/cancer_pipeline/q_models/ppo_frac_100000.pt"
  },
  "dynamics_paths": {
    "supervised": "results/cancer_pipeline/dynamics/dynamics_supervised.pt",
    "ranking_new": {
      "kendall": "results/cancer_pipeline/dynamics/dynamics_ranking_new_kendall.pt",
      "hinge": "results/cancer_pipeline/dynamics/dynamics_ranking_new_hinge.pt",
      "listnet": "results/cancer_pipeline/dynamics/dynamics_ranking_new_listnet.pt"
    }
  },
  "results": [
    {
      "name": "ppo_frac_0",
      "checkpoint": "results/cancer_pipeline/policies/ppo_frac_0",
      "timesteps": 0,
      "q_estimate": 46.422637939453125,
      "dynamics": {
        "supervised": -99.14852905273438,
        "supervised_mse": 0.22477832436561584,
        "supervised_train_mse": 0.24055494368076324,
        "ranking_new": {
          "kendall": -38.937007904052734,
          "hinge": -8.200108528137207,
          "listnet": 7.295287609100342
        },
        "ranking_new_mse": {
          "kendall": 0.35297346115112305,
          "hinge": 0.3483140170574188,
          "listnet": 0.3463206887245178
        },
        "ranking_new_train_mse": {
          "kendall": 0.401774525642395,
          "hinge": 0.39325132966041565,
          "listnet": 0.3920902907848358
        }
      },
      "env_mc": -22.64043719355632
    },
    {
      "name": "ppo_frac_20000",
      "checkpoint": "results/cancer_pipeline/policies/ppo_frac_20000",
      "timesteps": 20000,
      "q_estimate": 36.023189544677734,
      "dynamics": {
        "supervised": -59.594207763671875,
        "supervised_mse": 0.22477832436561584,
        "supervised_train_mse": 0.24055494368076324,
        "ranking_new": {
          "kendall": -37.95931625366211,
          "hinge": -4.815925121307373,
          "listnet": 6.798088073730469
        },
        "ranking_new_mse": {
          "kendall": 0.35297346115112305,
          "hinge": 0.3483140170574188,
          "listnet": 0.3463206887245178
        },
        "ranking_new_train_mse": {
          "kendall": 0.401774525642395,
          "hinge": 0.39325132966041565,
          "listnet": 0.3920902907848358
        }
      },
      "env_mc": -20.122376026694546
    },
    {
      "name": "ppo_frac_40000",
      "checkpoint": "results/cancer_pipeline/policies/ppo_frac_40000",
      "timesteps": 40000,
      "q_estimate": 42.04893112182617,
      "dynamics": {
        "supervised": -10.71419906616211,
        "supervised_mse": 0.22477832436561584,
        "supervised_train_mse": 0.24055494368076324,
        "ranking_new": {
          "kendall": -37.01411056518555,
          "hinge": -3.4880218505859375,
          "listnet": 6.448832988739014
        },
        "ranking_new_mse": {
          "kendall": 0.35297346115112305,
          "hinge": 0.3483140170574188,
          "listnet": 0.3463206887245178
        },
        "ranking_new_train_mse": {
          "kendall": 0.401774525642395,
          "hinge": 0.39325132966041565,
          "listnet": 0.3920902907848358
        }
      },
      "env_mc": -16.227913202251855
    },
    {
      "name": "ppo_frac_60000",
      "checkpoint": "results/cancer_pipeline/policies/ppo_frac_60000",
      "timesteps": 60000,
      "q_estimate": 49.43097686767578,
      "dynamics": {
        "supervised": -2.2339112758636475,
        "supervised_mse": 0.22477832436561584,
        "supervised_train_mse": 0.24055494368076324,
        "ranking_new": {
          "kendall": -35.882720947265625,
          "hinge": -2.1731066703796387,
          "listnet": 6.060564994812012
        },
        "ranking_new_mse": {
          "kendall": 0.35297346115112305,
          "hinge": 0.3483140170574188,
          "listnet": 0.3463206887245178
        },
        "ranking_new_train_mse": {
          "kendall": 0.401774525642395,
          "hinge": 0.39325132966041565,
          "listnet": 0.3920902907848358
        }
      },
      "env_mc": 25.175098139151746
    },
    {
      "name": "ppo_frac_80000",
      "checkpoint": "results/cancer_pipeline/policies/ppo_frac_80000",
      "timesteps": 80000,
      "q_estimate": 50.651893615722656,
      "dynamics": {
        "supervised": -0.8060066103935242,
        "supervised_mse": 0.22477832436561584,
        "supervised_train_mse": 0.24055494368076324,
        "ranking_new": {
          "kendall": -35.02566146850586,
          "hinge": -4.500655651092529,
          "listnet": 5.499286651611328
        },
        "ranking_new_mse": {
          "kendall": 0.35297346115112305,
          "hinge": 0.3483140170574188,
          "listnet": 0.3463206887245178
        },
        "ranking_new_train_mse": {
          "kendall": 0.401774525642395,
          "hinge": 0.39325132966041565,
          "listnet": 0.3920902907848358
        }
      },
      "env_mc": 29.271768686735022
    },
    {
      "name": "ppo_frac_100000",
      "checkpoint": "results/cancer_pipeline/policies/ppo_frac_100000",
      "timesteps": 100000,
      "q_estimate": 57.303401947021484,
      "dynamics": {
        "supervised": 5.402291774749756,
        "supervised_mse": 0.22477832436561584,
        "supervised_train_mse": 0.24055494368076324,
        "ranking_new": {
          "kendall": -32.85670471191406,
          "hinge": -0.7093014121055603,
          "listnet": 4.82344388961792
        },
        "ranking_new_mse": {
          "kendall": 0.35297346115112305,
          "hinge": 0.3483140170574188,
          "listnet": 0.3463206887245178
        },
        "ranking_new_train_mse": {
          "kendall": 0.401774525642395,