{
  "config": {
    "max_t": 200,
    "setting": 5,
    "total_steps": 10000,
    "ppo_fractions": [
      0.2,
      0.4,
      0.6,
      0.8,
      1.0
    ],
    "n_envs": 8,
    "n_steps": 2048,
    "batch_size": 512,
    "learning_rate": 0.0003,
    "gamma": 0.99,
    "gae_lambda": 0.95,
    "clip_range": 0.2,
    "ent_coef": 0.01,
    "vf_coef": 0.5,
    "seed": 203,
    "rollout_steps": 1000,
    "q_epochs": 500,
    "q_batch": 512,
    "q_lr": 0.0003,
    "q_samples": 32,
    "dyn_epochs": 2000,
    "dyn_batch": 512,
    "dyn_lr": 0.0003,
    "dyn_hidden_dim": 64,
    "dyn_val_fraction": 0.1,
    "dyn_early_stop_patience": 20,
    "dyn_min_epochs": 0,
    "dynamics_loss": "mse",
    "lambda_rank": 0.5,
    "eval_rollouts": 10,
    "eval_horizon": 200,
    "output_dir": "results/cancer_pipeline",
    "device": "auto",
    "force_policy_training": false,
    "force_dataset_collection": false,
    "force_q_training": false,
    "force_dynamics_training": true,
    "results_only": false,
    "wandb_project": "DT2-cancer",
    "wandb_entity": null,
    "wandb_run_name": null,
    "wandb_mode": "online"
  },
  "dataset_stats": {
    "num_transitions": 6000,
    "num_initial_states": 49,
    "state_dim": 7,
    "action_dim": 2,
    "state_mean": [
      6.669699192047119,
      12.392626762390137,
      6.792642116546631,
      24.0268611907959,
      11.116888046264648,
      8.897756576538086,
      11.13903522491455
    ],
    "state_std": [
      6.945222854614258,
      5.212599277496338,
      5.334871768951416,
      0.7958517074584961,
      5.77739953994751,
      1.5086309909820557,
      4.892608165740967
    ],
    "action_mean": [
      0.42030903697013855,
      0.47704896330833435
    ],
    "action_std": [
      0.6196646690368652,
      0.6464419364929199
    ],
    "reward_mean": 0.5108208656311035,
    "reward_std": 6.089563369750977,
    "reward_min": -0.2972515821456909,
    "reward_max": 100.93700408935547,
    "done_rate": 0.007166666444391012
  },
  "num_transitions": 6000,
  "q_model_paths": {
    "ppo_frac_0": "results/cancer_pipeline/q_models/ppo_frac_0.pt",
    "ppo_frac_20000": "results/cancer_pipeline/q_models/ppo_frac_20000.pt",
    "ppo_frac_40000": "results/cancer_pipeline/q_models/ppo_frac_40000.pt",
    "ppo_frac_60000": "results/cancer_pipeline/q_models/ppo_frac_60000.pt",
    "ppo_frac_80000": "results/cancer_pipeline/q_models/ppo_frac_80000.pt",
    "ppo_frac_100000": "results/cancer_pipeline/q_models/ppo_frac_100000.pt"
  },
  "dynamics_paths": {
    "supervised": "results/cancer_pipeline/dynamics/dynamics_supervised.pt",
    "ranking_new": {
      "kendall": "results/cancer_pipeline/dynamics/dynamics_ranking_new_kendall.pt",
      "hinge": "results/cancer_pipeline/dynamics/dynamics_ranking_new_hinge.pt",
      "listnet": "results/cancer_pipeline/dynamics/dynamics_ranking_new_listnet.pt"
    }
  },
  "results": [
    {
      "name": "ppo_frac_0",
      "checkpoint": "results/cancer_pipeline/policies/ppo_frac_0",
      "timesteps": 0,
      "q_estimate": 46.52457809448242,
      "dynamics": {
        "supervised": -99.65396881103516,
        "supervised_mse": 0.21732090413570404,
        "supervised_train_mse": 0.2956784665584564,
        "ranking_new": {
          "kendall": -98.49467468261719,
          "hinge": -66.91622161865234,
          "listnet": -101.53470611572266
        },
        "ranking_new_mse": {
          "kendall": 0.23709677159786224,
          "hinge": 0.2577289640903473,
          "listnet": 0.21027761697769165
        },
        "ranking_new_train_mse": {
          "kendall": 0.3175089657306671,
          "hinge": 0.350911021232605,
          "listnet": 0.2838385999202728
        }
      },
      "env_mc": -22.7885936486796
    },
    {
      "name": "ppo_frac_20000",
      "checkpoint": "results/cancer_pipeline/policies/ppo_frac_20000",
      "timesteps": 20000,
      "q_estimate": 36.10664749145508,
      "dynamics": {
        "supervised": -88.30410766601562,
        "supervised_mse": 0.21732090413570404,
        "supervised_train_mse": 0.2956784665584564,
        "ranking_new": {
          "kendall": -99.78255462646484,
          "hinge": -60.31549072265625,
          "listnet": -99.63648986816406
        },
        "ranking_new_mse": {
          "kendall": 0.23709677159786224,
          "hinge": 0.2577289640903473,
          "listnet": 0.21027761697769165
        },
        "ranking_new_train_mse": {
          "kendall": 0.3175089657306671,
          "hinge": 0.350911021232605,
          "listnet": 0.2838385999202728
        }
      },
      "env_mc": -20.22717042099544
    },
    {
      "name": "ppo_frac_40000",
      "checkpoint": "results/cancer_pipeline/policies/ppo_frac_40000",
      "timesteps": 40000,
      "q_estimate": 42.00336837768555,
      "dynamics": {
        "supervised": -33.663169860839844,
        "supervised_mse": 0.21732090413570404,
        "supervised_train_mse": 0.2956784665584564,
        "ranking_new": {
          "kendall": -99.3213119506836,
          "hinge": -55.6394157409668,
          "listnet": -78.68587493896484
        },
        "ranking_new_mse": {
          "kendall": 0.23709677159786224,
          "hinge": 0.2577289640903473,
          "listnet": 0.21027761697769165
        },
        "ranking_new_train_mse": {
          "kendall": 0.3175089657306671,
          "hinge": 0.350911021232605,
          "listnet": 0.2838385999202728
        }
      },
      "env_mc": -16.254166119211135
    },
    {
      "name": "ppo_frac_60000",
      "checkpoint": "results/cancer_pipeline/policies/ppo_frac_60000",
      "timesteps": 60000,
      "q_estimate": 49.55595016479492,
      "dynamics": {
        "supervised": -20.428565979003906,
        "supervised_mse": 0.21732090413570404,
        "supervised_train_mse": 0.2956784665584564,
        "ranking_new": {
          "kendall": -97.16777038574219,
          "hinge": -51.000877380371094,
          "listnet": -56.081539154052734
        },
        "ranking_new_mse": {
          "kendall": 0.23709677159786224,
          "hinge": 0.2577289640903473,
          "listnet": 0.21027761697769165
        },
        "ranking_new_train_mse": {
          "kendall": 0.3175089657306671,
          "hinge": 0.350911021232605,
          "listnet": 0.2838385999202728
        }
      },
      "env_mc": 22.774429342239706
    },
    {
      "name": "ppo_frac_80000",
      "checkpoint": "results/cancer_pipeline/policies/ppo_frac_80000",
      "timesteps": 80000,
      "q_estimate": 50.62528610229492,
      "dynamics": {
        "supervised": -13.207414627075195,
        "supervised_mse": 0.21732090413570404,
        "supervised_train_mse": 0.2956784665584564,
        "ranking_new": {
          "kendall": -94.7895736694336,
          "hinge": -46.9571647644043,
          "listnet": 0.20798225700855255
        },
        "ranking_new_mse": {
          "kendall": 0.23709677159786224,
          "hinge": 0.2577289640903473,
          "listnet": 0.21027761697769165
        },
        "ranking_new_train_mse": {
          "kendall": 0.3175089657306671,
          "hinge": 0.350911021232605,
          "listnet": 0.2838385999202728
        }
      },
      "env_mc": 25.081244453876078
    },
    {
      "name": "ppo_frac_100000",
      "checkpoint": "results/cancer_pipeline/policies/ppo_frac_100000",
      "timesteps": 100000,
      "q_estimate": 57.24481201171875,
      "dynamics": {
        "supervised": -11.135354042053223,
        "supervised_mse": 0.21732090413570404,
        "supervised_train_mse": 0.2956784665584564,
        "ranking_new": {
          "kendall": -90.98477935791016,
          "hinge": -41.298858642578125,
          "listnet": 9.37872314453125
        },
        "ranking_new_mse": {
          "kendall": 0.23709677159786224,
          "hinge": 0.2577289640903473,
          "listnet": 0.21027761697769165
        },
        "ranking_new_train_mse": {
          "kendall": 0.3175089657306671,