{
  "config": {
    "max_t": 200,
    "setting": 5,
    "total_steps": 10000,
    "ppo_fractions": [
      0.2,
      0.4,
      0.6,
      0.8,
      1.0
    ],
    "n_envs": 8,
    "n_steps": 2048,
    "batch_size": 512,
    "learning_rate": 0.0003,
    "gamma": 0.99,
    "gae_lambda": 0.95,
    "clip_range": 0.2,
    "ent_coef": 0.01,
    "vf_coef": 0.5,
    "seed": 17,
    "rollout_steps": 5000,
    "q_epochs": 500,
    "q_batch": 512,
    "q_lr": 0.0003,
    "q_samples": 32,
    "dyn_epochs": 2000,
    "dyn_batch": 512,
    "dyn_lr": 0.0003,
    "dyn_hidden_dim": 256,
    "dyn_val_fraction": 0.1,
    "dyn_early_stop_patience": 20,
    "dyn_min_epochs": 50,
    "dynamics_loss": "nll",
    "lambda_rank": 0.1,
    "eval_rollouts": 20,
    "eval_horizon": 200,
    "output_dir": "results/cancer_pipeline",
    "device": "auto",
    "force_policy_training": false,
    "force_dataset_collection": true,
    "force_q_training": true,
    "force_dynamics_training": true,
    "results_only": false,
    "wandb_project": "DT2-cancer",
    "wandb_entity": null,
    "wandb_run_name": null,
    "wandb_mode": "online"
  },
  "dataset_stats": {
    "num_transitions": 30000,
    "num_initial_states": 216,
    "state_dim": 7,
    "action_dim": 2,
    "state_mean": [
      7.265888690948486,
      11.785380363464355,
      7.075465679168701,
      24.078506469726562,
      11.652612686157227,
      8.78717041015625,
      11.625801086425781
    ],
    "state_std": [
      7.4010090827941895,
      5.510100841522217,
      5.508246421813965,
      0.7799593806266785,
      5.478994369506836,
      1.4257147312164307,
      4.597803115844727
    ],
    "action_mean": [
      0.4057687520980835,
      0.45860251784324646
    ],
    "action_std": [
      0.6073977947235107,
      0.6295711994171143
    ],
    "reward_mean": 0.4165249168872833,
    "reward_std": 5.51300573348999,
    "reward_min": -0.2995622158050537,
    "reward_max": 100.9386215209961,
    "done_rate": 0.007000000216066837
  },
  "num_transitions": 30000,
  "q_model_paths": {
    "ppo_frac_0": "results/cancer_pipeline/q_models/ppo_frac_0.pt",
    "ppo_frac_20000": "results/cancer_pipeline/q_models/ppo_frac_20000.pt",
    "ppo_frac_40000": "results/cancer_pipeline/q_models/ppo_frac_40000.pt",
    "ppo_frac_60000": "results/cancer_pipeline/q_models/ppo_frac_60000.pt",
    "ppo_frac_80000": "results/cancer_pipeline/q_models/ppo_frac_80000.pt",
    "ppo_frac_100000": "results/cancer_pipeline/q_models/ppo_frac_100000.pt"
  },
  "dynamics_paths": {
    "supervised": "results/cancer_pipeline/dynamics/dynamics_supervised.pt",
    "ranking_new": {
      "kendall": "results/cancer_pipeline/dynamics/dynamics_ranking_new_kendall.pt",
      "hinge": "results/cancer_pipeline/dynamics/dynamics_ranking_new_hinge.pt",
      "listnet": "results/cancer_pipeline/dynamics/dynamics_ranking_new_listnet.pt"
    }
  },
  "results": [
    {
      "name": "ppo_frac_0",
      "checkpoint": "results/cancer_pipeline/policies/ppo_frac_0",
      "timesteps": 0,
      "q_estimate": 22.039749145507812,
      "dynamics": {
        "supervised": -103.18096923828125,
        "ranking_new": {
          "kendall": -95.05855560302734,
          "hinge": -83.70964050292969,
          "listnet": 17.242795944213867
        }
      },
      "env_mc": -23.246781024561166
    },
    {
      "name": "ppo_frac_20000",
      "checkpoint": "results/cancer_pipeline/policies/ppo_frac_20000",
      "timesteps": 20000,
      "q_estimate": 29.187685012817383,
      "dynamics": {
        "supervised": -96.08858489990234,
        "ranking_new": {
          "kendall": -93.92522430419922,
          "hinge": -25.882593154907227,
          "listnet": 8.207880973815918
        }
      },
      "env_mc": -20.72266785506866
    },
    {
      "name": "ppo_frac_40000",
      "checkpoint": "results/cancer_pipeline/policies/ppo_frac_40000",
      "timesteps": 40000,
      "q_estimate": 32.88810348510742,
      "dynamics": {
        "supervised": -69.09805297851562,
        "ranking_new": {
          "kendall": -51.356849670410156,
          "hinge": -61.8505973815918,
          "listnet": 6.003643989562988
        }
      },
      "env_mc": -16.82489466271139
    },
    {
      "name": "ppo_frac_60000",
      "checkpoint": "results/cancer_pipeline/policies/ppo_frac_60000",
      "timesteps": 60000,
      "q_estimate": 34.573177337646484,
      "dynamics": {
        "supervised": -33.54180908203125,
        "ranking_new": {
          "kendall": -25.83442497253418,
          "hinge": -64.31238555908203,
          "listnet": 1.7412875890731812
        }
      },
      "env_mc": 14.56948097469745
    },
    {
      "name": "ppo_frac_80000",
      "checkpoint": "results/cancer_pipeline/policies/ppo_frac_80000",
      "timesteps": 80000,
      "q_estimate": 40.222415924072266,
      "dynamics": {
        "supervised": -31.617481231689453,
        "ranking_new": {
          "kendall": -25.428810119628906,
          "hinge": -65.19525146484375,
          "listnet": 11.960738182067871
        }
      },
      "env_mc": 23.145869745427063
    },
    {
      "name": "ppo_frac_100000",
      "checkpoint": "results/cancer_pipeline/policies/ppo_frac_100000",
      "timesteps": 100000,
      "q_estimate": 39.59463119506836,
      "dynamics": {
        "supervised": -17.86800193786621,
        "ranking_new": {
          "kendall": -15.677386283874512,
          "hinge": -65.14581298828125,
          "listnet": 12.116609573364258
        }
      },
      "env_mc": 41.606383575824964
    }
  ]
}