{
  "config": {
    "max_t": 200,
    "setting": 5,
    "total_steps": 10000,
    "ppo_fractions": [
      0.2,
      0.4,
      0.6,
      0.8,
      1.0
    ],
    "n_envs": 8,
    "n_steps": 2048,
    "batch_size": 512,
    "learning_rate": 0.0003,
    "gamma": 0.99,
    "gae_lambda": 0.95,
    "clip_range": 0.2,
    "ent_coef": 0.01,
    "vf_coef": 0.5,
    "seed": 204,
    "rollout_steps": 1000,
    "q_epochs": 500,
    "q_batch": 512,
    "q_lr": 0.0003,
    "q_samples": 32,
    "dyn_epochs": 2000,
    "dyn_batch": 512,
    "dyn_lr": 0.0003,
    "dyn_hidden_dim": 64,
    "dyn_val_fraction": 0.1,
    "dyn_early_stop_patience": 20,
    "dyn_min_epochs": 0,
    "dynamics_loss": "mse",
    "lambda_rank": 0.5,
    "eval_rollouts": 10,
    "eval_horizon": 200,
    "output_dir": "results/cancer_pipeline",
    "device": "auto",
    "force_policy_training": false,
    "force_dataset_collection": false,
    "force_q_training": false,
    "force_dynamics_training": true,
    "results_only": false,
    "wandb_project": "DT2-cancer",
    "wandb_entity": null,
    "wandb_run_name": null,
    "wandb_mode": "online"
  },
  "dataset_stats": {
    "num_transitions": 6000,
    "num_initial_states": 49,
    "state_dim": 7,
    "action_dim": 2,
    "state_mean": [
      6.669699192047119,
      12.392626762390137,
      6.792642116546631,
      24.0268611907959,
      11.116888046264648,
      8.897756576538086,
      11.13903522491455
    ],
    "state_std": [
      6.945222854614258,
      5.212599277496338,
      5.334871768951416,
      0.7958517074584961,
      5.77739953994751,
      1.5086309909820557,
      4.892608165740967
    ],
    "action_mean": [
      0.42030903697013855,
      0.47704896330833435
    ],
    "action_std": [
      0.6196646690368652,
      0.6464419364929199
    ],
    "reward_mean": 0.5108208656311035,
    "reward_std": 6.089563369750977,
    "reward_min": -0.2972515821456909,
    "reward_max": 100.93700408935547,
    "done_rate": 0.007166666444391012
  },
  "num_transitions": 6000,
  "q_model_paths": {
    "ppo_frac_0": "results/cancer_pipeline/q_models/ppo_frac_0.pt",
    "ppo_frac_20000": "results/cancer_pipeline/q_models/ppo_frac_20000.pt",
    "ppo_frac_40000": "results/cancer_pipeline/q_models/ppo_frac_40000.pt",
    "ppo_frac_60000": "results/cancer_pipeline/q_models/ppo_frac_60000.pt",
    "ppo_frac_80000": "results/cancer_pipeline/q_models/ppo_frac_80000.pt",
    "ppo_frac_100000": "results/cancer_pipeline/q_models/ppo_frac_100000.pt"
  },
  "dynamics_paths": {
    "supervised": "results/cancer_pipeline/dynamics/dynamics_supervised.pt",
    "ranking_new": {
      "kendall": "results/cancer_pipeline/dynamics/dynamics_ranking_new_kendall.pt",
      "hinge": "results/cancer_pipeline/dynamics/dynamics_ranking_new_hinge.pt",
      "listnet": "results/cancer_pipeline/dynamics/dynamics_ranking_new_listnet.pt"
    }
  },
  "results": [
    {
      "name": "ppo_frac_0",
      "checkpoint": "results/cancer_pipeline/policies/ppo_frac_0",
      "timesteps": 0,
      "q_estimate": 46.46064758300781,
      "dynamics": {
        "supervised": -99.44329833984375,
        "supervised_mse": 0.21908007562160492,
        "supervised_train_mse": 0.2338661104440689,
        "ranking_new": {
          "kendall": -93.38233947753906,
          "hinge": -86.58138275146484,
          "listnet": -99.15594482421875
        },
        "ranking_new_mse": {
          "kendall": 0.23221220076084137,
          "hinge": 0.22249726951122284,
          "listnet": 0.2252696454524994
        },
        "ranking_new_train_mse": {
          "kendall": 0.248896062374115,
          "hinge": 0.2426736056804657,
          "listnet": 0.23988713324069977
        }
      },
      "env_mc": -22.64043719355632
    },
    {
      "name": "ppo_frac_20000",
      "checkpoint": "results/cancer_pipeline/policies/ppo_frac_20000",
      "timesteps": 20000,
      "q_estimate": 36.08571243286133,
      "dynamics": {
        "supervised": -33.342647552490234,
        "supervised_mse": 0.21908007562160492,
        "supervised_train_mse": 0.2338661104440689,
        "ranking_new": {
          "kendall": -92.8724594116211,
          "hinge": -77.36161804199219,
          "listnet": -97.16181945800781
        },
        "ranking_new_mse": {
          "kendall": 0.23221220076084137,
          "hinge": 0.22249726951122284,
          "listnet": 0.2252696454524994
        },
        "ranking_new_train_mse": {
          "kendall": 0.248896062374115,
          "hinge": 0.2426736056804657,
          "listnet": 0.23988713324069977
        }
      },
      "env_mc": -20.122376026694546
    },
    {
      "name": "ppo_frac_40000",
      "checkpoint": "results/cancer_pipeline/policies/ppo_frac_40000",
      "timesteps": 40000,
      "q_estimate": 42.033973693847656,
      "dynamics": {
        "supervised": -23.97829246520996,
        "supervised_mse": 0.21908007562160492,
        "supervised_train_mse": 0.2338661104440689,
        "ranking_new": {
          "kendall": -92.3037338256836,
          "hinge": -52.58002853393555,
          "listnet": -88.833984375
        },
        "ranking_new_mse": {
          "kendall": 0.23221220076084137,
          "hinge": 0.22249726951122284,
          "listnet": 0.2252696454524994
        },
        "ranking_new_train_mse": {
          "kendall": 0.248896062374115,
          "hinge": 0.2426736056804657,
          "listnet": 0.23988713324069977
        }
      },
      "env_mc": -16.227913202251855
    },
    {
      "name": "ppo_frac_60000",
      "checkpoint": "results/cancer_pipeline/policies/ppo_frac_60000",
      "timesteps": 60000,
      "q_estimate": 49.45709991455078,
      "dynamics": {
        "supervised": -19.251760482788086,
        "supervised_mse": 0.21908007562160492,
        "supervised_train_mse": 0.2338661104440689,
        "ranking_new": {
          "kendall": -91.5963363647461,
          "hinge": -17.444440841674805,
          "listnet": -56.82485580444336
        },
        "ranking_new_mse": {
          "kendall": 0.23221220076084137,
          "hinge": 0.22249726951122284,
          "listnet": 0.2252696454524994
        },
        "ranking_new_train_mse": {
          "kendall": 0.248896062374115,
          "hinge": 0.2426736056804657,
          "listnet": 0.23988713324069977
        }
      },
      "env_mc": 25.175098139151746
    },
    {
      "name": "ppo_frac_80000",
      "checkpoint": "results/cancer_pipeline/policies/ppo_frac_80000",
      "timesteps": 80000,
      "q_estimate": 50.69807052612305,
      "dynamics": {
        "supervised": -18.063568115234375,
        "supervised_mse": 0.21908007562160492,
        "supervised_train_mse": 0.2338661104440689,
        "ranking_new": {
          "kendall": -90.86660766601562,
          "hinge": 15.007792472839355,
          "listnet": -51.605506896972656
        },
        "ranking_new_mse": {
          "kendall": 0.23221220076084137,
          "hinge": 0.22249726951122284,
          "listnet": 0.2252696454524994
        },
        "ranking_new_train_mse": {
          "kendall": 0.248896062374115,
          "hinge": 0.2426736056804657,
          "listnet": 0.23988713324069977
        }
      },
      "env_mc": 29.271768686735022
    },
    {
      "name": "ppo_frac_100000",
      "checkpoint": "results/cancer_pipeline/policies/ppo_frac_100000",
      "timesteps": 100000,
      "q_estimate": 57.236019134521484,
      "dynamics": {
        "supervised": -14.53423023223877,
        "supervised_mse": 0.21908007562160492,
        "supervised_train_mse": 0.2338661104440689,
        "ranking_new": {
          "kendall": -89.11846160888672,
          "hinge": 22.57648468017578,
          "listnet": -46.34297180175781
        },
        "ranking_new_mse": {
          "kendall": 0.23221220076084137,
          "hinge": 0.22249726951122284,
          "listnet": 0.2252696454524994
        },
        "ranking_new_train_mse": {
          "kendall": 0.248896062374115,