{"ppo/train/entropy_loss":-0.11250118166208267,"ppo/train/policy_gradient_loss":0.0001664103430812247,"q_train/ppo_frac_1000000":0.5870098060369492,"q_train/ppo_frac_500000_step":300,"q_train/ppo_frac_1000000_step":300,"q_train/ppo_frac_2000000":0.278433630168438,"_wandb":{"runtime":696},"policies/trained":1,"policies/count":5,"timing/ppo_training_sec":358.932294678,"q_train/ppo_frac_0_step":300,"ppo/train/n_updates":1220,"ppo/train/std":0.26955312490463257,"_timestamp":1.7653455952991447e+09,"ppo/train/clip_fraction":0.0442138671875,"q_train/ppo_frac_0":0.3894789531826973,"q_train/ppo_frac_1500000":0.551370524764061,"dataset/initial_states":130,"ppo/train/explained_variance":0.9987093806266785,"q_train/ppo_frac_2000000_step":11,"q_train/ppo_frac_1500000_step":300,"ppo/train/clip_range":0.2,"dataset/transitions":25000,"ppo/train/loss":0.32900291681289673,"_runtime":696,"q_train/ppo_frac_500000":0.4346662724018097,"_step":2016444,"ppo/train/value_loss":0.6601314304396511,"dataset/source_loaded":0,"ppo/train/learning_rate":0.0003}