{
  "config": {
    "env_id": "HalfCheetah-v5",
    "eval_rollouts": 20,
    "eval_horizon": 500,
    "gamma": 0.97,
    "seed": 42,
    "device": "cuda",
    "deterministic_policy": true,
    "respect_env_done": true,
    "env_kwargs": {}
  },
  "artifacts": {
    "policy_dir": "pend-eval/cheetah-policies",
    "policy_snapshots": null,
    "nsdt_run_dir": "logs/run-20260329-092059_NSDT_Dataset-Cheetah_0_1-runs_log_MAIN_TABLE/Dataset-Cheetah/0",
    "state_diff_file": "best_state_differential.py",
    "state_dict_file": "best_state_dict.pt"
  },
  "metrics": {
    "spearman_rank_corr": 0.7714285714285715,
    "regret": 2.1538681013944156
  },
  "policy_selection": {
    "real_optimal_policy": "ppo_frac_1000000",
    "simulator_optimal_policy": "ppo_frac_800000",
    "real_optimal_true_value": 12.089558530626137,
    "simulator_optimal_true_value": 9.935690429231721,
    "simulator_optimal_sim_value": -1.985419100522995,
    "env_rank_vector": {
      "ppo_frac_0": 6.0,
      "ppo_frac_200000": 4.0,
      "ppo_frac_400000": 5.0,
      "ppo_frac_600000": 2.0,
      "ppo_frac_800000": 3.0,
      "ppo_frac_1000000": 1.0
    },
    "sim_rank_vector": {
      "ppo_frac_0": 6.0,
      "ppo_frac_200000": 5.0,
      "ppo_frac_400000": 4.0,
      "ppo_frac_600000": 3.0,
      "ppo_frac_800000": 1.0,
      "ppo_frac_1000000": 2.0
    }
  },
  "results": [
    {
      "name": "ppo_frac_0",
      "checkpoint": "pend-eval/cheetah-policies/ppo_frac_0.zip",
      "timesteps": 0,
      "true_env": {
        "mean": -0.1282755844100411,
        "std": 0.7136967579785067,
        "stderr": 0.15958744661611562,
        "n": 20
      },
      "nsdt_sim": {
        "mean": -43.82294960021973,
        "std": 0.764136048393889,
        "stderr": 0.17086601482668048,
        "n": 20
      },
      "delta_mean": -43.69467401580969
    },
    {
      "name": "ppo_frac_200000",
      "checkpoint": "pend-eval/cheetah-policies/ppo_frac_200000.zip",
      "timesteps": 200000,
      "true_env": {
        "mean": 6.601384371015115,
        "std": 4.413734069189553,
        "stderr": 0.9869409413314599,
        "n": 20
      },
      "nsdt_sim": {
        "mean": -35.6344539642334,
        "std": 1.9101760831220993,
        "stderr": 0.42712835708553026,
        "n": 20
      },
      "delta_mean": -42.235838335248516
    },
    {
      "name": "ppo_frac_400000",
      "checkpoint": "pend-eval/cheetah-policies/ppo_frac_400000.zip",
      "timesteps": 400000,
      "true_env": {
        "mean": 4.772941993042879,
        "std": 11.355078885991775,
        "stderr": 2.539072827895019,
        "n": 20
      },
      "nsdt_sim": {
        "mean": -7.8089145258069035,
        "std": 8.032505504567562,
        "stderr": 1.7961228337854314,
        "n": 20
      },
      "delta_mean": -12.581856518849783
    },
    {
      "name": "ppo_frac_600000",
      "checkpoint": "pend-eval/cheetah-policies/ppo_frac_600000.zip",
      "timesteps": 600000,
      "true_env": {
        "mean": 11.291861379075089,
        "std": 6.555932372590191,
        "stderr": 1.4659510441003145,
        "n": 20
      },
      "nsdt_sim": {
        "mean": -5.910835102200508,
        "std": 7.999478776288922,
        "stderr": 1.7887378328348862,
        "n": 20
      },
      "delta_mean": -17.202696481275595
    },
    {
      "name": "ppo_frac_800000",
      "checkpoint": "pend-eval/cheetah-policies/ppo_frac_800000.zip",
      "timesteps": 800000,
      "true_env": {
        "mean": 9.935690429231721,
        "std": 8.053541048580469,
        "stderr": 1.8008265244210864,
        "n": 20
      },
      "nsdt_sim": {
        "mean": -1.985419100522995,
        "std": 8.203224424288916,
        "stderr": 1.8342967447396592,
        "n": 20
      },
      "delta_mean": -11.921109529754716
    },
    {
      "name": "ppo_frac_1000000",
      "checkpoint": "pend-eval/cheetah-policies/ppo_frac_1000000.zip",
      "timesteps": 1000000,
      "true_env": {
        "mean": 12.089558530626137,
        "std": 11.515371788995516,
        "stderr": 2.574915410637734,
        "n": 20
      },
      "nsdt_sim": {
        "mean": -3.3230883896350862,
        "std": 11.61844369909055,
        "stderr": 2.597962990392058,
        "n": 20
      },
      "delta_mean": -15.412646920261224
    }
  ]
}