{
  "config": {
    "env_id": "Walker2d-v5",
    "eval_rollouts": 20,
    "eval_horizon": 500,
    "gamma": 0.97,
    "seed": 42,
    "device": "cuda",
    "deterministic_policy": true,
    "respect_env_done": true,
    "env_kwargs": {}
  },
  "artifacts": {
    "policy_dir": "pend-eval/walker-policies",
    "policy_snapshots": null,
    "nsdt_run_dir": "logs/run-20260329-095506_NSDT_Dataset-Pendulum-Dataset-LunarLander-Dataset-Hopper-Dataset-Cheetah-Dataset-Walker-Dataset-Ant_0_5-runs_log_MAIN_TABLE/Dataset-Walker/5",
    "state_diff_file": "best_state_differential.py",
    "state_dict_file": "best_state_dict.pt"
  },
  "metrics": {
    "spearman_rank_corr": -0.08571428571428573,
    "regret": 3.116251853766137
  },
  "policy_selection": {
    "real_optimal_policy": "ppo_frac_800000",
    "simulator_optimal_policy": "ppo_frac_400000",
    "real_optimal_true_value": 44.624079875924494,
    "simulator_optimal_true_value": 41.50782802215836,
    "simulator_optimal_sim_value": 55.356609439849855,
    "env_rank_vector": {
      "ppo_frac_0": 6.0,
      "ppo_frac_200000": 5.0,
      "ppo_frac_400000": 3.0,
      "ppo_frac_600000": 4.0,
      "ppo_frac_800000": 1.0,
      "ppo_frac_1000000": 2.0
    },
    "sim_rank_vector": {
      "ppo_frac_0": 5.0,
      "ppo_frac_200000": 3.0,
      "ppo_frac_400000": 1.0,
      "ppo_frac_600000": 2.0,
      "ppo_frac_800000": 4.0,
      "ppo_frac_1000000": 6.0
    }
  },
  "results": [
    {
      "name": "ppo_frac_0",
      "checkpoint": "pend-eval/walker-policies/ppo_frac_0.zip",
      "timesteps": 0,
      "true_env": {
        "mean": 29.406108422953018,
        "std": 0.4309536463896052,
        "stderr": 0.0963641648478564,
        "n": 20
      },
      "nsdt_sim": {
        "mean": 2.5191728115081786,
        "std": 0.19244029303225846,
        "stderr": 0.0430309576830109,
        "n": 20
      },
      "delta_mean": -26.88693561144484
    },
    {
      "name": "ppo_frac_200000",
      "checkpoint": "pend-eval/walker-policies/ppo_frac_200000.zip",
      "timesteps": 200000,
      "true_env": {
        "mean": 36.247186266845965,
        "std": 0.6509408400080692,
        "stderr": 0.14555479675888575,
        "n": 20
      },
      "nsdt_sim": {
        "mean": 7.277027988433838,
        "std": 1.0268918419311557,
        "stderr": 0.2296199964098033,
        "n": 20
      },
      "delta_mean": -28.97015827841213
    },
    {
      "name": "ppo_frac_400000",
      "checkpoint": "pend-eval/walker-policies/ppo_frac_400000.zip",
      "timesteps": 400000,
      "true_env": {
        "mean": 41.50782802215836,
        "std": 0.4478987762314502,
        "stderr": 0.10015321106924896,
        "n": 20
      },
      "nsdt_sim": {
        "mean": 55.356609439849855,
        "std": 11.616196433074913,
        "stderr": 2.597460486434609,
        "n": 20
      },
      "delta_mean": 13.848781417691498
    },
    {
      "name": "ppo_frac_600000",
      "checkpoint": "pend-eval/walker-policies/ppo_frac_600000.zip",
      "timesteps": 600000,
      "true_env": {
        "mean": 41.29124601664661,
        "std": 0.5762780521971352,
        "stderr": 0.12885968986539664,
        "n": 20
      },
      "nsdt_sim": {
        "mean": 9.437626695632934,
        "std": 0.9936814195418181,
        "stderr": 0.2221939202073993,
        "n": 20
      },
      "delta_mean": -31.853619321013674
    },
    {
      "name": "ppo_frac_800000",
      "checkpoint": "pend-eval/walker-policies/ppo_frac_800000.zip",
      "timesteps": 800000,
      "true_env": {
        "mean": 44.624079875924494,
        "std": 0.632614396631478,
        "stderr": 0.14145687944129987,
        "n": 20
      },
      "nsdt_sim": {
        "mean": 4.256326925754547,
        "std": 0.5419117697752579,
        "stderr": 0.12117515550246925,
        "n": 20
      },
      "delta_mean": -40.367752950169944
    },
    {
      "name": "ppo_frac_1000000",
      "checkpoint": "pend-eval/walker-policies/ppo_frac_1000000.zip",
      "timesteps": 1000000,
      "true_env": {
        "mean": 44.17033084723191,
        "std": 0.8124020472462801,
        "stderr": 0.1816586202702678,
        "n": 20
      },
      "nsdt_sim": {
        "mean": 0.5247334685176611,
        "std": 0.5214337294977669,
        "stderr": 0.1165961264918244,
        "n": 20
      },
      "delta_mean": -43.64559737871425
    }
  ]
}