{
  "config": {
    "env_id": "HalfCheetah-v5",
    "eval_rollouts": 20,
    "eval_horizon": 500,
    "gamma": 0.97,
    "seed": 42,
    "device": "cuda",
    "deterministic_policy": true,
    "respect_env_done": true,
    "env_kwargs": {}
  },
  "artifacts": {
    "policy_dir": "pend-eval/cheetah-policies",
    "policy_snapshots": null,
    "nsdt_run_dir": "logs/run-20260329-095506_NSDT_Dataset-Pendulum-Dataset-LunarLander-Dataset-Hopper-Dataset-Cheetah-Dataset-Walker-Dataset-Ant_0_5-runs_log_MAIN_TABLE/Dataset-Cheetah/0",
    "state_diff_file": "best_state_differential.py",
    "state_dict_file": "best_state_dict.pt"
  },
  "metrics": {
    "spearman_rank_corr": 0.8857142857142858,
    "regret": 0.7976971515510485
  },
  "policy_selection": {
    "real_optimal_policy": "ppo_frac_1000000",
    "simulator_optimal_policy": "ppo_frac_600000",
    "real_optimal_true_value": 12.089558530626137,
    "simulator_optimal_true_value": 11.291861379075089,
    "simulator_optimal_sim_value": 6.638605320453644,
    "env_rank_vector": {
      "ppo_frac_0": 6.0,
      "ppo_frac_200000": 4.0,
      "ppo_frac_400000": 5.0,
      "ppo_frac_600000": 2.0,
      "ppo_frac_800000": 3.0,
      "ppo_frac_1000000": 1.0
    },
    "sim_rank_vector": {
      "ppo_frac_0": 6.0,
      "ppo_frac_200000": 5.0,
      "ppo_frac_400000": 4.0,
      "ppo_frac_600000": 1.0,
      "ppo_frac_800000": 3.0,
      "ppo_frac_1000000": 2.0
    }
  },
  "results": [
    {
      "name": "ppo_frac_0",
      "checkpoint": "pend-eval/cheetah-policies/ppo_frac_0.zip",
      "timesteps": 0,
      "true_env": {
        "mean": -0.1282755844100411,
        "std": 0.7136967579785067,
        "stderr": 0.15958744661611562,
        "n": 20
      },
      "nsdt_sim": {
        "mean": -0.5930468451231719,
        "std": 0.35875809120991187,
        "stderr": 0.08022074794234327,
        "n": 20
      },
      "delta_mean": -0.46477126071313074
    },
    {
      "name": "ppo_frac_200000",
      "checkpoint": "pend-eval/cheetah-policies/ppo_frac_200000.zip",
      "timesteps": 200000,
      "true_env": {
        "mean": 6.601384371015115,
        "std": 4.413734069189553,
        "stderr": 0.9869409413314599,
        "n": 20
      },
      "nsdt_sim": {
        "mean": 3.795866514602676,
        "std": 2.859323120436626,
        "stderr": 0.6393640866933114,
        "n": 20
      },
      "delta_mean": -2.805517856412439
    },
    {
      "name": "ppo_frac_400000",
      "checkpoint": "pend-eval/cheetah-policies/ppo_frac_400000.zip",
      "timesteps": 400000,
      "true_env": {
        "mean": 4.772941993042879,
        "std": 11.355078885991775,
        "stderr": 2.539072827895019,
        "n": 20
      },
      "nsdt_sim": {
        "mean": 6.418842994421721,
        "std": 2.583994305168825,
        "stderr": 0.5777986919829828,
        "n": 20
      },
      "delta_mean": 1.6459010013788413
    },
    {
      "name": "ppo_frac_600000",
      "checkpoint": "pend-eval/cheetah-policies/ppo_frac_600000.zip",
      "timesteps": 600000,
      "true_env": {
        "mean": 11.291861379075089,
        "std": 6.555932372590191,
        "stderr": 1.4659510441003145,
        "n": 20
      },
      "nsdt_sim": {
        "mean": 6.638605320453644,
        "std": 3.7908741166875584,
        "stderr": 0.847665221905785,
        "n": 20
      },
      "delta_mean": -4.653256058621444
    },
    {
      "name": "ppo_frac_800000",
      "checkpoint": "pend-eval/cheetah-policies/ppo_frac_800000.zip",
      "timesteps": 800000,
      "true_env": {
        "mean": 9.935690429231721,
        "std": 8.053541048580469,
        "stderr": 1.8008265244210864,
        "n": 20
      },
      "nsdt_sim": {
        "mean": 6.574082297086716,
        "std": 4.04996943404918,
        "stderr": 0.9056006961330316,
        "n": 20
      },
      "delta_mean": -3.3616081321450055
    },
    {
      "name": "ppo_frac_1000000",
      "checkpoint": "pend-eval/cheetah-policies/ppo_frac_1000000.zip",
      "timesteps": 1000000,
      "true_env": {
        "mean": 12.089558530626137,
        "std": 11.515371788995516,
        "stderr": 2.574915410637734,
        "n": 20
      },
      "nsdt_sim": {
        "mean": 6.600134003162384,
        "std": 4.305901085207131,
        "stderr": 0.9628287530913258,
        "n": 20
      },
      "delta_mean": -5.489424527463753
    }
  ]
}