{
  "config": {
    "env_id": "Hopper-v4",
    "eval_rollouts": 20,
    "eval_horizon": 500,
    "gamma": 0.97,
    "seed": 42,
    "device": "cuda",
    "deterministic_policy": true,
    "respect_env_done": true,
    "env_kwargs": {}
  },
  "artifacts": {
    "policy_dir": "pend-eval/hopper-policies",
    "policy_snapshots": null,
    "nsdt_run_dir": "logs/run-20260329-095506_NSDT_Dataset-Pendulum-Dataset-LunarLander-Dataset-Hopper-Dataset-Cheetah-Dataset-Walker-Dataset-Ant_0_5-runs_log_MAIN_TABLE/Dataset-Hopper/6",
    "state_diff_file": "best_state_differential.py",
    "state_dict_file": "best_state_dict.pt"
  },
  "metrics": {
    "spearman_rank_corr": 0.48571428571428577,
    "regret": 0.0
  },
  "policy_selection": {
    "real_optimal_policy": "ppo_frac_1000000",
    "simulator_optimal_policy": "ppo_frac_1000000",
    "real_optimal_true_value": 64.78440467855515,
    "simulator_optimal_true_value": 64.78440467855515,
    "simulator_optimal_sim_value": 54.392001724243165,
    "env_rank_vector": {
      "ppo_frac_0": 6.0,
      "ppo_frac_200000": 5.0,
      "ppo_frac_400000": 2.0,
      "ppo_frac_600000": 4.0,
      "ppo_frac_800000": 3.0,
      "ppo_frac_1000000": 1.0
    },
    "sim_rank_vector": {
      "ppo_frac_0": 4.0,
      "ppo_frac_200000": 3.0,
      "ppo_frac_400000": 2.0,
      "ppo_frac_600000": 5.0,
      "ppo_frac_800000": 6.0,
      "ppo_frac_1000000": 1.0
    }
  },
  "results": [
    {
      "name": "ppo_frac_0",
      "checkpoint": "pend-eval/hopper-policies/ppo_frac_0.zip",
      "timesteps": 0,
      "true_env": {
        "mean": 31.185773274541965,
        "std": 0.6389686602114065,
        "stderr": 0.142877735972467,
        "n": 20
      },
      "nsdt_sim": {
        "mean": 44.251085472106936,
        "std": 0.44048250514538545,
        "stderr": 0.09849488244044827,
        "n": 20
      },
      "delta_mean": 13.065312197564971
    },
    {
      "name": "ppo_frac_200000",
      "checkpoint": "pend-eval/hopper-policies/ppo_frac_200000.zip",
      "timesteps": 200000,
      "true_env": {
        "mean": 60.59571644684301,
        "std": 0.19587442776519823,
        "stderr": 0.04379885355368554,
        "n": 20
      },
      "nsdt_sim": {
        "mean": 49.363231086730956,
        "std": 1.2879593403105702,
        "stderr": 0.287996463719022,
        "n": 20
      },
      "delta_mean": -11.232485360112051
    },
    {
      "name": "ppo_frac_400000",
      "checkpoint": "pend-eval/hopper-policies/ppo_frac_400000.zip",
      "timesteps": 400000,
      "true_env": {
        "mean": 64.22759678550402,
        "std": 0.12567233550237147,
        "stderr": 0.02810118850744628,
        "n": 20
      },
      "nsdt_sim": {
        "mean": 53.480374336242676,
        "std": 1.0618214502401464,
        "stderr": 0.23743049427043778,
        "n": 20
      },
      "delta_mean": -10.747222449261344
    },
    {
      "name": "ppo_frac_600000",
      "checkpoint": "pend-eval/hopper-policies/ppo_frac_600000.zip",
      "timesteps": 600000,
      "true_env": {
        "mean": 63.453569938072164,
        "std": 0.1587366578914303,
        "stderr": 0.03549459575663665,
        "n": 20
      },
      "nsdt_sim": {
        "mean": 42.66978015899658,
        "std": 3.513048744906466,
        "stderr": 0.7855415801881175,
        "n": 20
      },
      "delta_mean": -20.783789779075583
    },
    {
      "name": "ppo_frac_800000",
      "checkpoint": "pend-eval/hopper-policies/ppo_frac_800000.zip",
      "timesteps": 800000,
      "true_env": {
        "mean": 64.08200516443438,
        "std": 0.40089623652270734,
        "stderr": 0.08964312367886075,
        "n": 20
      },
      "nsdt_sim": {
        "mean": 40.394818496704104,
        "std": 4.831125773262407,
        "stderr": 1.0802725636865977,
        "n": 20
      },
      "delta_mean": -23.687186667730273
    },
    {
      "name": "ppo_frac_1000000",
      "checkpoint": "pend-eval/hopper-policies/ppo_frac_1000000.zip",
      "timesteps": 1000000,
      "true_env": {
        "mean": 64.78440467855515,
        "std": 0.1574206626911681,
        "stderr": 0.03520033028405169,
        "n": 20
      },
      "nsdt_sim": {
        "mean": 54.392001724243165,
        "std": 3.501949451980792,
        "stderr": 0.7830597028397186,
        "n": 20
      },
      "delta_mean": -10.392402954311983
    }
  ]
}