{
  "config": {
    "env_id": "Pendulum-v1",
    "eval_rollouts": 20,
    "eval_horizon": 500,
    "gamma": 0.95,
    "seed": 42,
    "device": "cuda",
    "deterministic_policy": true,
    "respect_env_done": true,
    "env_kwargs": {}
  },
  "artifacts": {
    "policy_dir": "pend-eval/policies",
    "policy_snapshots": null,
    "nsdt_run_dir": "logs/run-20260329-095506_NSDT_Dataset-Pendulum-Dataset-LunarLander-Dataset-Hopper-Dataset-Cheetah-Dataset-Walker-Dataset-Ant_0_5-runs_log_MAIN_TABLE/Dataset-Pendulum/3",
    "state_diff_file": "best_state_differential.py",
    "state_dict_file": "best_state_dict.pt"
  },
  "metrics": {
    "spearman_rank_corr": -0.8857142857142858,
    "regret": 2.0052287567267655
  },
  "policy_selection": {
    "real_optimal_policy": "ppo_frac_5000000",
    "simulator_optimal_policy": "ppo_frac_1000000",
    "real_optimal_true_value": -78.64228407188706,
    "simulator_optimal_true_value": -80.64751282861383,
    "simulator_optimal_sim_value": -85.4920124270022,
    "env_rank_vector": {
      "ppo_frac_0": 6.0,
      "ppo_frac_1000000": 5.0,
      "ppo_frac_2000000": 4.0,
      "ppo_frac_3000000": 3.0,
      "ppo_frac_4000000": 2.0,
      "ppo_frac_5000000": 1.0
    },
    "sim_rank_vector": {
      "ppo_frac_0": 2.0,
      "ppo_frac_1000000": 1.0,
      "ppo_frac_2000000": 3.0,
      "ppo_frac_3000000": 5.0,
      "ppo_frac_4000000": 4.0,
      "ppo_frac_5000000": 6.0
    }
  },
  "results": [
    {
      "name": "ppo_frac_0",
      "checkpoint": "pend-eval/policies/ppo_frac_0.zip",
      "timesteps": 0,
      "true_env": {
        "mean": -122.48945851614353,
        "std": 32.66255478470377,
        "stderr": 7.303569281740864,
        "n": 20
      },
      "nsdt_sim": {
        "mean": -1087.8972454071045,
        "std": 2424.67950155119,
        "stderr": 542.1748189118767,
        "n": 20
      },
      "delta_mean": -965.407786890961
    },
    {
      "name": "ppo_frac_1000000",
      "checkpoint": "pend-eval/policies/ppo_frac_1000000.zip",
      "timesteps": 1000000,
      "true_env": {
        "mean": -80.64751282861383,
        "std": 30.606564499210283,
        "stderr": 6.843835877796599,
        "n": 20
      },
      "nsdt_sim": {
        "mean": -85.4920124270022,
        "std": 32.205303678731816,
        "stderr": 7.2013248261668386,
        "n": 20
      },
      "delta_mean": -4.844499598388367
    },
    {
      "name": "ppo_frac_2000000",
      "checkpoint": "pend-eval/policies/ppo_frac_2000000.zip",
      "timesteps": 2000000,
      "true_env": {
        "mean": -79.0919779122406,
        "std": 29.641578954082124,
        "stderr": 6.628058550175474,
        "n": 20
      },
      "nsdt_sim": {
        "mean": -1560.9222746759654,
        "std": 4155.771160439807,
        "stderr": 929.2586813676594,
        "n": 20
      },
      "delta_mean": -1481.8302967637248
    },
    {
      "name": "ppo_frac_3000000",
      "checkpoint": "pend-eval/policies/ppo_frac_3000000.zip",
      "timesteps": 3000000,
      "true_env": {
        "mean": -78.76135875972508,
        "std": 29.374470189235435,
        "stderr": 6.568331214617154,
        "n": 20
      },
      "nsdt_sim": {
        "mean": -29720.906540454926,
        "std": 60179.163195383,
        "stderr": 13456.469973392985,
        "n": 20
      },
      "delta_mean": -29642.1451816952
    },
    {
      "name": "ppo_frac_4000000",
      "checkpoint": "pend-eval/policies/ppo_frac_4000000.zip",
      "timesteps": 4000000,
      "true_env": {
        "mean": -78.67647042122483,
        "std": 29.29649773240349,
        "stderr": 6.550896043232265,
        "n": 20
      },
      "nsdt_sim": {
        "mean": -25186.37334477082,
        "std": 53099.84151156742,
        "stderr": 11873.485521432993,
        "n": 20
      },
      "delta_mean": -25107.696874349593
    },
    {
      "name": "ppo_frac_5000000",
      "checkpoint": "pend-eval/policies/ppo_frac_5000000.zip",
      "timesteps": 5000000,
      "true_env": {
        "mean": -78.64228407188706,
        "std": 29.276205230679196,
        "stderr": 6.546358501903359,
        "n": 20
      },
      "nsdt_sim": {
        "mean": -35841.67608864159,
        "std": 59151.40912848446,
        "stderr": 13226.657177619285,
        "n": 20
      },
      "delta_mean": -35763.0338045697
    }
  ]
}