{
  "config": {
    "env_id": "HalfCheetah-v5",
    "eval_rollouts": 20,
    "eval_horizon": 500,
    "gamma": 0.97,
    "seed": 42,
    "device": "cuda",
    "deterministic_policy": true,
    "respect_env_done": true,
    "env_kwargs": {}
  },
  "artifacts": {
    "policy_dir": "pend-eval/cheetah-policies",
    "policy_snapshots": null,
    "nsdt_run_dir": "logs/run-20260329-095506_NSDT_Dataset-Pendulum-Dataset-LunarLander-Dataset-Hopper-Dataset-Cheetah-Dataset-Walker-Dataset-Ant_0_5-runs_log_MAIN_TABLE/Dataset-Cheetah/5",
    "state_diff_file": "best_state_differential.py",
    "state_dict_file": "best_state_dict.pt"
  },
  "metrics": {
    "spearman_rank_corr": 0.7142857142857143,
    "regret": 0.0
  },
  "policy_selection": {
    "real_optimal_policy": "ppo_frac_1000000",
    "simulator_optimal_policy": "ppo_frac_1000000",
    "real_optimal_true_value": 12.089558530626137,
    "simulator_optimal_true_value": 12.089558530626137,
    "simulator_optimal_sim_value": 13.992976522445678,
    "env_rank_vector": {
      "ppo_frac_0": 6.0,
      "ppo_frac_200000": 4.0,
      "ppo_frac_400000": 5.0,
      "ppo_frac_600000": 2.0,
      "ppo_frac_800000": 3.0,
      "ppo_frac_1000000": 1.0
    },
    "sim_rank_vector": {
      "ppo_frac_0": 4.0,
      "ppo_frac_200000": 6.0,
      "ppo_frac_400000": 5.0,
      "ppo_frac_600000": 3.0,
      "ppo_frac_800000": 2.0,
      "ppo_frac_1000000": 1.0
    }
  },
  "results": [
    {
      "name": "ppo_frac_0",
      "checkpoint": "pend-eval/cheetah-policies/ppo_frac_0.zip",
      "timesteps": 0,
      "true_env": {
        "mean": -0.1282755844100411,
        "std": 0.7136967579785067,
        "stderr": 0.15958744661611562,
        "n": 20
      },
      "nsdt_sim": {
        "mean": 8.326817774772644,
        "std": 0.9936959505666103,
        "stderr": 0.22219716944332113,
        "n": 20
      },
      "delta_mean": 8.455093359182685
    },
    {
      "name": "ppo_frac_200000",
      "checkpoint": "pend-eval/cheetah-policies/ppo_frac_200000.zip",
      "timesteps": 200000,
      "true_env": {
        "mean": 6.601384371015115,
        "std": 4.413734069189553,
        "stderr": 0.9869409413314599,
        "n": 20
      },
      "nsdt_sim": {
        "mean": -3.659833923727274,
        "std": 3.0818404735270057,
        "stderr": 0.6891204794616526,
        "n": 20
      },
      "delta_mean": -10.261218294742388
    },
    {
      "name": "ppo_frac_400000",
      "checkpoint": "pend-eval/cheetah-policies/ppo_frac_400000.zip",
      "timesteps": 400000,
      "true_env": {
        "mean": 4.772941993042879,
        "std": 11.355078885991775,
        "stderr": 2.539072827895019,
        "n": 20
      },
      "nsdt_sim": {
        "mean": 0.8507672234554775,
        "std": 3.339703249129752,
        "stderr": 0.7467803489731041,
        "n": 20
      },
      "delta_mean": -3.922174769587402
    },
    {
      "name": "ppo_frac_600000",
      "checkpoint": "pend-eval/cheetah-policies/ppo_frac_600000.zip",
      "timesteps": 600000,
      "true_env": {
        "mean": 11.291861379075089,
        "std": 6.555932372590191,
        "stderr": 1.4659510441003145,
        "n": 20
      },
      "nsdt_sim": {
        "mean": 9.177876520156861,
        "std": 3.362741415307645,
        "stderr": 0.7519318395381746,
        "n": 20
      },
      "delta_mean": -2.1139848589182275
    },
    {
      "name": "ppo_frac_800000",
      "checkpoint": "pend-eval/cheetah-policies/ppo_frac_800000.zip",
      "timesteps": 800000,
      "true_env": {
        "mean": 9.935690429231721,
        "std": 8.053541048580469,
        "stderr": 1.8008265244210864,
        "n": 20
      },
      "nsdt_sim": {
        "mean": 11.043667578697205,
        "std": 3.3210005714266235,
        "stderr": 0.7425983031025576,
        "n": 20
      },
      "delta_mean": 1.1079771494654835
    },
    {
      "name": "ppo_frac_1000000",
      "checkpoint": "pend-eval/cheetah-policies/ppo_frac_1000000.zip",
      "timesteps": 1000000,
      "true_env": {
        "mean": 12.089558530626137,
        "std": 11.515371788995516,
        "stderr": 2.574915410637734,
        "n": 20
      },
      "nsdt_sim": {
        "mean": 13.992976522445678,
        "std": 3.083159000513413,
        "stderr": 0.68941531105883,
        "n": 20
      },
      "delta_mean": 1.9034179918195413
    }
  ]
}