{
  "aggregate_over_env_seeds": {
    "num_seeds": 9,
    "spearman_rank_corr_mean": 0.5365079365079368,
    "spearman_rank_corr_stderr": 0.18404486400807296,
    "regret_mean": 49.1077934374885,
    "regret_stderr": 39.01165230949529
  },
  "per_seed": [
    {
      "env_seed": 0,
      "file": "pend-eval/results/nsdt_lunarlander_alignment_seed0.json",
      "spearman_rank_corr": 0.7714285714285715,
      "regret": 3.548369190266385,
      "policy_selection": {
        "real_optimal_policy": "ppo_frac_800000",
        "simulator_optimal_policy": "ppo_frac_1000000",
        "real_optimal_true_value": -6067.985863043394,
        "simulator_optimal_true_value": -6071.53423223366,
        "simulator_optimal_sim_value": -5705.454150390625,
        "env_rank_vector": {
          "ppo_frac_0": 5.0,
          "ppo_frac_200000": 6.0,
          "ppo_frac_400000": 4.0,
          "ppo_frac_600000": 3.0,
          "ppo_frac_800000": 1.0,
          "ppo_frac_1000000": 2.0
        },
        "sim_rank_vector": {
          "ppo_frac_0": 6.0,
          "ppo_frac_200000": 5.0,
          "ppo_frac_400000": 4.0,
          "ppo_frac_600000": 2.0,
          "ppo_frac_800000": 3.0,
          "ppo_frac_1000000": 1.0
        }
      }
    },
    {
      "env_seed": 1,
      "file": "pend-eval/results/nsdt_lunarlander_alignment_seed1.json",
      "spearman_rank_corr": 0.942857142857143,
      "regret": 3.548369190266385,
      "policy_selection": {
        "real_optimal_policy": "ppo_frac_800000",
        "simulator_optimal_policy": "ppo_frac_1000000",
        "real_optimal_true_value": -6067.985863043394,
        "simulator_optimal_true_value": -6071.53423223366,
        "simulator_optimal_sim_value": -6975.093725585937,
        "env_rank_vector": {
          "ppo_frac_0": 5.0,
          "ppo_frac_200000": 6.0,
          "ppo_frac_400000": 4.0,
          "ppo_frac_600000": 3.0,
          "ppo_frac_800000": 1.0,
          "ppo_frac_1000000": 2.0
        },
        "sim_rank_vector": {
          "ppo_frac_0": 5.0,
          "ppo_frac_200000": 6.0,
          "ppo_frac_400000": 4.0,
          "ppo_frac_600000": 3.0,
          "ppo_frac_800000": 2.0,
          "ppo_frac_1000000": 1.0
        }
      }
    },
    {
      "env_seed": 2,
      "file": "pend-eval/results/nsdt_lunarlander_alignment_seed2.json",
      "spearman_rank_corr": 0.942857142857143,
      "regret": 3.548369190266385,
      "policy_selection": {
        "real_optimal_policy": "ppo_frac_800000",
        "simulator_optimal_policy": "ppo_frac_1000000",
        "real_optimal_true_value": -6067.985863043394,
        "simulator_optimal_true_value": -6071.53423223366,
        "simulator_optimal_sim_value": -5714.66103515625,
        "env_rank_vector": {
          "ppo_frac_0": 5.0,
          "ppo_frac_200000": 6.0,
          "ppo_frac_400000": 4.0,
          "ppo_frac_600000": 3.0,
          "ppo_frac_800000": 1.0,
          "ppo_frac_1000000": 2.0
        },
        "sim_rank_vector": {
          "ppo_frac_0": 5.0,
          "ppo_frac_200000": 6.0,
          "ppo_frac_400000": 4.0,
          "ppo_frac_600000": 3.0,
          "ppo_frac_800000": 2.0,
          "ppo_frac_1000000": 1.0
        }
      }
    },
    {
      "env_seed": 3,
      "file": "pend-eval/results/nsdt_lunarlander_alignment_seed3.json",
      "spearman_rank_corr": 0.6571428571428573,
      "regret": 4.714024348621024,
      "policy_selection": {
        "real_optimal_policy": "ppo_frac_800000",
        "simulator_optimal_policy": "ppo_frac_600000",
        "real_optimal_true_value": -6067.985863043394,
        "simulator_optimal_true_value": -6072.699887392015,
        "simulator_optimal_sim_value": -7149.420654296875,
        "env_rank_vector": {
          "ppo_frac_0": 5.0,
          "ppo_frac_200000": 6.0,
          "ppo_frac_400000": 4.0,
          "ppo_frac_600000": 3.0,
          "ppo_frac_800000": 1.0,
          "ppo_frac_1000000": 2.0
        },
        "sim_rank_vector": {
          "ppo_frac_0": 6.0,
          "ppo_frac_200000": 4.0,
          "ppo_frac_400000": 5.0,
          "ppo_frac_600000": 1.0,
          "ppo_frac_800000": 2.0,
          "ppo_frac_1000000": 3.0
        }
      }
    },
    {
      "env_seed": 4,
      "file": "pend-eval/results/nsdt_lunarlander_alignment_seed4.json",
      "spearman_rank_corr": 0.6571428571428573,
      "regret": 3.548369190266385,
      "policy_selection": {
        "real_optimal_policy": "ppo_frac_800000",
        "simulator_optimal_policy": "ppo_frac_1000000",
        "real_optimal_true_value": -6067.985863043394,
        "simulator_optimal_true_value": -6071.53423223366,
        "simulator_optimal_sim_value": -6577.627416992187,
        "env_rank_vector": {
          "ppo_frac_0": 5.0,
          "ppo_frac_200000": 6.0,
          "ppo_frac_400000": 4.0,
          "ppo_frac_600000": 3.0,
          "ppo_frac_800000": 1.0,
          "ppo_frac_1000000": 2.0
        },
        "sim_rank_vector": {
          "ppo_frac_0": 6.0,
          "ppo_frac_200000": 5.0,
          "ppo_frac_400000": 2.0,
          "ppo_frac_600000": 4.0,
          "ppo_frac_800000": 3.0,
          "ppo_frac_1000000": 1.0
        }
      }
    },
    {
      "env_seed": 6,
      "file": "pend-eval/results/nsdt_lunarlander_alignment_seed6.json",
      "spearman_rank_corr": 0.4285714285714286,
      "regret": 58.53388853130127,
      "policy_selection": {
        "real_optimal_policy": "ppo_frac_800000",
        "simulator_optimal_policy": "ppo_frac_400000",
        "real_optimal_true_value": -6067.985863043394,
        "simulator_optimal_true_value": -6126.519751574695,
        "simulator_optimal_sim_value": -4382.437719726562,
        "env_rank_vector": {
          "ppo_frac_0": 5.0,
          "ppo_frac_200000": 6.0,
          "ppo_frac_400000": 4.0,
          "ppo_frac_600000": 3.0,
          "ppo_frac_800000": 1.0,
          "ppo_frac_1000000": 2.0
        },
        "sim_rank_vector": {
          "ppo_frac_0": 6.0,
          "ppo_frac_200000": 5.0,
          "ppo_frac_400000": 1.0,
          "ppo_frac_600000": 2.0,
          "ppo_frac_800000": 3.0,
          "ppo_frac_1000000": 4.0
        }
      }
    },
    {
      "env_seed": 7,
      "file": "pend-eval/results/nsdt_lunarlander_alignment_seed7.json",
      "spearman_rank_corr": 0.8857142857142858,
      "regret": 3.548369190266385,
      "policy_selection": {
        "real_optimal_policy": "ppo_frac_800000",
        "simulator_optimal_policy": "ppo_frac_1000000",
        "real_optimal_true_value": -6067.985863043394,
        "simulator_optimal_true_value": -6071.53423223366,
        "simulator_optimal_sim_value": -5934.380688476563,
        "env_rank_vector": {
          "ppo_frac_0": 5.0,
          "ppo_frac_200000": 6.0,
          "ppo_frac_400000": 4.0,
          "ppo_frac_600000": 3.0,
          "ppo_frac_800000": 1.0,
          "ppo_frac_1000000": 2.0
        },
        "sim_rank_vector": {
          "ppo_frac_0": 6.0,
          "ppo_frac_200000": 5.0,
          "ppo_frac_400000": 4.0,
          "ppo_frac_600000": 3.0,
          "ppo_frac_800000": 2.0,
          "ppo_frac_1000000": 1.0
        }
      }
    },
    {
      "env_seed": 8,
      "file": "pend-eval/results/nsdt_lunarlander_alignment_seed8.json",
      "spearman_rank_corr": -0.8285714285714287,
      "regret": 357.43201291587593,
      "policy_selection": {
        "real_optimal_policy": "ppo_frac_800000",
        "simulator_optimal_policy": "ppo_frac_200000",
        "real_optimal_true_value": -6067.985863043394,
        "simulator_optimal_true_value": -6425.41787595927,
        "simulator_optimal_sim_value": -6937.709399414062,
        "env_rank_vector": {
          "ppo_frac_0": 5.0,
          "ppo_frac_200000": 6.0,
          "ppo_frac_400000": 4.0,
          "ppo_frac_600000": 3.0,
          "ppo_frac_800000": 1.0,
          "ppo_frac_1000000": 2.0
        },
        "sim_rank_vector": {
          "ppo_frac_0": 2.0,
          "ppo_frac_200000": 1.0,
          "ppo_frac_400000": 3.0,