{
  "config": {
    "env_id": "Pendulum-v1",
    "eval_rollouts": 20,
    "eval_horizon": 500,
    "gamma": 0.97,
    "seed": 42,
    "device": "mps",
    "deterministic_policy": true,
    "respect_env_done": true,
    "env_kwargs": {}
  },
  "artifacts": {
    "policy_dir": "pend-eval/policies",
    "policy_snapshots": null,
    "nsdt_run_dir": "logs/run-20260327-153110_NSDT_Dataset-Pendulum_0_1-runs_log_MAIN_TABLE/Dataset-Pendulum/0",
    "state_diff_file": "best_state_differential.py",
    "state_dict_file": "best_state_dict.pt"
  },
  "metrics": {
    "spearman_rank_corr": 0.7142857142857143,
    "regret": 0.3987518150926661
  },
  "policy_selection": {
    "real_optimal_policy": "ppo_frac_4000000",
    "simulator_optimal_policy": "ppo_frac_3000000",
    "real_optimal_true_value": -101.17208115223808,
    "simulator_optimal_true_value": -101.57083296733074,
    "simulator_optimal_sim_value": -153.8666919708252,
    "env_rank_vector": {
      "ppo_frac_0": 6.0,
      "ppo_frac_1000000": 5.0,
      "ppo_frac_2000000": 4.0,
      "ppo_frac_3000000": 3.0,
      "ppo_frac_4000000": 1.0,
      "ppo_frac_5000000": 2.0
    },
    "sim_rank_vector": {
      "ppo_frac_0": 6.0,
      "ppo_frac_1000000": 5.0,
      "ppo_frac_2000000": 3.0,
      "ppo_frac_3000000": 1.0,
      "ppo_frac_4000000": 2.0,
      "ppo_frac_5000000": 4.0
    }
  },
  "results": [
    {
      "name": "ppo_frac_0",
      "checkpoint": "pend-eval/policies/ppo_frac_0.zip",
      "timesteps": 0,
      "true_env": {
        "mean": -207.01585880359167,
        "std": 51.29522054115002,
        "stderr": 11.469960005085499,
        "n": 20
      },
      "nsdt_sim": {
        "mean": -122887348.61446992,
        "std": 444017158.91104156,
        "stderr": 99285255.05014154,
        "n": 20
      },
      "delta_mean": -122887141.59861112
    },
    {
      "name": "ppo_frac_1000000",
      "checkpoint": "pend-eval/policies/ppo_frac_1000000.zip",
      "timesteps": 1000000,
      "true_env": {
        "mean": -109.68068078958188,
        "std": 42.861814168303894,
        "stderr": 9.584193011929111,
        "n": 20
      },
      "nsdt_sim": {
        "mean": -25856858.639969252,
        "std": 92636982.48074059,
        "stderr": 20714259.005739305,
        "n": 20
      },
      "delta_mean": -25856748.959288463
    },
    {
      "name": "ppo_frac_2000000",
      "checkpoint": "pend-eval/policies/ppo_frac_2000000.zip",
      "timesteps": 2000000,
      "true_env": {
        "mean": -102.08859263679015,
        "std": 39.494408438746326,
        "stderr": 8.831218200017812,
        "n": 20
      },
      "nsdt_sim": {
        "mean": -157.38574562072753,
        "std": 25.60514013721947,
        "stderr": 5.7254833920231025,
        "n": 20
      },
      "delta_mean": -55.29715298393738
    },
    {
      "name": "ppo_frac_3000000",
      "checkpoint": "pend-eval/policies/ppo_frac_3000000.zip",
      "timesteps": 3000000,
      "true_env": {
        "mean": -101.57083296733074,
        "std": 39.01114051376951,
        "stderr": 8.72315620685847,
        "n": 20
      },
      "nsdt_sim": {
        "mean": -153.8666919708252,
        "std": 24.252599730251514,
        "stderr": 5.423046162793544,
        "n": 20
      },
      "delta_mean": -52.295859003494456
    },
    {
      "name": "ppo_frac_4000000",
      "checkpoint": "pend-eval/policies/ppo_frac_4000000.zip",
      "timesteps": 4000000,
      "true_env": {
        "mean": -101.17208115223808,
        "std": 38.78327883348528,
        "stderr": 8.672204786200183,
        "n": 20
      },
      "nsdt_sim": {
        "mean": -156.8488426208496,
        "std": 26.39347520108019,
        "stderr": 5.901760471207023,
        "n": 20
      },
      "delta_mean": -55.67676146861153
    },
    {
      "name": "ppo_frac_5000000",
      "checkpoint": "pend-eval/policies/ppo_frac_5000000.zip",
      "timesteps": 5000000,
      "true_env": {
        "mean": -101.1764965969559,
        "std": 38.68408054435343,
        "stderr": 8.650023374425134,
        "n": 20
      },
      "nsdt_sim": {
        "mean": -157.5952522277832,
        "std": 26.106146277499164,
        "stderr": 5.837511770704122,
        "n": 20
      },
      "delta_mean": -56.41875563082729
    }
  ]
}