{
  "config": {
    "env_id": "Pendulum-v1",
    "eval_rollouts": 20,
    "eval_horizon": 500,
    "gamma": 0.97,
    "seed": 42,
    "device": "cuda",
    "deterministic_policy": true,
    "respect_env_done": true,
    "env_kwargs": {}
  },
  "artifacts": {
    "policy_dir": "pend-eval/policies",
    "policy_snapshots": null,
    "nsdt_run_dir": "logs/run-20260329-095506_NSDT_Dataset-Pendulum-Dataset-LunarLander-Dataset-Hopper-Dataset-Cheetah-Dataset-Walker-Dataset-Ant_0_5-runs_log_MAIN_TABLE/Dataset-Pendulum/5",
    "state_diff_file": "best_state_differential.py",
    "state_dict_file": "best_state_dict.pt"
  },
  "metrics": {
    "spearman_rank_corr": -0.4285714285714286,
    "regret": 3.9218549033622594
  },
  "policy_selection": {
    "real_optimal_policy": "ppo_frac_4000000",
    "simulator_optimal_policy": "ppo_frac_1000000",
    "real_optimal_true_value": -101.71531830532633,
    "simulator_optimal_true_value": -105.6371732086886,
    "simulator_optimal_sim_value": -5992990.7375,
    "env_rank_vector": {
      "ppo_frac_0": 6.0,
      "ppo_frac_1000000": 5.0,
      "ppo_frac_2000000": 4.0,
      "ppo_frac_3000000": 3.0,
      "ppo_frac_4000000": 1.0,
      "ppo_frac_5000000": 2.0
    },
    "sim_rank_vector": {
      "ppo_frac_0": 5.0,
      "ppo_frac_1000000": 1.0,
      "ppo_frac_2000000": 2.0,
      "ppo_frac_3000000": 3.0,
      "ppo_frac_4000000": 6.0,
      "ppo_frac_5000000": 4.0
    }
  },
  "results": [
    {
      "name": "ppo_frac_0",
      "checkpoint": "pend-eval/policies/ppo_frac_0.zip",
      "timesteps": 0,
      "true_env": {
        "mean": -207.00386290678216,
        "std": 51.15483834175673,
        "stderr": 11.438569591018066,
        "n": 20
      },
      "nsdt_sim": {
        "mean": -8097550.5578125,
        "std": 9520638.228315337,
        "stderr": 2128879.4267696254,
        "n": 20
      },
      "delta_mean": -8097343.553949593
    },
    {
      "name": "ppo_frac_1000000",
      "checkpoint": "pend-eval/policies/ppo_frac_1000000.zip",
      "timesteps": 1000000,
      "true_env": {
        "mean": -105.6371732086886,
        "std": 41.338394949361586,
        "stderr": 9.243546118750649,
        "n": 20
      },
      "nsdt_sim": {
        "mean": -5992990.7375,
        "std": 8558323.540301567,
        "stderr": 1913699.3209550963,
        "n": 20
      },
      "delta_mean": -5992885.100326791
    },
    {
      "name": "ppo_frac_2000000",
      "checkpoint": "pend-eval/policies/ppo_frac_2000000.zip",
      "timesteps": 2000000,
      "true_env": {
        "mean": -102.37178602651662,
        "std": 39.81829053280501,
        "stderr": 8.903640437918831,
        "n": 20
      },
      "nsdt_sim": {
        "mean": -6966194.0078125,
        "std": 8987743.982466828,
        "stderr": 2009720.6509160504,
        "n": 20
      },
      "delta_mean": -6966091.636026474
    },
    {
      "name": "ppo_frac_3000000",
      "checkpoint": "pend-eval/policies/ppo_frac_3000000.zip",
      "timesteps": 3000000,
      "true_env": {
        "mean": -101.82720836355496,
        "std": 39.21859311265133,
        "stderr": 8.769544018179342,
        "n": 20
      },
      "nsdt_sim": {
        "mean": -7092649.0359375,
        "std": 9157967.799425744,
        "stderr": 2047783.853527012,
        "n": 20
      },
      "delta_mean": -7092547.208729137
    },
    {
      "name": "ppo_frac_4000000",
      "checkpoint": "pend-eval/policies/ppo_frac_4000000.zip",
      "timesteps": 4000000,
      "true_env": {
        "mean": -101.71531830532633,
        "std": 39.01151452070687,
        "stderr": 8.723239837352068,
        "n": 20
      },
      "nsdt_sim": {
        "mean": -10401330.6953125,
        "std": 9262156.172671296,
        "stderr": 2071081.0820312295,
        "n": 20
      },
      "delta_mean": -10401228.979994195
    },
    {
      "name": "ppo_frac_5000000",
      "checkpoint": "pend-eval/policies/ppo_frac_5000000.zip",
      "timesteps": 5000000,
      "true_env": {
        "mean": -101.79692052276826,
        "std": 38.93968340196023,
        "stderr": 8.707177910910334,
        "n": 20
      },
      "nsdt_sim": {
        "mean": -7894130.68125,
        "std": 9248722.65608754,
        "stderr": 2068077.2564054148,
        "n": 20
      },
      "delta_mean": -7894028.884329477
    }
  ]
}