{
  "aggregate_over_env_seeds": {
    "num_seeds": 10,
    "spearman_rank_corr_mean": -0.13142857142857145,
    "spearman_rank_corr_stderr": 0.1586336214373868,
    "regret_mean": 7.504467067425281,
    "regret_stderr": 1.1546057887888446
  },
  "per_seed": [
    {
      "env_seed": 0,
      "file": "pend-eval/results/nsdt_walker_alignment_seed0.json",
      "spearman_rank_corr": 0.3714285714285715,
      "regret": 3.116251853766137,
      "policy_selection": {
        "real_optimal_policy": "ppo_frac_800000",
        "simulator_optimal_policy": "ppo_frac_400000",
        "real_optimal_true_value": 44.624079875924494,
        "simulator_optimal_true_value": 41.50782802215836,
        "simulator_optimal_sim_value": 39.017100143432614,
        "env_rank_vector": {
          "ppo_frac_0": 6.0,
          "ppo_frac_200000": 5.0,
          "ppo_frac_400000": 3.0,
          "ppo_frac_600000": 4.0,
          "ppo_frac_800000": 1.0,
          "ppo_frac_1000000": 2.0
        },
        "sim_rank_vector": {
          "ppo_frac_0": 3.0,
          "ppo_frac_200000": 5.0,
          "ppo_frac_400000": 1.0,
          "ppo_frac_600000": 6.0,
          "ppo_frac_800000": 2.0,
          "ppo_frac_1000000": 4.0
        }
      }
    },
    {
      "env_seed": 1,
      "file": "pend-eval/results/nsdt_walker_alignment_seed1.json",
      "spearman_rank_corr": 0.14285714285714288,
      "regret": 8.376893609078529,
      "policy_selection": {
        "real_optimal_policy": "ppo_frac_800000",
        "simulator_optimal_policy": "ppo_frac_200000",
        "real_optimal_true_value": 44.624079875924494,
        "simulator_optimal_true_value": 36.247186266845965,
        "simulator_optimal_sim_value": 9.054709529876709,
        "env_rank_vector": {
          "ppo_frac_0": 6.0,
          "ppo_frac_200000": 5.0,
          "ppo_frac_400000": 3.0,
          "ppo_frac_600000": 4.0,
          "ppo_frac_800000": 1.0,
          "ppo_frac_1000000": 2.0
        },
        "sim_rank_vector": {
          "ppo_frac_0": 6.0,
          "ppo_frac_200000": 1.0,
          "ppo_frac_400000": 2.0,
          "ppo_frac_600000": 4.0,
          "ppo_frac_800000": 3.0,
          "ppo_frac_1000000": 5.0
        }
      }
    },
    {
      "env_seed": 2,
      "file": "pend-eval/results/nsdt_walker_alignment_seed2.json",
      "spearman_rank_corr": -0.8285714285714287,
      "regret": 15.217971452971476,
      "policy_selection": {
        "real_optimal_policy": "ppo_frac_800000",
        "simulator_optimal_policy": "ppo_frac_0",
        "real_optimal_true_value": 44.624079875924494,
        "simulator_optimal_true_value": 29.406108422953018,
        "simulator_optimal_sim_value": 24.706218814849855,
        "env_rank_vector": {
          "ppo_frac_0": 6.0,
          "ppo_frac_200000": 5.0,
          "ppo_frac_400000": 3.0,
          "ppo_frac_600000": 4.0,
          "ppo_frac_800000": 1.0,
          "ppo_frac_1000000": 2.0
        },
        "sim_rank_vector": {
          "ppo_frac_0": 1.0,
          "ppo_frac_200000": 2.0,
          "ppo_frac_400000": 3.0,
          "ppo_frac_600000": 5.0,
          "ppo_frac_800000": 6.0,
          "ppo_frac_1000000": 4.0
        }
      }
    },
    {
      "env_seed": 3,
      "file": "pend-eval/results/nsdt_walker_alignment_seed3.json",
      "spearman_rank_corr": -0.028571428571428574,
      "regret": 8.376893609078529,
      "policy_selection": {
        "real_optimal_policy": "ppo_frac_800000",
        "simulator_optimal_policy": "ppo_frac_200000",
        "real_optimal_true_value": 44.624079875924494,
        "simulator_optimal_true_value": 36.247186266845965,
        "simulator_optimal_sim_value": 47.93443260192871,
        "env_rank_vector": {
          "ppo_frac_0": 6.0,
          "ppo_frac_200000": 5.0,
          "ppo_frac_400000": 3.0,
          "ppo_frac_600000": 4.0,
          "ppo_frac_800000": 1.0,
          "ppo_frac_1000000": 2.0
        },
        "sim_rank_vector": {
          "ppo_frac_0": 6.0,
          "ppo_frac_200000": 1.0,
          "ppo_frac_400000": 2.0,
          "ppo_frac_600000": 3.0,
          "ppo_frac_800000": 4.0,
          "ppo_frac_1000000": 5.0
        }
      }
    },
    {
      "env_seed": 4,
      "file": "pend-eval/results/nsdt_walker_alignment_seed4.json",
      "spearman_rank_corr": 0.14285714285714288,
      "regret": 8.376893609078529,
      "policy_selection": {
        "real_optimal_policy": "ppo_frac_800000",
        "simulator_optimal_policy": "ppo_frac_200000",
        "real_optimal_true_value": 44.624079875924494,
        "simulator_optimal_true_value": 36.247186266845965,
        "simulator_optimal_sim_value": 52.98532295227051,
        "env_rank_vector": {
          "ppo_frac_0": 6.0,
          "ppo_frac_200000": 5.0,
          "ppo_frac_400000": 3.0,
          "ppo_frac_600000": 4.0,
          "ppo_frac_800000": 1.0,
          "ppo_frac_1000000": 2.0
        },
        "sim_rank_vector": {
          "ppo_frac_0": 6.0,
          "ppo_frac_200000": 1.0,
          "ppo_frac_400000": 2.0,
          "ppo_frac_600000": 4.0,
          "ppo_frac_800000": 3.0,
          "ppo_frac_1000000": 5.0
        }
      }
    },
    {
      "env_seed": 5,
      "file": "pend-eval/results/nsdt_walker_alignment_seed5.json",
      "spearman_rank_corr": -0.08571428571428573,
      "regret": 3.116251853766137,
      "policy_selection": {
        "real_optimal_policy": "ppo_frac_800000",
        "simulator_optimal_policy": "ppo_frac_400000",
        "real_optimal_true_value": 44.624079875924494,
        "simulator_optimal_true_value": 41.50782802215836,
        "simulator_optimal_sim_value": 55.356609439849855,
        "env_rank_vector": {
          "ppo_frac_0": 6.0,
          "ppo_frac_200000": 5.0,
          "ppo_frac_400000": 3.0,
          "ppo_frac_600000": 4.0,
          "ppo_frac_800000": 1.0,
          "ppo_frac_1000000": 2.0
        },
        "sim_rank_vector": {
          "ppo_frac_0": 5.0,
          "ppo_frac_200000": 3.0,
          "ppo_frac_400000": 1.0,
          "ppo_frac_600000": 2.0,
          "ppo_frac_800000": 4.0,
          "ppo_frac_1000000": 6.0
        }
      }
    },
    {
      "env_seed": 6,
      "file": "pend-eval/results/nsdt_walker_alignment_seed6.json",
      "spearman_rank_corr": -0.942857142857143,
      "regret": 8.376893609078529,
      "policy_selection": {
        "real_optimal_policy": "ppo_frac_800000",
        "simulator_optimal_policy": "ppo_frac_200000",
        "real_optimal_true_value": 44.624079875924494,
        "simulator_optimal_true_value": 36.247186266845965,
        "simulator_optimal_sim_value": 42.145228958129884,
        "env_rank_vector": {
          "ppo_frac_0": 6.0,
          "ppo_frac_200000": 5.0,
          "ppo_frac_400000": 3.0,
          "ppo_frac_600000": 4.0,
          "ppo_frac_800000": 1.0,
          "ppo_frac_1000000": 2.0
        },
        "sim_rank_vector": {
          "ppo_frac_0": 2.0,
          "ppo_frac_200000": 1.0,
          "ppo_frac_400000": 4.0,
          "ppo_frac_600000": 3.0,
          "ppo_frac_800000": 6.0,
          "ppo_frac_1000000": 5.0
        }
      }
    },
    {
      "env_seed": 7,
      "file": "pend-eval/results/nsdt_walker_alignment_seed7.json",
      "spearman_rank_corr": 0.08571428571428573,
      "regret": 8.376893609078529,
      "policy_selection": {
        "real_optimal_policy": "ppo_frac_800000",
        "simulator_optimal_policy": "ppo_frac_200000",
        "real_optimal_true_value": 44.624079875924494,
        "simulator_optimal_true_value": 36.247186266845965,
        "simulator_optimal_sim_value": 57.351858139038086,
        "env_rank_vector": {
          "ppo_frac_0": 6.0,
          "ppo_frac_200000": 5.0,
          "ppo_frac_400000": 3.0,
          "ppo_frac_600000": 4.0,
          "ppo_frac_800000": 1.0,
          "ppo_frac_1000000": 2.0
        },
        "sim_rank_vector": {
          "ppo_frac_0": 5.0,
          "ppo_frac_200000": 1.0,
          "ppo_frac_400000": 2.0,
          "ppo_frac_600000": 6.0,