{
  "config": {
    "env_id": "Pendulum-v1",
    "eval_rollouts": 20,
    "eval_horizon": 500,
    "gamma": 0.97,
    "seed": 42,
    "device": "cuda",
    "deterministic_policy": true,
    "respect_env_done": true,
    "env_kwargs": {}
  },
  "artifacts": {
    "policy_dir": "pend-eval/policies",
    "policy_snapshots": null,
    "nsdt_run_dir": "logs/run-20260329-095506_NSDT_Dataset-Pendulum-Dataset-LunarLander-Dataset-Hopper-Dataset-Cheetah-Dataset-Walker-Dataset-Ant_0_5-runs_log_MAIN_TABLE/Dataset-Pendulum/3",
    "state_diff_file": "best_state_differential.py",
    "state_dict_file": "best_state_dict.pt"
  },
  "metrics": {
    "spearman_rank_corr": -0.6571428571428573,
    "regret": 3.9218549033622594
  },
  "policy_selection": {
    "real_optimal_policy": "ppo_frac_4000000",
    "simulator_optimal_policy": "ppo_frac_1000000",
    "real_optimal_true_value": -101.71531830532633,
    "simulator_optimal_true_value": -105.6371732086886,
    "simulator_optimal_sim_value": -115.92939803525806,
    "env_rank_vector": {
      "ppo_frac_0": 6.0,
      "ppo_frac_1000000": 5.0,
      "ppo_frac_2000000": 4.0,
      "ppo_frac_3000000": 3.0,
      "ppo_frac_4000000": 1.0,
      "ppo_frac_5000000": 2.0
    },
    "sim_rank_vector": {
      "ppo_frac_0": 3.0,
      "ppo_frac_1000000": 1.0,
      "ppo_frac_2000000": 2.0,
      "ppo_frac_3000000": 5.0,
      "ppo_frac_4000000": 4.0,
      "ppo_frac_5000000": 6.0
    }
  },
  "results": [
    {
      "name": "ppo_frac_0",
      "checkpoint": "pend-eval/policies/ppo_frac_0.zip",
      "timesteps": 0,
      "true_env": {
        "mean": -207.00386290678216,
        "std": 51.15483834175673,
        "stderr": 11.438569591018066,
        "n": 20
      },
      "nsdt_sim": {
        "mean": -26116.150196838378,
        "std": 83880.1283353362,
        "stderr": 18756.1668919218,
        "n": 20
      },
      "delta_mean": -25909.146333931596
    },
    {
      "name": "ppo_frac_1000000",
      "checkpoint": "pend-eval/policies/ppo_frac_1000000.zip",
      "timesteps": 1000000,
      "true_env": {
        "mean": -105.6371732086886,
        "std": 41.338394949361586,
        "stderr": 9.243546118750649,
        "n": 20
      },
      "nsdt_sim": {
        "mean": -115.92939803525806,
        "std": 45.10306401745587,
        "stderr": 10.085351713655609,
        "n": 20
      },
      "delta_mean": -10.292224826569466
    },
    {
      "name": "ppo_frac_2000000",
      "checkpoint": "pend-eval/policies/ppo_frac_2000000.zip",
      "timesteps": 2000000,
      "true_env": {
        "mean": -102.37178602651662,
        "std": 39.81829053280501,
        "stderr": 8.903640437918831,
        "n": 20
      },
      "nsdt_sim": {
        "mean": -10903.77759777531,
        "std": 29364.02818481833,
        "stderr": 6565.996311447354,
        "n": 20
      },
      "delta_mean": -10801.405811748793
    },
    {
      "name": "ppo_frac_3000000",
      "checkpoint": "pend-eval/policies/ppo_frac_3000000.zip",
      "timesteps": 3000000,
      "true_env": {
        "mean": -101.82720836355496,
        "std": 39.21859311265133,
        "stderr": 8.769544018179342,
        "n": 20
      },
      "nsdt_sim": {
        "mean": -360272.2314987384,
        "std": 723410.4126425822,
        "stderr": 161759.4858299987,
        "n": 20
      },
      "delta_mean": -360170.40429037483
    },
    {
      "name": "ppo_frac_4000000",
      "checkpoint": "pend-eval/policies/ppo_frac_4000000.zip",
      "timesteps": 4000000,
      "true_env": {
        "mean": -101.71531830532633,
        "std": 39.01151452070687,
        "stderr": 8.723239837352068,
        "n": 20
      },
      "nsdt_sim": {
        "mean": -317346.60630324634,
        "std": 644471.1434164206,
        "stderr": 144108.12862161323,
        "n": 20
      },
      "delta_mean": -317244.89098494104
    },
    {
      "name": "ppo_frac_5000000",
      "checkpoint": "pend-eval/policies/ppo_frac_5000000.zip",
      "timesteps": 5000000,
      "true_env": {
        "mean": -101.79692052276826,
        "std": 38.93968340196023,
        "stderr": 8.707177910910334,
        "n": 20
      },
      "nsdt_sim": {
        "mean": -459902.290405865,
        "std": 726462.5913491539,
        "stderr": 162441.97373673588,
        "n": 20
      },
      "delta_mean": -459800.49348534225
    }
  ]
}