{
  "config": {
    "env_id": "Hopper-v4",
    "eval_rollouts": 20,
    "eval_horizon": 500,
    "gamma": 0.97,
    "seed": 42,
    "device": "cpu",
    "deterministic_policy": true,
    "respect_env_done": true,
    "env_kwargs": {}
  },
  "artifacts": {
    "policy_dir": "pend-eval/hopper-policies",
    "policy_snapshots": null,
    "nsdt_run_dir": "logs/run-20260327-171320_NSDT_Dataset-Hopper_0_1-runs_log_MAIN_TABLE/Dataset-Hopper/0",
    "state_diff_file": "best_state_differential.py",
    "state_dict_file": "best_state_dict.pt"
  },
  "metrics": {
    "spearman_rank_corr": 0.14285714285714288,
    "regret": 4.188688125607143
  },
  "policy_selection": {
    "real_optimal_policy": "ppo_frac_1000000",
    "simulator_optimal_policy": "ppo_frac_200000",
    "real_optimal_true_value": 64.78440462687956,
    "simulator_optimal_true_value": 60.59571650127242,
    "simulator_optimal_sim_value": 53.11448593139649,
    "env_rank_vector": {
      "ppo_frac_0": 6.0,
      "ppo_frac_200000": 5.0,
      "ppo_frac_400000": 2.0,
      "ppo_frac_600000": 4.0,
      "ppo_frac_800000": 3.0,
      "ppo_frac_1000000": 1.0
    },
    "sim_rank_vector": {
      "ppo_frac_0": 6.0,
      "ppo_frac_200000": 1.0,
      "ppo_frac_400000": 2.0,
      "ppo_frac_600000": 3.0,
      "ppo_frac_800000": 5.0,
      "ppo_frac_1000000": 4.0
    }
  },
  "results": [
    {
      "name": "ppo_frac_0",
      "checkpoint": "pend-eval/hopper-policies/ppo_frac_0.zip",
      "timesteps": 0,
      "true_env": {
        "mean": 31.185773327692488,
        "std": 0.6389686909259613,
        "stderr": 0.14287774284045024,
        "n": 20
      },
      "nsdt_sim": {
        "mean": 4.496872401237487,
        "std": 0.3126347542393302,
        "stderr": 0.06990725626080828,
        "n": 20
      },
      "delta_mean": -26.688900926455
    },
    {
      "name": "ppo_frac_200000",
      "checkpoint": "pend-eval/hopper-policies/ppo_frac_200000.zip",
      "timesteps": 200000,
      "true_env": {
        "mean": 60.59571650127242,
        "std": 0.19587446650028467,
        "stderr": 0.043798862215114184,
        "n": 20
      },
      "nsdt_sim": {
        "mean": 53.11448593139649,
        "std": 1.8664475086790624,
        "stderr": 0.4173503505841512,
        "n": 20
      },
      "delta_mean": -7.481230569875933
    },
    {
      "name": "ppo_frac_400000",
      "checkpoint": "pend-eval/hopper-policies/ppo_frac_400000.zip",
      "timesteps": 400000,
      "true_env": {
        "mean": 64.22759685804151,
        "std": 0.12567234747704417,
        "stderr": 0.028101191185064496,
        "n": 20
      },
      "nsdt_sim": {
        "mean": 17.8747670173645,
        "std": 0.6532731528935104,
        "stderr": 0.14607631777455027,
        "n": 20
      },
      "delta_mean": -46.352829840677
    },
    {
      "name": "ppo_frac_600000",
      "checkpoint": "pend-eval/hopper-policies/ppo_frac_600000.zip",
      "timesteps": 600000,
      "true_env": {
        "mean": 63.45356991271338,
        "std": 0.15873666369061368,
        "stderr": 0.03549459705337348,
        "n": 20
      },
      "nsdt_sim": {
        "mean": 12.869942426681519,
        "std": 0.06913697956305512,
        "stderr": 0.015459498606200495,
        "n": 20
      },
      "delta_mean": -50.58362748603186
    },
    {
      "name": "ppo_frac_800000",
      "checkpoint": "pend-eval/hopper-policies/ppo_frac_800000.zip",
      "timesteps": 800000,
      "true_env": {
        "mean": 64.08200525933263,
        "std": 0.4008961868387956,
        "stderr": 0.08964311256920034,
        "n": 20
      },
      "nsdt_sim": {
        "mean": 11.514443397521973,
        "std": 0.060795418623245175,
        "stderr": 0.013594268876213287,
        "n": 20
      },
      "delta_mean": -52.56756186181066
    },
    {
      "name": "ppo_frac_1000000",
      "checkpoint": "pend-eval/hopper-policies/ppo_frac_1000000.zip",
      "timesteps": 1000000,
      "true_env": {
        "mean": 64.78440462687956,
        "std": 0.15742064344481513,
        "stderr": 0.03520032598043633,
        "n": 20
      },
      "nsdt_sim": {
        "mean": 12.850790977478027,
        "std": 0.07156218270616316,
        "stderr": 0.016001790514924067,
        "n": 20
      },
      "delta_mean": -51.933613649401536
    }
  ]
}