{
  "aggregate_over_env_seeds": {
    "num_seeds": 10,
    "spearman_rank_corr_mean": -0.14285714285714285,
    "spearman_rank_corr_stderr": 0.18130291861776449,
    "regret_mean": 32.91073383917187,
    "regret_stderr": 15.801858860336978
  },
  "per_seed": [
    {
      "env_seed": 0,
      "file": "pend-eval/results/nsdt_pendulum_alignment_seed0.json",
      "spearman_rank_corr": 0.6571428571428573,
      "regret": 0.08160221744192597,
      "policy_selection": {
        "real_optimal_policy": "ppo_frac_4000000",
        "simulator_optimal_policy": "ppo_frac_5000000",
        "real_optimal_true_value": -101.71531830532633,
        "simulator_optimal_true_value": -101.79692052276826,
        "simulator_optimal_sim_value": -1969202.0229304,
        "env_rank_vector": {
          "ppo_frac_0": 6.0,
          "ppo_frac_1000000": 5.0,
          "ppo_frac_2000000": 4.0,
          "ppo_frac_3000000": 3.0,
          "ppo_frac_4000000": 1.0,
          "ppo_frac_5000000": 2.0
        },
        "sim_rank_vector": {
          "ppo_frac_0": 5.0,
          "ppo_frac_1000000": 3.0,
          "ppo_frac_2000000": 6.0,
          "ppo_frac_3000000": 4.0,
          "ppo_frac_4000000": 2.0,
          "ppo_frac_5000000": 1.0
        }
      }
    },
    {
      "env_seed": 1,
      "file": "pend-eval/results/nsdt_pendulum_alignment_seed1.json",
      "spearman_rank_corr": -0.6571428571428573,
      "regret": 105.28854460145583,
      "policy_selection": {
        "real_optimal_policy": "ppo_frac_4000000",
        "simulator_optimal_policy": "ppo_frac_0",
        "real_optimal_true_value": -101.71531830532633,
        "simulator_optimal_true_value": -207.00386290678216,
        "simulator_optimal_sim_value": -993455.5512413025,
        "env_rank_vector": {
          "ppo_frac_0": 6.0,
          "ppo_frac_1000000": 5.0,
          "ppo_frac_2000000": 4.0,
          "ppo_frac_3000000": 3.0,
          "ppo_frac_4000000": 1.0,
          "ppo_frac_5000000": 2.0
        },
        "sim_rank_vector": {
          "ppo_frac_0": 1.0,
          "ppo_frac_1000000": 2.0,
          "ppo_frac_2000000": 4.0,
          "ppo_frac_3000000": 5.0,
          "ppo_frac_4000000": 3.0,
          "ppo_frac_5000000": 6.0
        }
      }
    },
    {
      "env_seed": 2,
      "file": "pend-eval/results/nsdt_pendulum_alignment_seed2.json",
      "spearman_rank_corr": 0.8285714285714287,
      "regret": 0.08160221744192597,
      "policy_selection": {
        "real_optimal_policy": "ppo_frac_4000000",
        "simulator_optimal_policy": "ppo_frac_5000000",
        "real_optimal_true_value": -101.71531830532633,
        "simulator_optimal_true_value": -101.79692052276826,
        "simulator_optimal_sim_value": -127.32938263118267,
        "env_rank_vector": {
          "ppo_frac_0": 6.0,
          "ppo_frac_1000000": 5.0,
          "ppo_frac_2000000": 4.0,
          "ppo_frac_3000000": 3.0,
          "ppo_frac_4000000": 1.0,
          "ppo_frac_5000000": 2.0
        },
        "sim_rank_vector": {
          "ppo_frac_0": 6.0,
          "ppo_frac_1000000": 5.0,
          "ppo_frac_2000000": 4.0,
          "ppo_frac_3000000": 2.0,
          "ppo_frac_4000000": 3.0,
          "ppo_frac_5000000": 1.0
        }
      }
    },
    {
      "env_seed": 3,
      "file": "pend-eval/results/nsdt_pendulum_alignment_seed3.json",
      "spearman_rank_corr": -0.6571428571428573,
      "regret": 3.9218549033622594,
      "policy_selection": {
        "real_optimal_policy": "ppo_frac_4000000",
        "simulator_optimal_policy": "ppo_frac_1000000",
        "real_optimal_true_value": -101.71531830532633,
        "simulator_optimal_true_value": -105.6371732086886,
        "simulator_optimal_sim_value": -115.92939803525806,
        "env_rank_vector": {
          "ppo_frac_0": 6.0,
          "ppo_frac_1000000": 5.0,
          "ppo_frac_2000000": 4.0,
          "ppo_frac_3000000": 3.0,
          "ppo_frac_4000000": 1.0,
          "ppo_frac_5000000": 2.0
        },
        "sim_rank_vector": {
          "ppo_frac_0": 3.0,
          "ppo_frac_1000000": 1.0,
          "ppo_frac_2000000": 2.0,
          "ppo_frac_3000000": 5.0,
          "ppo_frac_4000000": 4.0,
          "ppo_frac_5000000": 6.0
        }
      }
    },
    {
      "env_seed": 4,
      "file": "pend-eval/results/nsdt_pendulum_alignment_seed4.json",
      "spearman_rank_corr": -0.3142857142857143,
      "regret": 105.28854460145583,
      "policy_selection": {
        "real_optimal_policy": "ppo_frac_4000000",
        "simulator_optimal_policy": "ppo_frac_0",
        "real_optimal_true_value": -101.71531830532633,
        "simulator_optimal_true_value": -207.00386290678216,
        "simulator_optimal_sim_value": -234.52534408569335,
        "env_rank_vector": {
          "ppo_frac_0": 6.0,
          "ppo_frac_1000000": 5.0,
          "ppo_frac_2000000": 4.0,
          "ppo_frac_3000000": 3.0,
          "ppo_frac_4000000": 1.0,
          "ppo_frac_5000000": 2.0
        },
        "sim_rank_vector": {
          "ppo_frac_0": 1.0,
          "ppo_frac_1000000": 5.0,
          "ppo_frac_2000000": 4.0,
          "ppo_frac_3000000": 2.0,
          "ppo_frac_4000000": 3.0,
          "ppo_frac_5000000": 6.0
        }
      }
    },
    {
      "env_seed": 5,
      "file": "pend-eval/results/nsdt_pendulum_alignment_seed5.json",
      "spearman_rank_corr": -0.4285714285714286,
      "regret": 3.9218549033622594,
      "policy_selection": {
        "real_optimal_policy": "ppo_frac_4000000",
        "simulator_optimal_policy": "ppo_frac_1000000",
        "real_optimal_true_value": -101.71531830532633,
        "simulator_optimal_true_value": -105.6371732086886,
        "simulator_optimal_sim_value": -5992990.7375,
        "env_rank_vector": {
          "ppo_frac_0": 6.0,
          "ppo_frac_1000000": 5.0,
          "ppo_frac_2000000": 4.0,
          "ppo_frac_3000000": 3.0,
          "ppo_frac_4000000": 1.0,
          "ppo_frac_5000000": 2.0
        },
        "sim_rank_vector": {
          "ppo_frac_0": 5.0,
          "ppo_frac_1000000": 1.0,
          "ppo_frac_2000000": 2.0,
          "ppo_frac_3000000": 3.0,
          "ppo_frac_4000000": 6.0,
          "ppo_frac_5000000": 4.0
        }
      }
    },
    {
      "env_seed": 6,
      "file": "pend-eval/results/nsdt_pendulum_alignment_seed6.json",
      "spearman_rank_corr": -0.942857142857143,
      "regret": 105.28854460145583,
      "policy_selection": {
        "real_optimal_policy": "ppo_frac_4000000",
        "simulator_optimal_policy": "ppo_frac_0",
        "real_optimal_true_value": -101.71531830532633,
        "simulator_optimal_true_value": -207.00386290678216,
        "simulator_optimal_sim_value": -138.98774032592775,
        "env_rank_vector": {
          "ppo_frac_0": 6.0,
          "ppo_frac_1000000": 5.0,
          "ppo_frac_2000000": 4.0,
          "ppo_frac_3000000": 3.0,
          "ppo_frac_4000000": 1.0,
          "ppo_frac_5000000": 2.0
        },
        "sim_rank_vector": {
          "ppo_frac_0": 1.0,
          "ppo_frac_1000000": 2.0,
          "ppo_frac_2000000": 3.0,
          "ppo_frac_3000000": 4.0,
          "ppo_frac_4000000": 5.0,
          "ppo_frac_5000000": 6.0
        }
      }
    },
    {
      "env_seed": 7,
      "file": "pend-eval/results/nsdt_pendulum_alignment_seed7.json",
      "spearman_rank_corr": 0.028571428571428574,
      "regret": 3.9218549033622594,
      "policy_selection": {
        "real_optimal_policy": "ppo_frac_4000000",
        "simulator_optimal_policy": "ppo_frac_1000000",
        "real_optimal_true_value": -101.71531830532633,
        "simulator_optimal_true_value": -105.6371732086886,
        "simulator_optimal_sim_value": -1529136.3231321082,
        "env_rank_vector": {
          "ppo_frac_0": 6.0,
          "ppo_frac_1000000": 5.0,
          "ppo_frac_2000000": 4.0,
          "ppo_frac_3000000": 3.0,
          "ppo_frac_4000000": 1.0,
          "ppo_frac_5000000": 2.0
        },
        "sim_rank_vector": {
          "ppo_frac_0": 6.0,