{
  "config": {
    "env_id": "LunarLanderContinuous-v3",
    "eval_rollouts": 20,
    "eval_horizon": 500,
    "gamma": 0.97,
    "seed": 42,
    "device": "cuda",
    "deterministic_policy": true,
    "respect_env_done": true,
    "env_kwargs": {}
  },
  "artifacts": {
    "policy_dir": "pend-eval/lunarlander-policies",
    "policy_snapshots": null,
    "nsdt_run_dir": "logs/run-20260328-194854_NSDT_Dataset-LunarLander_0_2-runs_log_MAIN_TABLE/Dataset-LunarLander/1",
    "state_diff_file": "best_state_differential.py",
    "state_dict_file": "best_state_dict.pt"
  },
  "metrics": {
    "spearman_rank_corr": 0.4285714285714286,
    "regret": 58.53388853130127
  },
  "policy_selection": {
    "real_optimal_policy": "ppo_frac_800000",
    "simulator_optimal_policy": "ppo_frac_400000",
    "real_optimal_true_value": -6067.985863043394,
    "simulator_optimal_true_value": -6126.519751574695,
    "simulator_optimal_sim_value": -5971.856591796875,
    "env_rank_vector": {
      "ppo_frac_0": 5.0,
      "ppo_frac_200000": 6.0,
      "ppo_frac_400000": 4.0,
      "ppo_frac_600000": 3.0,
      "ppo_frac_800000": 1.0,
      "ppo_frac_1000000": 2.0
    },
    "sim_rank_vector": {
      "ppo_frac_0": 6.0,
      "ppo_frac_200000": 5.0,
      "ppo_frac_400000": 1.0,
      "ppo_frac_600000": 2.0,
      "ppo_frac_800000": 3.0,
      "ppo_frac_1000000": 4.0
    }
  },
  "results": [
    {
      "name": "ppo_frac_0",
      "checkpoint": "pend-eval/lunarlander-policies/ppo_frac_0.zip",
      "timesteps": 0,
      "true_env": {
        "mean": -6381.424962793348,
        "std": 725.0925678422107,
        "stderr": 162.1356271675061,
        "n": 20
      },
      "nsdt_sim": {
        "mean": -7267.102954101562,
        "std": 636.9946472747562,
        "stderr": 142.43633326098558,
        "n": 20
      },
      "delta_mean": -885.6779913082146
    },
    {
      "name": "ppo_frac_200000",
      "checkpoint": "pend-eval/lunarlander-policies/ppo_frac_200000.zip",
      "timesteps": 200000,
      "true_env": {
        "mean": -6425.41787595927,
        "std": 689.8374144600887,
        "stderr": 154.25233521554546,
        "n": 20
      },
      "nsdt_sim": {
        "mean": -6199.603833007813,
        "std": 680.5754447117448,
        "stderr": 152.1812958192611,
        "n": 20
      },
      "delta_mean": 225.81404295145694
    },
    {
      "name": "ppo_frac_400000",
      "checkpoint": "pend-eval/lunarlander-policies/ppo_frac_400000.zip",
      "timesteps": 400000,
      "true_env": {
        "mean": -6126.519751574695,
        "std": 739.7070141173486,
        "stderr": 165.4035166999788,
        "n": 20
      },
      "nsdt_sim": {
        "mean": -5971.856591796875,
        "std": 719.5064340806887,
        "stderr": 160.88652968528913,
        "n": 20
      },
      "delta_mean": 154.6631597778196
    },
    {
      "name": "ppo_frac_600000",
      "checkpoint": "pend-eval/lunarlander-policies/ppo_frac_600000.zip",
      "timesteps": 600000,
      "true_env": {
        "mean": -6072.699887392015,
        "std": 743.7781244877143,
        "stderr": 166.313844653183,
        "n": 20
      },
      "nsdt_sim": {
        "mean": -6063.9075927734375,
        "std": 749.4078022968539,
        "stderr": 167.57267888044882,
        "n": 20
      },
      "delta_mean": 8.792294618577216
    },
    {
      "name": "ppo_frac_800000",
      "checkpoint": "pend-eval/lunarlander-policies/ppo_frac_800000.zip",
      "timesteps": 800000,
      "true_env": {
        "mean": -6067.985863043394,
        "std": 748.4100781435664,
        "stderr": 167.34958097749438,
        "n": 20
      },
      "nsdt_sim": {
        "mean": -6080.40341796875,
        "std": 746.614696394507,
        "stderr": 166.94812141384847,
        "n": 20
      },
      "delta_mean": -12.417554925355944
    },
    {
      "name": "ppo_frac_1000000",
      "checkpoint": "pend-eval/lunarlander-policies/ppo_frac_1000000.zip",
      "timesteps": 1000000,
      "true_env": {
        "mean": -6071.53423223366,
        "std": 750.0836487855516,
        "stderr": 167.7238027495571,
        "n": 20
      },
      "nsdt_sim": {
        "mean": -6088.09580078125,
        "std": 750.0417234097225,
        "stderr": 167.7144279505235,
        "n": 20
      },
      "delta_mean": -16.56156854758956
    }
  ]
}