{
  "config": {
    "env_id": "Pendulum-v1",
    "eval_rollouts": 20,
    "eval_horizon": 500,
    "gamma": 0.95,
    "seed": 42,
    "device": "cuda",
    "deterministic_policy": true,
    "respect_env_done": true,
    "env_kwargs": {}
  },
  "artifacts": {
    "policy_dir": "pend-eval/policies",
    "policy_snapshots": null,
    "nsdt_run_dir": "logs/run-20260329-095506_NSDT_Dataset-Pendulum-Dataset-LunarLander-Dataset-Hopper-Dataset-Cheetah-Dataset-Walker-Dataset-Ant_0_5-runs_log_MAIN_TABLE/Dataset-Pendulum/5",
    "state_diff_file": "best_state_differential.py",
    "state_dict_file": "best_state_dict.pt"
  },
  "metrics": {
    "spearman_rank_corr": -0.3142857142857143,
    "regret": 2.0052287567267655
  },
  "policy_selection": {
    "real_optimal_policy": "ppo_frac_5000000",
    "simulator_optimal_policy": "ppo_frac_1000000",
    "real_optimal_true_value": -78.64228407188706,
    "simulator_optimal_true_value": -80.64751282861383,
    "simulator_optimal_sim_value": -2523381.65234375,
    "env_rank_vector": {
      "ppo_frac_0": 6.0,
      "ppo_frac_1000000": 5.0,
      "ppo_frac_2000000": 4.0,
      "ppo_frac_3000000": 3.0,
      "ppo_frac_4000000": 2.0,
      "ppo_frac_5000000": 1.0
    },
    "sim_rank_vector": {
      "ppo_frac_0": 5.0,
      "ppo_frac_1000000": 1.0,
      "ppo_frac_2000000": 2.0,
      "ppo_frac_3000000": 3.0,
      "ppo_frac_4000000": 6.0,
      "ppo_frac_5000000": 4.0
    }
  },
  "results": [
    {
      "name": "ppo_frac_0",
      "checkpoint": "pend-eval/policies/ppo_frac_0.zip",
      "timesteps": 0,
      "true_env": {
        "mean": -122.48945851614353,
        "std": 32.66255478470377,
        "stderr": 7.303569281740864,
        "n": 20
      },
      "nsdt_sim": {
        "mean": -3458165.515625,
        "std": 3923378.754837605,
        "stderr": 877294.1597295366,
        "n": 20
      },
      "delta_mean": -3458043.0261664838
    },
    {
      "name": "ppo_frac_1000000",
      "checkpoint": "pend-eval/policies/ppo_frac_1000000.zip",
      "timesteps": 1000000,
      "true_env": {
        "mean": -80.64751282861383,
        "std": 30.606564499210283,
        "stderr": 6.843835877796599,
        "n": 20
      },
      "nsdt_sim": {
        "mean": -2523381.65234375,
        "std": 3411241.425282597,
        "stderr": 762776.7714595157,
        "n": 20
      },
      "delta_mean": -2523301.0048309215
    },
    {
      "name": "ppo_frac_2000000",
      "checkpoint": "pend-eval/policies/ppo_frac_2000000.zip",
      "timesteps": 2000000,
      "true_env": {
        "mean": -79.0919779122406,
        "std": 29.641578954082124,
        "stderr": 6.628058550175474,
        "n": 20
      },
      "nsdt_sim": {
        "mean": -2932331.8109375,
        "std": 3605175.677494881,
        "stderr": 806141.7885707413,
        "n": 20
      },
      "delta_mean": -2932252.7189595876
    },
    {
      "name": "ppo_frac_3000000",
      "checkpoint": "pend-eval/policies/ppo_frac_3000000.zip",
      "timesteps": 3000000,
      "true_env": {
        "mean": -78.76135875972508,
        "std": 29.374470189235435,
        "stderr": 6.568331214617154,
        "n": 20
      },
      "nsdt_sim": {
        "mean": -3017030.84140625,
        "std": 3718612.681015506,
        "stderr": 831507.0736743412,
        "n": 20
      },
      "delta_mean": -3016952.08004749
    },
    {
      "name": "ppo_frac_4000000",
      "checkpoint": "pend-eval/policies/ppo_frac_4000000.zip",
      "timesteps": 4000000,
      "true_env": {
        "mean": -78.67647042122483,
        "std": 29.29649773240349,
        "stderr": 6.550896043232265,
        "n": 20
      },
      "nsdt_sim": {
        "mean": -4265284.91484375,
        "std": 3732275.778487186,
        "stderr": 834562.2351473295,
        "n": 20
      },
      "delta_mean": -4265206.238373329
    },
    {
      "name": "ppo_frac_5000000",
      "checkpoint": "pend-eval/policies/ppo_frac_5000000.zip",
      "timesteps": 5000000,
      "true_env": {
        "mean": -78.64228407188706,
        "std": 29.276205230679196,
        "stderr": 6.546358501903359,
        "n": 20
      },
      "nsdt_sim": {
        "mean": -3307853.77578125,
        "std": 3719886.6230318244,
        "stderr": 831791.9357691294,
        "n": 20
      },
      "delta_mean": -3307775.133497178
    }
  ]
}