{
  "config": {
    "env_id": "Walker2d-v5",
    "eval_rollouts": 20,
    "eval_horizon": 500,
    "gamma": 0.97,
    "seed": 42,
    "device": "cuda",
    "deterministic_policy": true,
    "respect_env_done": true,
    "env_kwargs": {}
  },
  "artifacts": {
    "policy_dir": "pend-eval/walker-policies",
    "policy_snapshots": null,
    "nsdt_run_dir": "logs/run-20260329-095506_NSDT_Dataset-Pendulum-Dataset-LunarLander-Dataset-Hopper-Dataset-Cheetah-Dataset-Walker-Dataset-Ant_0_5-runs_log_MAIN_TABLE/Dataset-Walker/2",
    "state_diff_file": "best_state_differential.py",
    "state_dict_file": "best_state_dict.pt"
  },
  "metrics": {
    "spearman_rank_corr": -0.8285714285714287,
    "regret": 15.217971452971476
  },
  "policy_selection": {
    "real_optimal_policy": "ppo_frac_800000",
    "simulator_optimal_policy": "ppo_frac_0",
    "real_optimal_true_value": 44.624079875924494,
    "simulator_optimal_true_value": 29.406108422953018,
    "simulator_optimal_sim_value": 24.706218814849855,
    "env_rank_vector": {
      "ppo_frac_0": 6.0,
      "ppo_frac_200000": 5.0,
      "ppo_frac_400000": 3.0,
      "ppo_frac_600000": 4.0,
      "ppo_frac_800000": 1.0,
      "ppo_frac_1000000": 2.0
    },
    "sim_rank_vector": {
      "ppo_frac_0": 1.0,
      "ppo_frac_200000": 2.0,
      "ppo_frac_400000": 3.0,
      "ppo_frac_600000": 5.0,
      "ppo_frac_800000": 6.0,
      "ppo_frac_1000000": 4.0
    }
  },
  "results": [
    {
      "name": "ppo_frac_0",
      "checkpoint": "pend-eval/walker-policies/ppo_frac_0.zip",
      "timesteps": 0,
      "true_env": {
        "mean": 29.406108422953018,
        "std": 0.4309536463896052,
        "stderr": 0.0963641648478564,
        "n": 20
      },
      "nsdt_sim": {
        "mean": 24.706218814849855,
        "std": 0.8137369899477755,
        "stderr": 0.1819571225329289,
        "n": 20
      },
      "delta_mean": -4.699889608103163
    },
    {
      "name": "ppo_frac_200000",
      "checkpoint": "pend-eval/walker-policies/ppo_frac_200000.zip",
      "timesteps": 200000,
      "true_env": {
        "mean": 36.247186266845965,
        "std": 0.6509408400080692,
        "stderr": 0.14555479675888575,
        "n": 20
      },
      "nsdt_sim": {
        "mean": 23.565657806396484,
        "std": 0.6248256676104657,
        "stderr": 0.13971526668636897,
        "n": 20
      },
      "delta_mean": -12.681528460449481
    },
    {
      "name": "ppo_frac_400000",
      "checkpoint": "pend-eval/walker-policies/ppo_frac_400000.zip",
      "timesteps": 400000,
      "true_env": {
        "mean": 41.50782802215836,
        "std": 0.4478987762314502,
        "stderr": 0.10015321106924896,
        "n": 20
      },
      "nsdt_sim": {
        "mean": 19.112633800506593,
        "std": 6.061728048488926,
        "stderr": 1.355443597753838,
        "n": 20
      },
      "delta_mean": -22.395194221651764
    },
    {
      "name": "ppo_frac_600000",
      "checkpoint": "pend-eval/walker-policies/ppo_frac_600000.zip",
      "timesteps": 600000,
      "true_env": {
        "mean": 41.29124601664661,
        "std": 0.5762780521971352,
        "stderr": 0.12885968986539664,
        "n": 20
      },
      "nsdt_sim": {
        "mean": 14.464344882965088,
        "std": 0.5152816675912021,
        "stderr": 0.11522048362933782,
        "n": 20
      },
      "delta_mean": -26.826901133681524
    },
    {
      "name": "ppo_frac_800000",
      "checkpoint": "pend-eval/walker-policies/ppo_frac_800000.zip",
      "timesteps": 800000,
      "true_env": {
        "mean": 44.624079875924494,
        "std": 0.632614396631478,
        "stderr": 0.14145687944129987,
        "n": 20
      },
      "nsdt_sim": {
        "mean": 13.473400974273682,
        "std": 0.28674872296389164,
        "stderr": 0.06411896370085167,
        "n": 20
      },
      "delta_mean": -31.150678901650814
    },
    {
      "name": "ppo_frac_1000000",
      "checkpoint": "pend-eval/walker-policies/ppo_frac_1000000.zip",
      "timesteps": 1000000,
      "true_env": {
        "mean": 44.17033084723191,
        "std": 0.8124020472462801,
        "stderr": 0.1816586202702678,
        "n": 20
      },
      "nsdt_sim": {
        "mean": 16.818493700027467,
        "std": 7.328501835739897,
        "stderr": 1.6387028277946407,
        "n": 20
      },
      "delta_mean": -27.351837147204442
    }
  ]
}