{
  "config": {
    "env_id": "Ant-v5",
    "eval_rollouts": 20,
    "eval_horizon": 500,
    "gamma": 0.97,
    "seed": 42,
    "device": "cuda",
    "deterministic_policy": true,
    "respect_env_done": true,
    "env_kwargs": {
      "include_cfrc_ext_in_observation": false
    }
  },
  "artifacts": {
    "policy_dir": "pend-eval/ant-policies",
    "policy_snapshots": null,
    "nsdt_run_dir": "logs/run-20260329-095506_NSDT_Dataset-Pendulum-Dataset-LunarLander-Dataset-Hopper-Dataset-Cheetah-Dataset-Walker-Dataset-Ant_0_5-runs_log_MAIN_TABLE/Dataset-Ant/8",
    "state_diff_file": "best_state_differential.py",
    "state_dict_file": "best_state_dict.pt"
  },
  "metrics": {
    "spearman_rank_corr": -0.08571428571428573,
    "regret": 9.347099901291912
  },
  "policy_selection": {
    "real_optimal_policy": "ppo_frac_1000000",
    "simulator_optimal_policy": "ppo_frac_600000",
    "real_optimal_true_value": 47.98041250592305,
    "simulator_optimal_true_value": 38.633312604631136,
    "simulator_optimal_sim_value": 37.121345901489256,
    "env_rank_vector": {
      "ppo_frac_0": 6.0,
      "ppo_frac_200000": 4.0,
      "ppo_frac_400000": 3.0,
      "ppo_frac_600000": 5.0,
      "ppo_frac_800000": 2.0,
      "ppo_frac_1000000": 1.0
    },
    "sim_rank_vector": {
      "ppo_frac_0": 6.0,
      "ppo_frac_200000": 3.0,
      "ppo_frac_400000": 2.0,
      "ppo_frac_600000": 1.0,
      "ppo_frac_800000": 4.0,
      "ppo_frac_1000000": 5.0
    }
  },
  "results": [
    {
      "name": "ppo_frac_0",
      "checkpoint": "pend-eval/ant-policies/ppo_frac_0.zip",
      "timesteps": 0,
      "true_env": {
        "mean": 34.21083099088503,
        "std": 2.724500996258584,
        "stderr": 0.6092169432400094,
        "n": 20
      },
      "nsdt_sim": {
        "mean": 22.317787647247314,
        "std": 3.523381569381209,
        "stderr": 0.7878520699806274,
        "n": 20
      },
      "delta_mean": -11.893043343637714
    },
    {
      "name": "ppo_frac_200000",
      "checkpoint": "pend-eval/ant-policies/ppo_frac_200000.zip",
      "timesteps": 200000,
      "true_env": {
        "mean": 41.68427941991946,
        "std": 4.823606410537944,
        "stderr": 1.07859118306666,
        "n": 20
      },
      "nsdt_sim": {
        "mean": 30.99569845199585,
        "std": 2.5177821076010414,
        "stderr": 0.5629931945128618,
        "n": 20
      },
      "delta_mean": -10.688580967923613
    },
    {
      "name": "ppo_frac_400000",
      "checkpoint": "pend-eval/ant-policies/ppo_frac_400000.zip",
      "timesteps": 400000,
      "true_env": {
        "mean": 41.72133323043875,
        "std": 8.979305566592377,
        "stderr": 2.007833763764282,
        "n": 20
      },
      "nsdt_sim": {
        "mean": 34.18208169937134,
        "std": 4.213919343192631,
        "stderr": 0.9422610103079989,
        "n": 20
      },
      "delta_mean": -7.539251531067414
    },
    {
      "name": "ppo_frac_600000",
      "checkpoint": "pend-eval/ant-policies/ppo_frac_600000.zip",
      "timesteps": 600000,
      "true_env": {
        "mean": 38.633312604631136,
        "std": 11.815404690245039,
        "stderr": 2.642004806905775,
        "n": 20
      },
      "nsdt_sim": {
        "mean": 37.121345901489256,
        "std": 5.335146983467215,
        "stderr": 1.192975132498564,
        "n": 20
      },
      "delta_mean": -1.51196670314188
    },
    {
      "name": "ppo_frac_800000",
      "checkpoint": "pend-eval/ant-policies/ppo_frac_800000.zip",
      "timesteps": 800000,
      "true_env": {
        "mean": 45.99050068561585,
        "std": 10.95135586544148,
        "stderr": 2.448797616091819,
        "n": 20
      },
      "nsdt_sim": {
        "mean": 29.95153589248657,
        "std": 3.7169330239515554,
        "stderr": 0.8311314909369532,
        "n": 20
      },
      "delta_mean": -16.038964793129278
    },
    {
      "name": "ppo_frac_1000000",
      "checkpoint": "pend-eval/ant-policies/ppo_frac_1000000.zip",
      "timesteps": 1000000,
      "true_env": {
        "mean": 47.98041250592305,
        "std": 8.258746083524555,
        "stderr": 1.846711765167106,
        "n": 20
      },
      "nsdt_sim": {
        "mean": 28.339571475982666,
        "std": 4.282091346792355,
        "stderr": 0.9575047337291331,
        "n": 20
      },
      "delta_mean": -19.640841029940383
    }
  ]
}