{
  "config": {
    "env_id": "Walker2d-v5",
    "eval_rollouts": 20,
    "eval_horizon": 500,
    "gamma": 0.97,
    "seed": 42,
    "device": "cuda",
    "deterministic_policy": true,
    "respect_env_done": true,
    "env_kwargs": {}
  },
  "artifacts": {
    "policy_dir": "pend-eval/walker-policies",
    "policy_snapshots": null,
    "nsdt_run_dir": "logs/run-20260329-095506_NSDT_Dataset-Pendulum-Dataset-LunarLander-Dataset-Hopper-Dataset-Cheetah-Dataset-Walker-Dataset-Ant_0_5-runs_log_MAIN_TABLE/Dataset-Walker/4",
    "state_diff_file": "best_state_differential.py",
    "state_dict_file": "best_state_dict.pt"
  },
  "metrics": {
    "spearman_rank_corr": 0.14285714285714288,
    "regret": 8.376893609078529
  },
  "policy_selection": {
    "real_optimal_policy": "ppo_frac_800000",
    "simulator_optimal_policy": "ppo_frac_200000",
    "real_optimal_true_value": 44.624079875924494,
    "simulator_optimal_true_value": 36.247186266845965,
    "simulator_optimal_sim_value": 52.98532295227051,
    "env_rank_vector": {
      "ppo_frac_0": 6.0,
      "ppo_frac_200000": 5.0,
      "ppo_frac_400000": 3.0,
      "ppo_frac_600000": 4.0,
      "ppo_frac_800000": 1.0,
      "ppo_frac_1000000": 2.0
    },
    "sim_rank_vector": {
      "ppo_frac_0": 6.0,
      "ppo_frac_200000": 1.0,
      "ppo_frac_400000": 2.0,
      "ppo_frac_600000": 4.0,
      "ppo_frac_800000": 3.0,
      "ppo_frac_1000000": 5.0
    }
  },
  "results": [
    {
      "name": "ppo_frac_0",
      "checkpoint": "pend-eval/walker-policies/ppo_frac_0.zip",
      "timesteps": 0,
      "true_env": {
        "mean": 29.406108422953018,
        "std": 0.4309536463896052,
        "stderr": 0.0963641648478564,
        "n": 20
      },
      "nsdt_sim": {
        "mean": 21.342701148986816,
        "std": 0.6731333029474665,
        "stderr": 0.15051718233094946,
        "n": 20
      },
      "delta_mean": -8.063407273966202
    },
    {
      "name": "ppo_frac_200000",
      "checkpoint": "pend-eval/walker-policies/ppo_frac_200000.zip",
      "timesteps": 200000,
      "true_env": {
        "mean": 36.247186266845965,
        "std": 0.6509408400080692,
        "stderr": 0.14555479675888575,
        "n": 20
      },
      "nsdt_sim": {
        "mean": 52.98532295227051,
        "std": 0.3427724993813551,
        "stderr": 0.07664626094342146,
        "n": 20
      },
      "delta_mean": 16.738136685424543
    },
    {
      "name": "ppo_frac_400000",
      "checkpoint": "pend-eval/walker-policies/ppo_frac_400000.zip",
      "timesteps": 400000,
      "true_env": {
        "mean": 41.50782802215836,
        "std": 0.4478987762314502,
        "stderr": 0.10015321106924896,
        "n": 20
      },
      "nsdt_sim": {
        "mean": 47.15081100463867,
        "std": 0.6008222835967523,
        "stderr": 0.1343479468518995,
        "n": 20
      },
      "delta_mean": 5.642982982480312
    },
    {
      "name": "ppo_frac_600000",
      "checkpoint": "pend-eval/walker-policies/ppo_frac_600000.zip",
      "timesteps": 600000,
      "true_env": {
        "mean": 41.29124601664661,
        "std": 0.5762780521971352,
        "stderr": 0.12885968986539664,
        "n": 20
      },
      "nsdt_sim": {
        "mean": 44.180792045593265,
        "std": 0.7505098708299577,
        "stderr": 0.16781910889603718,
        "n": 20
      },
      "delta_mean": 2.889546028946654
    },
    {
      "name": "ppo_frac_800000",
      "checkpoint": "pend-eval/walker-policies/ppo_frac_800000.zip",
      "timesteps": 800000,
      "true_env": {
        "mean": 44.624079875924494,
        "std": 0.632614396631478,
        "stderr": 0.14145687944129987,
        "n": 20
      },
      "nsdt_sim": {
        "mean": 46.78172664642334,
        "std": 1.0781184067249885,
        "stderr": 0.24107460452308405,
        "n": 20
      },
      "delta_mean": 2.157646770498843
    },
    {
      "name": "ppo_frac_1000000",
      "checkpoint": "pend-eval/walker-policies/ppo_frac_1000000.zip",
      "timesteps": 1000000,
      "true_env": {
        "mean": 44.17033084723191,
        "std": 0.8124020472462801,
        "stderr": 0.1816586202702678,
        "n": 20
      },
      "nsdt_sim": {
        "mean": 42.57525405883789,
        "std": 0.7756749876409317,
        "stderr": 0.17344620008114323,
        "n": 20
      },
      "delta_mean": -1.5950767883940173
    }
  ]
}