{
  "config": {
    "env_id": "Pendulum-v1",
    "eval_rollouts": 20,
    "eval_horizon": 500,
    "gamma": 0.97,
    "seed": 42,
    "device": "cuda",
    "deterministic_policy": true,
    "respect_env_done": true,
    "env_kwargs": {}
  },
  "artifacts": {
    "policy_dir": "pend-eval/policies",
    "policy_snapshots": null,
    "nsdt_run_dir": "logs/run-20260329-095506_NSDT_Dataset-Pendulum-Dataset-LunarLander-Dataset-Hopper-Dataset-Cheetah-Dataset-Walker-Dataset-Ant_0_5-runs_log_MAIN_TABLE/Dataset-Pendulum/0",
    "state_diff_file": "best_state_differential.py",
    "state_dict_file": "best_state_dict.pt"
  },
  "metrics": {
    "spearman_rank_corr": 0.6571428571428573,
    "regret": 0.08160221744192597
  },
  "policy_selection": {
    "real_optimal_policy": "ppo_frac_4000000",
    "simulator_optimal_policy": "ppo_frac_5000000",
    "real_optimal_true_value": -101.71531830532633,
    "simulator_optimal_true_value": -101.79692052276826,
    "simulator_optimal_sim_value": -1969202.0229304,
    "env_rank_vector": {
      "ppo_frac_0": 6.0,
      "ppo_frac_1000000": 5.0,
      "ppo_frac_2000000": 4.0,
      "ppo_frac_3000000": 3.0,
      "ppo_frac_4000000": 1.0,
      "ppo_frac_5000000": 2.0
    },
    "sim_rank_vector": {
      "ppo_frac_0": 5.0,
      "ppo_frac_1000000": 3.0,
      "ppo_frac_2000000": 6.0,
      "ppo_frac_3000000": 4.0,
      "ppo_frac_4000000": 2.0,
      "ppo_frac_5000000": 1.0
    }
  },
  "results": [
    {
      "name": "ppo_frac_0",
      "checkpoint": "pend-eval/policies/ppo_frac_0.zip",
      "timesteps": 0,
      "true_env": {
        "mean": -207.00386290678216,
        "std": 51.15483834175673,
        "stderr": 11.438569591018066,
        "n": 20
      },
      "nsdt_sim": {
        "mean": -5966530.728710937,
        "std": 7223980.3870418975,
        "stderr": 1615331.1213550924,
        "n": 20
      },
      "delta_mean": -5966323.72484803
    },
    {
      "name": "ppo_frac_1000000",
      "checkpoint": "pend-eval/policies/ppo_frac_1000000.zip",
      "timesteps": 1000000,
      "true_env": {
        "mean": -105.6371732086886,
        "std": 41.338394949361586,
        "stderr": 9.243546118750649,
        "n": 20
      },
      "nsdt_sim": {
        "mean": -3449283.163232708,
        "std": 6185458.894149164,
        "stderr": 1383110.6559348207,
        "n": 20
      },
      "delta_mean": -3449177.526059499
    },
    {
      "name": "ppo_frac_2000000",
      "checkpoint": "pend-eval/policies/ppo_frac_2000000.zip",
      "timesteps": 2000000,
      "true_env": {
        "mean": -102.37178602651662,
        "std": 39.81829053280501,
        "stderr": 8.903640437918831,
        "n": 20
      },
      "nsdt_sim": {
        "mean": -6177455.689629642,
        "std": 7891404.54620137,
        "stderr": 1764571.7003257142,
        "n": 20
      },
      "delta_mean": -6177353.317843616
    },
    {
      "name": "ppo_frac_3000000",
      "checkpoint": "pend-eval/policies/ppo_frac_3000000.zip",
      "timesteps": 3000000,
      "true_env": {
        "mean": -101.82720836355496,
        "std": 39.21859311265133,
        "stderr": 8.769544018179342,
        "n": 20
      },
      "nsdt_sim": {
        "mean": -5823816.68545178,
        "std": 7457016.074745106,
        "stderr": 1667439.4852438709,
        "n": 20
      },
      "delta_mean": -5823714.858243417
    },
    {
      "name": "ppo_frac_4000000",
      "checkpoint": "pend-eval/policies/ppo_frac_4000000.zip",
      "timesteps": 4000000,
      "true_env": {
        "mean": -101.71531830532633,
        "std": 39.01151452070687,
        "stderr": 8.723239837352068,
        "n": 20
      },
      "nsdt_sim": {
        "mean": -2843701.4046914554,
        "std": 5819181.666039121,
        "stderr": 1301208.5778683955,
        "n": 20
      },
      "delta_mean": -2843599.68937315
    },
    {
      "name": "ppo_frac_5000000",
      "checkpoint": "pend-eval/policies/ppo_frac_5000000.zip",
      "timesteps": 5000000,
      "true_env": {
        "mean": -101.79692052276826,
        "std": 38.93968340196023,
        "stderr": 8.707177910910334,
        "n": 20
      },
      "nsdt_sim": {
        "mean": -1969202.0229304,
        "std": 4551077.139988752,
        "stderr": 1017651.7855860175,
        "n": 20
      },
      "delta_mean": -1969100.2260098772
    }
  ]
}