{
  "config": {
    "env_id": "Pendulum-v1",
    "eval_rollouts": 20,
    "eval_horizon": 500,
    "gamma": 0.95,
    "seed": 42,
    "device": "cuda",
    "deterministic_policy": true,
    "respect_env_done": true,
    "env_kwargs": {}
  },
  "artifacts": {
    "policy_dir": "pend-eval/policies",
    "policy_snapshots": null,
    "nsdt_run_dir": "logs/run-20260329-095506_NSDT_Dataset-Pendulum-Dataset-LunarLander-Dataset-Hopper-Dataset-Cheetah-Dataset-Walker-Dataset-Ant_0_5-runs_log_MAIN_TABLE/Dataset-Pendulum/4",
    "state_diff_file": "best_state_differential.py",
    "state_dict_file": "best_state_dict.pt"
  },
  "metrics": {
    "spearman_rank_corr": -0.2571428571428572,
    "regret": 43.84717444425647
  },
  "policy_selection": {
    "real_optimal_policy": "ppo_frac_5000000",
    "simulator_optimal_policy": "ppo_frac_0",
    "real_optimal_true_value": -78.64228407188706,
    "simulator_optimal_true_value": -122.48945851614353,
    "simulator_optimal_sim_value": -131.9605920791626,
    "env_rank_vector": {
      "ppo_frac_0": 6.0,
      "ppo_frac_1000000": 5.0,
      "ppo_frac_2000000": 4.0,
      "ppo_frac_3000000": 3.0,
      "ppo_frac_4000000": 2.0,
      "ppo_frac_5000000": 1.0
    },
    "sim_rank_vector": {
      "ppo_frac_0": 1.0,
      "ppo_frac_1000000": 6.0,
      "ppo_frac_2000000": 4.0,
      "ppo_frac_3000000": 2.0,
      "ppo_frac_4000000": 3.0,
      "ppo_frac_5000000": 5.0
    }
  },
  "results": [
    {
      "name": "ppo_frac_0",
      "checkpoint": "pend-eval/policies/ppo_frac_0.zip",
      "timesteps": 0,
      "true_env": {
        "mean": -122.48945851614353,
        "std": 32.66255478470377,
        "stderr": 7.303569281740864,
        "n": 20
      },
      "nsdt_sim": {
        "mean": -131.9605920791626,
        "std": 24.83498051308219,
        "stderr": 5.553270464713438,
        "n": 20
      },
      "delta_mean": -9.47113356301908
    },
    {
      "name": "ppo_frac_1000000",
      "checkpoint": "pend-eval/policies/ppo_frac_1000000.zip",
      "timesteps": 1000000,
      "true_env": {
        "mean": -80.64751282861383,
        "std": 30.606564499210283,
        "stderr": 6.843835877796599,
        "n": 20
      },
      "nsdt_sim": {
        "mean": -134500.24415621161,
        "std": 306557.6043760562,
        "stderr": 68548.36424043485,
        "n": 20
      },
      "delta_mean": -134419.596643383
    },
    {
      "name": "ppo_frac_2000000",
      "checkpoint": "pend-eval/policies/ppo_frac_2000000.zip",
      "timesteps": 2000000,
      "true_env": {
        "mean": -79.0919779122406,
        "std": 29.641578954082124,
        "stderr": 6.628058550175474,
        "n": 20
      },
      "nsdt_sim": {
        "mean": -96619.28191287219,
        "std": 205966.8948398333,
        "stderr": 46055.597797641785,
        "n": 20
      },
      "delta_mean": -96540.18993495996
    },
    {
      "name": "ppo_frac_3000000",
      "checkpoint": "pend-eval/policies/ppo_frac_3000000.zip",
      "timesteps": 3000000,
      "true_env": {
        "mean": -78.76135875972508,
        "std": 29.374470189235435,
        "stderr": 6.568331214617154,
        "n": 20
      },
      "nsdt_sim": {
        "mean": -74892.25534893051,
        "std": 189600.10842479236,
        "stderr": 42395.87309791663,
        "n": 20
      },
      "delta_mean": -74813.49399017078
    },
    {
      "name": "ppo_frac_4000000",
      "checkpoint": "pend-eval/policies/ppo_frac_4000000.zip",
      "timesteps": 4000000,
      "true_env": {
        "mean": -78.67647042122483,
        "std": 29.29649773240349,
        "stderr": 6.550896043232265,
        "n": 20
      },
      "nsdt_sim": {
        "mean": -78450.28750002981,
        "std": 136773.61720702713,
        "stderr": 30583.510560344756,
        "n": 20
      },
      "delta_mean": -78371.61102960858
    },
    {
      "name": "ppo_frac_5000000",
      "checkpoint": "pend-eval/policies/ppo_frac_5000000.zip",
      "timesteps": 5000000,
      "true_env": {
        "mean": -78.64228407188706,
        "std": 29.276205230679196,
        "stderr": 6.546358501903359,
        "n": 20
      },
      "nsdt_sim": {
        "mean": -118911.13386130631,
        "std": 172371.92616046147,
        "stderr": 38543.53443073662,
        "n": 20
      },
      "delta_mean": -118832.49157723442
    }
  ]
}