{
  "config": {
    "env_id": "Walker2d-v5",
    "eval_rollouts": 20,
    "eval_horizon": 500,
    "gamma": 0.97,
    "seed": 42,
    "device": "cuda",
    "deterministic_policy": true,
    "respect_env_done": true,
    "env_kwargs": {}
  },
  "artifacts": {
    "policy_dir": "pend-eval/walker-policies",
    "policy_snapshots": null,
    "nsdt_run_dir": "logs/run-20260329-095506_NSDT_Dataset-Pendulum-Dataset-LunarLander-Dataset-Hopper-Dataset-Cheetah-Dataset-Walker-Dataset-Ant_0_5-runs_log_MAIN_TABLE/Dataset-Walker/8",
    "state_diff_file": "best_state_differential.py",
    "state_dict_file": "best_state_dict.pt"
  },
  "metrics": {
    "spearman_rank_corr": -0.6571428571428573,
    "regret": 8.376893609078529
  },
  "policy_selection": {
    "real_optimal_policy": "ppo_frac_800000",
    "simulator_optimal_policy": "ppo_frac_200000",
    "real_optimal_true_value": 44.624079875924494,
    "simulator_optimal_true_value": 36.247186266845965,
    "simulator_optimal_sim_value": 66.18597259521485,
    "env_rank_vector": {
      "ppo_frac_0": 6.0,
      "ppo_frac_200000": 5.0,
      "ppo_frac_400000": 3.0,
      "ppo_frac_600000": 4.0,
      "ppo_frac_800000": 1.0,
      "ppo_frac_1000000": 2.0
    },
    "sim_rank_vector": {
      "ppo_frac_0": 3.0,
      "ppo_frac_200000": 1.0,
      "ppo_frac_400000": 2.0,
      "ppo_frac_600000": 4.0,
      "ppo_frac_800000": 5.0,
      "ppo_frac_1000000": 6.0
    }
  },
  "results": [
    {
      "name": "ppo_frac_0",
      "checkpoint": "pend-eval/walker-policies/ppo_frac_0.zip",
      "timesteps": 0,
      "true_env": {
        "mean": 29.406108422953018,
        "std": 0.4309536463896052,
        "stderr": 0.0963641648478564,
        "n": 20
      },
      "nsdt_sim": {
        "mean": 48.88445129394531,
        "std": 0.5276545425252651,
        "stderr": 0.11798714257230462,
        "n": 20
      },
      "delta_mean": 19.478342870992293
    },
    {
      "name": "ppo_frac_200000",
      "checkpoint": "pend-eval/walker-policies/ppo_frac_200000.zip",
      "timesteps": 200000,
      "true_env": {
        "mean": 36.247186266845965,
        "std": 0.6509408400080692,
        "stderr": 0.14555479675888575,
        "n": 20
      },
      "nsdt_sim": {
        "mean": 66.18597259521485,
        "std": 0.32014019768416385,
        "stderr": 0.07158552443520111,
        "n": 20
      },
      "delta_mean": 29.938786328368884
    },
    {
      "name": "ppo_frac_400000",
      "checkpoint": "pend-eval/walker-policies/ppo_frac_400000.zip",
      "timesteps": 400000,
      "true_env": {
        "mean": 41.50782802215836,
        "std": 0.4478987762314502,
        "stderr": 0.10015321106924896,
        "n": 20
      },
      "nsdt_sim": {
        "mean": 59.80970458984375,
        "std": 0.3398150027147406,
        "stderr": 0.07598494458444355,
        "n": 20
      },
      "delta_mean": 18.30187656768539
    },
    {
      "name": "ppo_frac_600000",
      "checkpoint": "pend-eval/walker-policies/ppo_frac_600000.zip",
      "timesteps": 600000,
      "true_env": {
        "mean": 41.29124601664661,
        "std": 0.5762780521971352,
        "stderr": 0.12885968986539664,
        "n": 20
      },
      "nsdt_sim": {
        "mean": 47.235445213317874,
        "std": 1.0001020704604333,
        "stderr": 0.22362962139878131,
        "n": 20
      },
      "delta_mean": 5.9441991966712635
    },
    {
      "name": "ppo_frac_800000",
      "checkpoint": "pend-eval/walker-policies/ppo_frac_800000.zip",
      "timesteps": 800000,
      "true_env": {
        "mean": 44.624079875924494,
        "std": 0.632614396631478,
        "stderr": 0.14145687944129987,
        "n": 20
      },
      "nsdt_sim": {
        "mean": 45.84499797821045,
        "std": 0.40005875795239465,
        "stderr": 0.0894558577775689,
        "n": 20
      },
      "delta_mean": 1.2209181022859568
    },
    {
      "name": "ppo_frac_1000000",
      "checkpoint": "pend-eval/walker-policies/ppo_frac_1000000.zip",
      "timesteps": 1000000,
      "true_env": {
        "mean": 44.17033084723191,
        "std": 0.8124020472462801,
        "stderr": 0.1816586202702678,
        "n": 20
      },
      "nsdt_sim": {
        "mean": 37.99296970367432,
        "std": 0.8154386588010922,
        "stderr": 0.18233762725604993,
        "n": 20
      },
      "delta_mean": -6.17736114355759
    }
  ]
}