{"ppo/train/learning_rate":0.0003,"ppo/train/clip_range":0.2,"ppo/train/policy_gradient_loss":-0.0008520664414390922,"ppo/train/n_updates":120,"q_train/ppo_frac_0":0.25942751035094264,"_timestamp":1.7653459868860881e+09,"ppo/train/std":0.9443907737731934,"policies/count":5,"policies/trained":1,"ppo/train/entropy_loss":-1.3634545609354973,"dataset/transitions":25000,"_runtime":135,"dataset/initial_states":130,"ppo/train/explained_variance":0.008757233619689941,"ppo/train/clip_fraction":0.008770751953125,"_wandb":{"runtime":135},"ppo/train/loss":653.5174560546875,"ppo/train/value_loss":1373.9550659179688,"timing/ppo_training_sec":39.33989861400005,"_step":213284,"dataset/source_loaded":0,"q_train/ppo_frac_0_step":{"max":291}}