epoch,step,min,max,mean,std
1,10000,-76.46078491210938,78.81924438476562,-0.34327131509780884,9.937799453735352
