epoch,step,min,max,mean,std
1,10000,-162.00669860839844,176.26707458496094,2.972181558609009,35.549156188964844
