epoch,step,min,max,mean,std
1,10000,-0.07401564717292786,0.07910886406898499,0.00436388049274683,0.041038088500499725
