epoch,step,min,max,mean,std
1,10000,-0.013056965544819832,0.014624262228608131,-0.0004300636355765164,0.005037500523030758
