{"dataset/transitions":25000,"q_train/ppo_frac_50000":0.2545020888745785,"ppo/train/learning_rate":0.0003,"q_train/ppo_frac_0_step":{"max":300},"_runtime":221,"ppo/train/entropy_loss":-1.3634545609354973,"policies/count":5,"q_train/ppo_frac_50000_step":{"max":300},"ppo/train/policy_gradient_loss":-0.0008520664414390922,"ppo/train/value_loss":1373.9550659179688,"_step":213611,"ppo/train/n_updates":120,"dataset/initial_states":130,"ppo/train/explained_variance":0.008757233619689941,"_wandb":{"runtime":221},"ppo/train/std":0.9443907737731934,"q_train/ppo_frac_100000":0.07516693130135536,"ppo/train/loss":653.5174560546875,"q_train/ppo_frac_100000_step":{"max":18},"ppo/train/clip_fraction":0.008770751953125,"q_train/ppo_frac_0":0.24844732977449893,"_timestamp":1.7653458300569766e+09,"dataset/source_loaded":0,"timing/ppo_training_sec":38.77045187900012,"policies/trained":1,"ppo/train/clip_range":0.2}