{"eval/policy_name":"ppo_frac_5000000","dynamics/ranking_new/hinge_val":0.3842648346908391,"timing/q_training_sec":2110.955229875981,"num_transitions":30000,"dynamics/trained":1,"eval/q_estimate":-73.24798583984375,"eval/dynamics_ranking_new_kendall":-58.98905563354492,"q_train/ppo_frac_5000000_step":{"max":1000},"q_train/ppo_frac_3000000":0.43207193923493226,"eval/dynamics_ranking_new_listnet":-97.66263580322266,"dynamics/ranking_new/listnet_step":{"max":452},"dataset/transitions":30000,"_step":5000000,"dynamics/ranking_step":{"max":236},"q_model_paths":{"ppo_frac_0":"results/mse/pendulum_pipeline/q_models/ppo_frac_0.pt","ppo_frac_1000000":"results/mse/pendulum_pipeline/q_models/ppo_frac_1000000.pt","ppo_frac_2000000":"results/mse/pendulum_pipeline/q_models/ppo_frac_2000000.pt","ppo_frac_3000000":"results/mse/pendulum_pipeline/q_models/ppo_frac_3000000.pt","ppo_frac_4000000":"results/mse/pendulum_pipeline/q_models/ppo_frac_4000000.pt","ppo_frac_5000000":"results/mse/pendulum_pipeline/q_models/ppo_frac_5000000.pt"},"dynamics/supervised":1.2148768978140314e-06,"results":[{"timesteps":0,"true_return":-1207.301513671875,"env_mc":-120.06181335449219,"q_estimate":-110.97696685791016,"dynamics":{"supervised":-119.43460083007812,"ranking":-75.1415786743164,"ranking_new":{"kendall":-120.02173614501953,"hinge":-103.21182250976562,"listnet":-113.21119689941406}},"name":"ppo_frac_0","checkpoint":"results/pendulum_pipeline/policies/ppo_frac_0"},{"checkpoint":"results/pendulum_pipeline/policies/ppo_frac_1000000","timesteps":1000000,"true_return":-171.38552856445312,"env_mc":-78.46900939941406,"q_estimate":-75.7807846069336,"dynamics":{"supervised":-77.89884948730469,"ranking":-66.37738037109375,"ranking_new":{"listnet":-100.01344299316406,"kendall":-63.80846405029297,"hinge":-64.23055267333984}},"name":"ppo_frac_1000000"},{"true_return":-147.9751739501953,"env_mc":-75.94432067871094,"q_estimate":-72.68738555908203,"dynamics":{"ranking":-59.041099548339844,"ranking_new":{"listnet":-98.96412658691406,"kendall":-62.97140884399414,"hinge":-50.134986877441406},"supervised":-72.19587707519531},"name":"ppo_frac_2000000","checkpoint":"results/pendulum_pipeline/policies/ppo_frac_2000000","timesteps":2000000},{"env_mc":-75.53142547607422,"q_estimate":-72.37512969970703,"dynamics":{"supervised":-72.31582641601562,"ranking":-59.436561584472656,"ranking_new":{"kendall":-60.17920684814453,"hinge":-50.452598571777344,"listnet":-98.72201538085938}},"name":"ppo_frac_3000000","checkpoint":"results/pendulum_pipeline/policies/ppo_frac_3000000","timesteps":3000000,"true_return":-148.49398803710938},{"q_estimate":-71.86197662353516,"dynamics":{"supervised":-70.55868530273438,"ranking":-56.11342239379883,"ranking_new":{"kendall":-60.85515594482422,"hinge":-48.333106994628906,"listnet":-97.10731506347656}},"name":"ppo_frac_4000000","checkpoint":"results/pendulum_pipeline/policies/ppo_frac_4000000","timesteps":4000000,"true_return":-140.45201110839844,"env_mc":-75.36467742919922},{"checkpoint":"results/pendulum_pipeline/policies/ppo_frac_5000000","timesteps":5000000,"true_return":-141.24745178222656,"env_mc":-75.2945556640625,"q_estimate":-73.24798583984375,"dynamics":{"supervised":-70.22563934326172,"ranking":-59.16243362426758,"ranking_new":{"listnet":-97.66263580322266,"kendall":-58.98905563354492,"hinge":-49.78873825073242}},"name":"ppo_frac_5000000"}],"q_train/ppo_frac_2000000_step":{"max":1000},"dataset/source_loaded":0,"q_train/ppo_frac_2000000":0.46315577924251555,"dynamics/ranking":0.006118175211466021,"dynamics_paths":{"supervised":"results/mse/pendulum_pipeline/dynamics/dynamics_supervised.pt","ranking":"results/mse/pendulum_pipeline/dynamics/dynamics_ranking.pt","q_aware":{},"ranking_new":{"kendall":"results/mse/pendulum_pipeline/dynamics/dynamics_ranking_new_kendall.pt","hinge":"results/mse/pendulum_pipeline/dynamics/dynamics_ranking_new_hinge.pt","listnet":"results/mse/pendulum_pipeline/dynamics/dynamics_ranking_new_listnet.pt"}},"eval/true_return":-141.24745178222656,"dynamics/ranking_new/hinge_step":{"max":464},"policies/count":6,"q_models/trained":1,"dynamics/ranking_new/kendall_val":0.06529400910949335,"q_train/ppo_frac_1000000_step":{"max":1000},"eval/dynamics_ranking":-59.16243362426758,"config":{"eval_rollouts":256,"env_id":"Pendulum-v1","ent_coef":0,"dyn_epochs":2000,"dyn_min_epochs":50,"eval_horizon":200,"n_envs":8,"learning_rate":0.0003,"seed":1,"q_lr":0.0003,"eval_episodes":20,"dyn_early_stop_patience":200,"force_policy_training":false,"force_q_training":true,"wandb_mode":"online","ppo_fractions":[0.2,0.4,0.6,0.8,1],"n_steps":2048,"gae_lambda":0.95,"q_epochs":1000,"dyn_lr":0.001,"wandb_entity":null,"total_steps":5000000,"clip_range":0.2,"q_samples":32,"dyn_val_fraction":0.1,"output_dir":"results/mse/pendulum_pipeline","results_only":false,"wandb_run_name":null,"batch_size":1024,"vf_coef":0.5,"lambda_rank":0.1,"gamma":0.95,"rollout_steps":5000,"dyn_batch":1024,"lambda_td":0.1,"q_batch":1024,"device":"auto","force_dynamics_training":true,"wandb_project":"DT2-pendulum"},"q_train/ppo_frac_4000000":0.41856596544384955,"q_train/ppo_frac_0":0.48607336593170963,"dynamics/ranking_val":0.05696502801341315,"eval/dynamics_ranking_new_hinge":-49.78873825073242,"q_models/count":6,"dynamics/supervised_val":4.1440407585469075e-06,"dynamics/ranking_new/kendall_step":{"max":296},"q_train/ppo_frac_5000000":0.4295027382671833,"policies/trained":0,"q_train/ppo_frac_3000000_step":{"max":1000},"eval/env_mc":-75.2945556640625,"_runtime":4184.242164813,"dynamics/ranking_new/hinge":0.01045948313549161,"timing/dynamics_training_sec":1860.893848873966,"dynamics/ranking_new/listnet":0.013075706221301246,"q_train/ppo_frac_0_step":{"max":1000},"dataset/initial_states":156,"dynamics/ranking_new/listnet_val":0.25482768742367623,"dynamics/supervised_step":{"max":956},"q_train/ppo_frac_4000000_step":{"max":1000},"dynamics/ranking_new/kendall":0.003207862788932053,"eval/dynamics_supervised":-70.22563934326172,"q_train/ppo_frac_1000000":0.4760594591498375,"_timestamp":1.7656531918786504e+09,"_wandb":{"runtime":4184}}