{"q_train/ppo_frac_400000_step":{"max":500},"dynamics/supervised":-3.796910231968142,"dynamics/ranking_new/kendall_val":-3.1259492635726933,"policies/trained":1,"dynamics/trained":1,"q_train/ppo_frac_1200000_step":{"max":500},"dynamics/ranking_new/listnet_step":{"max":402},"eval/policy_name":"ppo_frac_2000000","q_models/trained":1,"dynamics/supervised_step":{"max":602},"_step":2000000,"q_train/ppo_frac_0":5.734457816107798,"q_train/ppo_frac_400000":2.0740197331218395,"dynamics/supervised_val":-3.776042183240255,"dataset/initial_states":156,"dynamics/ranking_new/hinge_step":{"max":478},"eval/true_return":388.4040222167969,"timing/ppo_training_sec":466.4809646779904,"timing/dynamics_training_sec":1798.99515237601,"_wandb":{"runtime":3787},"env/num_distractors":10,"q_train/ppo_frac_2000000":2.1716456514293863,"eval/dynamics_ranking_new_hinge":138.83358764648438,"eval/dynamics_ranking_new_kendall":161.01026916503906,"q_train/ppo_frac_800000_step":{"max":500},"eval/dynamics_supervised":161.00181579589844,"q_train/ppo_frac_1200000":2.2147950479539773,"timing/q_training_sec":1349.4605016419955,"dynamics/ranking_new/hinge":-3.3527515980432616,"q_train/ppo_frac_800000":2.116175120159731,"dynamics/ranking_new/kendall_step":{"max":542},"_timestamp":1.7655503895927997e+09,"env/relevant_dims":3,"q_train/ppo_frac_1600000":2.1637792971174594,"results":[{"env_mc":16.115785598754883,"name":"ppo_frac_0","checkpoint":"results/anisotropic_pipeline/policies/ppo_frac_0","timesteps":0,"true_return":1.1504570245742798,"q_estimate":109.36954498291016,"dynamics":{"supervised":20.940526962280273,"ranking_new":{"kendall":27.98504066467285,"hinge":17.436744689941406,"listnet":38.140533447265625}}},{"dynamics":{"supervised":156.8814697265625,"ranking_new":{"kendall":157.76889038085938,"hinge":100.89224243164062,"listnet":156.03121948242188}},"env_mc":157.81040954589844,"name":"ppo_frac_400000","checkpoint":"results/anisotropic_pipeline/policies/ppo_frac_400000","timesteps":400000,"true_return":383.64422607421875,"q_estimate":167.51011657714844},{"checkpoint":"results/anisotropic_pipeline/policies/ppo_frac_800000","timesteps":800000,"true_return":388.06304931640625,"q_estimate":168.45249938964844,"dynamics":{"supervised":160.3087921142578,"ranking_new":{"kendall":161.13804626464844,"hinge":136.89219665527344,"listnet":162.0192413330078}},"env_mc":161.20697021484375,"name":"ppo_frac_800000"},{"q_estimate":170.12413024902344,"dynamics":{"supervised":161.6850128173828,"ranking_new":{"kendall":161.0133514404297,"hinge":138.36819458007812,"listnet":160.57240295410156}},"env_mc":161.3812255859375,"name":"ppo_frac_1200000","checkpoint":"results/anisotropic_pipeline/policies/ppo_frac_1200000","timesteps":1200000,"true_return":388.44677734375},{"true_return":388.32366943359375,"q_estimate":169.44686889648438,"dynamics":{"supervised":161.7919921875,"ranking_new":{"kendall":161.2218475341797,"hinge":140.07659912109375,"listnet":161.40167236328125}},"env_mc":161.33526611328125,"name":"ppo_frac_1600000","checkpoint":"results/anisotropic_pipeline/policies/ppo_frac_1600000","timesteps":1600000},{"env_mc":161.34910583496094,"name":"ppo_frac_2000000","checkpoint":"results/anisotropic_pipeline/policies/ppo_frac_2000000","timesteps":2000000,"true_return":388.4040222167969,"q_estimate":169.6278533935547,"dynamics":{"supervised":161.00181579589844,"ranking_new":{"kendall":161.01026916503906,"hinge":138.83358764648438,"listnet":161.6686248779297}}}],"dynamics/ranking_new/listnet_val":-2.955963933467865,"eval/dynamics_ranking_new_listnet":161.6686248779297,"num_transitions":30000,"dataset/transitions":30000,"eval/q_estimate":169.6278533935547,"q_models/count":6,"dynamics/ranking_new/hinge_val":-2.2726601719856263,"env/state_dim":13,"dynamics/ranking_new/listnet":-3.312239129869443,"q_train/ppo_frac_2000000_step":{"max":500},"policies/count":6,"q_train/ppo_frac_1600000_step":{"max":500},"dynamics/ranking_new/kendall":-3.200219250793727,"_runtime":3787.769178975,"eval/env_mc":161.34910583496094,"q_train/ppo_frac_0_step":{"max":500}}