{
  "config": {
    "max_t": 200,
    "setting": 5,
    "total_steps": 10000,
    "ppo_fractions": [
      0.2,
      0.4,
      0.6,
      0.8,
      1.0
    ],
    "n_envs": 8,
    "n_steps": 2048,
    "batch_size": 512,
    "learning_rate": 0.0003,
    "gamma": 0.99,
    "gae_lambda": 0.95,
    "clip_range": 0.2,
    "ent_coef": 0.01,
    "vf_coef": 0.5,
    "seed": 0,
    "rollout_steps": 10000,
    "q_epochs": 500,
    "q_batch": 512,
    "q_lr": 0.0003,
    "q_samples": 32,
    "dyn_epochs": 2000,
    "dyn_batch": 512,
    "dyn_lr": 0.0003,
    "dyn_hidden_dim": 64,
    "dyn_val_fraction": 0.1,
    "dyn_early_stop_patience": 100,
    "dyn_min_epochs": 0,
    "dynamics_loss": "nll",
    "lambda_rank": 0.4,
    "backbone": "resnet",
    "eval_rollouts": 10,
    "eval_horizon": 200,
    "output_dir": "results/cancer_pipeline",
    "device": "auto",
    "force_policy_training": false,
    "force_dataset_collection": false,
    "force_q_training": false,
    "force_dynamics_training": true,
    "results_only": false,
    "wandb_project": "DT2-cancer",
    "wandb_entity": null,
    "wandb_run_name": null,
    "wandb_mode": "online"
  },
  "dataset_stats": {
    "num_transitions": 6000,
    "num_initial_states": 49,
    "state_dim": 7,
    "action_dim": 2,
    "state_mean": [
      6.669699192047119,
      12.392626762390137,
      6.792642116546631,
      24.0268611907959,
      11.116888046264648,
      8.897756576538086,
      11.13903522491455
    ],
    "state_std": [
      6.945222854614258,
      5.212599277496338,
      5.334871768951416,
      0.7958517074584961,
      5.77739953994751,
      1.5086309909820557,
      4.892608165740967
    ],
    "action_mean": [
      0.42030903697013855,
      0.47704896330833435
    ],
    "action_std": [
      0.6196646690368652,
      0.6464419364929199
    ],
    "reward_mean": 0.5108208656311035,
    "reward_std": 6.089563369750977,
    "reward_min": -0.2972515821456909,
    "reward_max": 100.93700408935547,
    "done_rate": 0.007166666444391012
  },
  "num_transitions": 6000,
  "q_model_paths": {
    "ppo_frac_0": "results/cancer_pipeline/q_models/ppo_frac_0.pt",
    "ppo_frac_20000": "results/cancer_pipeline/q_models/ppo_frac_20000.pt",
    "ppo_frac_40000": "results/cancer_pipeline/q_models/ppo_frac_40000.pt",
    "ppo_frac_60000": "results/cancer_pipeline/q_models/ppo_frac_60000.pt",
    "ppo_frac_80000": "results/cancer_pipeline/q_models/ppo_frac_80000.pt",
    "ppo_frac_100000": "results/cancer_pipeline/q_models/ppo_frac_100000.pt"
  },
  "dynamics_paths": {
    "supervised": "results/cancer_pipeline/resnet/dynamics/dynamics_supervised.pt",
    "ranking_new": {
      "kendall": "results/cancer_pipeline/resnet/dynamics/dynamics_ranking_new_kendall.pt",
      "hinge": "results/cancer_pipeline/resnet/dynamics/dynamics_ranking_new_hinge.pt",
      "listnet": "results/cancer_pipeline/resnet/dynamics/dynamics_ranking_new_listnet.pt"
    }
  },
  "results": [
    {
      "name": "ppo_frac_0",
      "checkpoint": "results/cancer_pipeline/policies/ppo_frac_0",
      "timesteps": 0,
      "q_estimate": 46.46809005737305,
      "dynamics": {
        "supervised": -55.780494689941406,
        "supervised_mse": 0.1965877264738083,
        "supervised_train_mse": 0.2659541070461273,
        "ranking_new": {
          "kendall": -48.3003044128418,
          "hinge": 2.3641180992126465,
          "listnet": -91.55813598632812
        },
        "ranking_new_mse": {
          "kendall": 0.17139412462711334,
          "hinge": 0.17117086052894592,
          "listnet": 0.15538474917411804
        },
        "ranking_new_train_mse": {
          "kendall": 0.24346749484539032,
          "hinge": 0.2617408037185669,
          "listnet": 0.2471194714307785
        }
      },
      "env_mc": -23.88056608601572
    },
    {
      "name": "ppo_frac_20000",
      "checkpoint": "results/cancer_pipeline/policies/ppo_frac_20000",
      "timesteps": 20000,
      "q_estimate": 36.08531951904297,
      "dynamics": {
        "supervised": 0.3841911256313324,
        "supervised_mse": 0.1907816231250763,
        "supervised_train_mse": 0.2608095109462738,
        "ranking_new": {
          "kendall": -47.09646224975586,
          "hinge": 7.743165016174316,
          "listnet": -85.9997787475586
        },
        "ranking_new_mse": {
          "kendall": 0.17476899921894073,
          "hinge": 0.17187833786010742,
          "listnet": 0.15479770302772522
        },
        "ranking_new_train_mse": {
          "kendall": 0.2520592212677002,
          "hinge": 0.25456011295318604,
          "listnet": 0.2525296211242676
        }
      },
      "env_mc": -21.3336629111782
    },
    {
      "name": "ppo_frac_40000",
      "checkpoint": "results/cancer_pipeline/policies/ppo_frac_40000",
      "timesteps": 40000,
      "q_estimate": 41.995235443115234,
      "dynamics": {
        "supervised": 0.019851112738251686,
        "supervised_mse": 0.1897863745689392,
        "supervised_train_mse": 0.2619234025478363,
        "ranking_new": {
          "kendall": -47.83327102661133,
          "hinge": 17.59973907470703,
          "listnet": -38.64120101928711
        },
        "ranking_new_mse": {
          "kendall": 0.16912826895713806,
          "hinge": 0.16985538601875305,
          "listnet": 0.15558017790317535
        },
        "ranking_new_train_mse": {
          "kendall": 0.2467534840106964,
          "hinge": 0.2560438811779022,
          "listnet": 0.24796152114868164
        }
      },
      "env_mc": -17.379427254883545
    },
    {
      "name": "ppo_frac_60000",
      "checkpoint": "results/cancer_pipeline/policies/ppo_frac_60000",
      "timesteps": 60000,
      "q_estimate": 49.46422576904297,
      "dynamics": {
        "supervised": -2.337287664413452,
        "supervised_mse": 0.18982291221618652,
        "supervised_train_mse": 0.2621575593948364,
        "ranking_new": {
          "kendall": -48.25238800048828,
          "hinge": 11.351190567016602,
          "listnet": -34.34892654418945
        },
        "ranking_new_mse": {
          "kendall": 0.1731855720281601,
          "hinge": 0.17004676163196564,
          "listnet": 0.1580820381641388
        },
        "ranking_new_train_mse": {
          "kendall": 0.25125953555107117,
          "hinge": 0.2561735510826111,
          "listnet": 0.2457604706287384
        }
      },
      "env_mc": 19.93096770855311
    },
    {
      "name": "ppo_frac_80000",
      "checkpoint": "results/cancer_pipeline/policies/ppo_frac_80000",
      "timesteps": 80000,
      "q_estimate": 50.635013580322266,
      "dynamics": {
        "supervised": 0.9640159010887146,
        "supervised_mse": 0.19074392318725586,
        "supervised_train_mse": 0.2658994793891907,
        "ranking_new": {
          "kendall": -46.935508728027344,
          "hinge": 7.785656929016113,
          "listnet": -34.249176025390625
        },
        "ranking_new_mse": {
          "kendall": 0.1716245859861374,
          "hinge": 0.17641295492649078,
          "listnet": 0.15495578944683075
        },
        "ranking_new_train_mse": {
          "kendall": 0.2528373599052429,
          "hinge": 0.2575259208679199,
          "listnet": 0.25302553176879883
        }
      },
      "env_mc": 25.318668310970715
    },
    {
      "name": "ppo_frac_100000",
      "checkpoint": "results/cancer_pipeline/policies/ppo_frac_100000",
      "timesteps": 100000,
      "q_estimate": 57.15775680541992,
      "dynamics": {
        "supervised": 4.365678310394287,
        "supervised_mse": 0.19267816841602325,
        "supervised_train_mse": 0.26230835914611816,
        "ranking_new": {
          "kendall": -35.43635177612305,
          "hinge": 47.3451042175293,
          "listnet": -31.056127548217773
        },
        "ranking_new_mse": {
          "kendall": 0.17127016186714172,
          "hinge": 0.16849902272224426,
          "listnet": 0.15823085606098175
        },