{
  "config": {
    "max_t": 200,
    "setting": 5,
    "total_steps": 10000,
    "ppo_fractions": [
      0.2,
      0.4,
      0.6,
      0.8,
      1.0
    ],
    "n_envs": 8,
    "n_steps": 2048,
    "batch_size": 512,
    "learning_rate": 0.0003,
    "gamma": 0.99,
    "gae_lambda": 0.95,
    "clip_range": 0.2,
    "ent_coef": 0.01,
    "vf_coef": 0.5,
    "seed": 6,
    "rollout_steps": 10000,
    "q_epochs": 500,
    "q_batch": 512,
    "q_lr": 0.0003,
    "q_samples": 32,
    "dyn_epochs": 2000,
    "dyn_batch": 512,
    "dyn_lr": 0.0003,
    "dyn_hidden_dim": 64,
    "dyn_val_fraction": 0.1,
    "dyn_early_stop_patience": 100,
    "dyn_min_epochs": 0,
    "dynamics_loss": "nll",
    "lambda_rank": 0.4,
    "backbone": "resnet",
    "eval_rollouts": 10,
    "eval_horizon": 200,
    "output_dir": "results/cancer_pipeline",
    "device": "auto",
    "force_policy_training": false,
    "force_dataset_collection": false,
    "force_q_training": false,
    "force_dynamics_training": true,
    "results_only": false,
    "wandb_project": "DT2-cancer",
    "wandb_entity": null,
    "wandb_run_name": null,
    "wandb_mode": "online"
  },
  "dataset_stats": {
    "num_transitions": 6000,
    "num_initial_states": 49,
    "state_dim": 7,
    "action_dim": 2,
    "state_mean": [
      6.669699192047119,
      12.392626762390137,
      6.792642116546631,
      24.0268611907959,
      11.116888046264648,
      8.897756576538086,
      11.13903522491455
    ],
    "state_std": [
      6.945222854614258,
      5.212599277496338,
      5.334871768951416,
      0.7958517074584961,
      5.77739953994751,
      1.5086309909820557,
      4.892608165740967
    ],
    "action_mean": [
      0.42030903697013855,
      0.47704896330833435
    ],
    "action_std": [
      0.6196646690368652,
      0.6464419364929199
    ],
    "reward_mean": 0.5108208656311035,
    "reward_std": 6.089563369750977,
    "reward_min": -0.2972515821456909,
    "reward_max": 100.93700408935547,
    "done_rate": 0.007166666444391012
  },
  "num_transitions": 6000,
  "q_model_paths": {
    "ppo_frac_0": "results/cancer_pipeline/q_models/ppo_frac_0.pt",
    "ppo_frac_20000": "results/cancer_pipeline/q_models/ppo_frac_20000.pt",
    "ppo_frac_40000": "results/cancer_pipeline/q_models/ppo_frac_40000.pt",
    "ppo_frac_60000": "results/cancer_pipeline/q_models/ppo_frac_60000.pt",
    "ppo_frac_80000": "results/cancer_pipeline/q_models/ppo_frac_80000.pt",
    "ppo_frac_100000": "results/cancer_pipeline/q_models/ppo_frac_100000.pt"
  },
  "dynamics_paths": {
    "supervised": "results/cancer_pipeline/resnet/dynamics/dynamics_supervised.pt",
    "ranking_new": {
      "kendall": "results/cancer_pipeline/resnet/dynamics/dynamics_ranking_new_kendall.pt",
      "hinge": "results/cancer_pipeline/resnet/dynamics/dynamics_ranking_new_hinge.pt",
      "listnet": "results/cancer_pipeline/resnet/dynamics/dynamics_ranking_new_listnet.pt"
    }
  },
  "results": [
    {
      "name": "ppo_frac_0",
      "checkpoint": "results/cancer_pipeline/policies/ppo_frac_0",
      "timesteps": 0,
      "q_estimate": 46.396629333496094,
      "dynamics": {
        "supervised": -70.89627838134766,
        "supervised_mse": 0.24519966542720795,
        "supervised_train_mse": 0.2156701236963272,
        "ranking_new": {
          "kendall": -16.555892944335938,
          "hinge": 43.50824737548828,
          "listnet": -87.68058013916016
        },
        "ranking_new_mse": {
          "kendall": 0.2460467517375946,
          "hinge": 0.30864229798316956,
          "listnet": 0.29475364089012146
        },
        "ranking_new_train_mse": {
          "kendall": 0.21155260503292084,
          "hinge": 0.2508716881275177,
          "listnet": 0.2477763295173645
        }
      },
      "env_mc": -23.404463355433755
    },
    {
      "name": "ppo_frac_20000",
      "checkpoint": "results/cancer_pipeline/policies/ppo_frac_20000",
      "timesteps": 20000,
      "q_estimate": 36.11474609375,
      "dynamics": {
        "supervised": -40.13185501098633,
        "supervised_mse": 0.2381264865398407,
        "supervised_train_mse": 0.21190454065799713,
        "ranking_new": {
          "kendall": -2.0340020656585693,
          "hinge": 45.01951217651367,
          "listnet": -60.973628997802734
        },
        "ranking_new_mse": {
          "kendall": 0.23879143595695496,
          "hinge": 0.3081965148448944,
          "listnet": 0.2974879741668701
        },
        "ranking_new_train_mse": {
          "kendall": 0.21685481071472168,
          "hinge": 0.24797067046165466,
          "listnet": 0.24877846240997314
        }
      },
      "env_mc": -20.815446074706642
    },
    {
      "name": "ppo_frac_40000",
      "checkpoint": "results/cancer_pipeline/policies/ppo_frac_40000",
      "timesteps": 40000,
      "q_estimate": 42.032833099365234,
      "dynamics": {
        "supervised": -24.294225692749023,
        "supervised_mse": 0.2392279952764511,
        "supervised_train_mse": 0.2042119801044464,
        "ranking_new": {
          "kendall": -16.79135513305664,
          "hinge": 48.84552764892578,
          "listnet": -19.51215934753418
        },
        "ranking_new_mse": {
          "kendall": 0.2438935488462448,
          "hinge": 0.3078697621822357,
          "listnet": 0.2968294322490692
        },
        "ranking_new_train_mse": {
          "kendall": 0.21305227279663086,
          "hinge": 0.25045281648635864,
          "listnet": 0.25066012144088745
        }
      },
      "env_mc": -16.74080080441553
    },
    {
      "name": "ppo_frac_60000",
      "checkpoint": "results/cancer_pipeline/policies/ppo_frac_60000",
      "timesteps": 60000,
      "q_estimate": 49.47068405151367,
      "dynamics": {
        "supervised": -19.489431381225586,
        "supervised_mse": 0.2374171018600464,
        "supervised_train_mse": 0.20695991814136505,
        "ranking_new": {
          "kendall": -24.747955322265625,
          "hinge": 52.49553298950195,
          "listnet": 6.4486985206604
        },
        "ranking_new_mse": {
          "kendall": 0.24154573678970337,
          "hinge": 0.3092051148414612,
          "listnet": 0.2923038601875305
        },
        "ranking_new_train_mse": {
          "kendall": 0.21555836498737335,
          "hinge": 0.2493048906326294,
          "listnet": 0.25043395161628723
        }
      },
      "env_mc": 24.490581908964153
    },
    {
      "name": "ppo_frac_80000",
      "checkpoint": "results/cancer_pipeline/policies/ppo_frac_80000",
      "timesteps": 80000,
      "q_estimate": 50.65108871459961,
      "dynamics": {
        "supervised": -12.976297378540039,
        "supervised_mse": 0.24490316212177277,
        "supervised_train_mse": 0.2144608348608017,
        "ranking_new": {
          "kendall": -29.405492782592773,
          "hinge": 56.071388244628906,
          "listnet": 2.656968116760254
        },
        "ranking_new_mse": {
          "kendall": 0.24122169613838196,
          "hinge": 0.30796968936920166,
          "listnet": 0.2960614264011383
        },
        "ranking_new_train_mse": {
          "kendall": 0.21086572110652924,
          "hinge": 0.2518165409564972,
          "listnet": 0.2478591352701187
        }
      },
      "env_mc": 34.54380167936396
    },
    {
      "name": "ppo_frac_100000",
      "checkpoint": "results/cancer_pipeline/policies/ppo_frac_100000",
      "timesteps": 100000,
      "q_estimate": 57.07067108154297,
      "dynamics": {
        "supervised": -8.709248542785645,
        "supervised_mse": 0.24211157858371735,
        "supervised_train_mse": 0.20751675963401794,
        "ranking_new": {
          "kendall": -14.865897178649902,
          "hinge": 60.7714958190918,
          "listnet": -1.4390431642532349
        },
        "ranking_new_mse": {
          "kendall": 0.244307279586792,
          "hinge": 0.306949645280838,
          "listnet": 0.29592186212539673
        },