{
  "config": {
    "max_t": 200,
    "setting": 5,
    "total_steps": 10000,
    "ppo_fractions": [
      0.2,
      0.4,
      0.6,
      0.8,
      1.0
    ],
    "n_envs": 8,
    "n_steps": 2048,
    "batch_size": 512,
    "learning_rate": 0.0003,
    "gamma": 0.99,
    "gae_lambda": 0.95,
    "clip_range": 0.2,
    "ent_coef": 0.01,
    "vf_coef": 0.5,
    "seed": 3,
    "rollout_steps": 10000,
    "q_epochs": 500,
    "q_batch": 512,
    "q_lr": 0.0003,
    "q_samples": 32,
    "dyn_epochs": 2000,
    "dyn_batch": 512,
    "dyn_lr": 0.0003,
    "dyn_hidden_dim": 64,
    "dyn_val_fraction": 0.1,
    "dyn_early_stop_patience": 100,
    "dyn_min_epochs": 0,
    "dynamics_loss": "nll",
    "lambda_rank": 0.4,
    "backbone": "resnet",
    "eval_rollouts": 10,
    "eval_horizon": 200,
    "output_dir": "results/cancer_pipeline",
    "device": "auto",
    "force_policy_training": false,
    "force_dataset_collection": false,
    "force_q_training": false,
    "force_dynamics_training": true,
    "results_only": false,
    "wandb_project": "DT2-cancer",
    "wandb_entity": null,
    "wandb_run_name": null,
    "wandb_mode": "online"
  },
  "dataset_stats": {
    "num_transitions": 6000,
    "num_initial_states": 49,
    "state_dim": 7,
    "action_dim": 2,
    "state_mean": [
      6.669699192047119,
      12.392626762390137,
      6.792642116546631,
      24.0268611907959,
      11.116888046264648,
      8.897756576538086,
      11.13903522491455
    ],
    "state_std": [
      6.945222854614258,
      5.212599277496338,
      5.334871768951416,
      0.7958517074584961,
      5.77739953994751,
      1.5086309909820557,
      4.892608165740967
    ],
    "action_mean": [
      0.42030903697013855,
      0.47704896330833435
    ],
    "action_std": [
      0.6196646690368652,
      0.6464419364929199
    ],
    "reward_mean": 0.5108208656311035,
    "reward_std": 6.089563369750977,
    "reward_min": -0.2972515821456909,
    "reward_max": 100.93700408935547,
    "done_rate": 0.007166666444391012
  },
  "num_transitions": 6000,
  "q_model_paths": {
    "ppo_frac_0": "results/cancer_pipeline/q_models/ppo_frac_0.pt",
    "ppo_frac_20000": "results/cancer_pipeline/q_models/ppo_frac_20000.pt",
    "ppo_frac_40000": "results/cancer_pipeline/q_models/ppo_frac_40000.pt",
    "ppo_frac_60000": "results/cancer_pipeline/q_models/ppo_frac_60000.pt",
    "ppo_frac_80000": "results/cancer_pipeline/q_models/ppo_frac_80000.pt",
    "ppo_frac_100000": "results/cancer_pipeline/q_models/ppo_frac_100000.pt"
  },
  "dynamics_paths": {
    "supervised": "results/cancer_pipeline/resnet/dynamics/dynamics_supervised.pt",
    "ranking_new": {
      "kendall": "results/cancer_pipeline/resnet/dynamics/dynamics_ranking_new_kendall.pt",
      "hinge": "results/cancer_pipeline/resnet/dynamics/dynamics_ranking_new_hinge.pt",
      "listnet": "results/cancer_pipeline/resnet/dynamics/dynamics_ranking_new_listnet.pt"
    }
  },
  "results": [
    {
      "name": "ppo_frac_0",
      "checkpoint": "results/cancer_pipeline/policies/ppo_frac_0",
      "timesteps": 0,
      "q_estimate": 46.35661315917969,
      "dynamics": {
        "supervised": 37.070430755615234,
        "supervised_mse": 0.1795310378074646,
        "supervised_train_mse": 0.26707690954208374,
        "ranking_new": {
          "kendall": -74.16167449951172,
          "hinge": -76.54426574707031,
          "listnet": -88.2893295288086
        },
        "ranking_new_mse": {
          "kendall": 0.17435142397880554,
          "hinge": 0.21127115190029144,
          "listnet": 0.1828944981098175
        },
        "ranking_new_train_mse": {
          "kendall": 0.27048081159591675,
          "hinge": 0.3379456698894501,
          "listnet": 0.2824421226978302
        }
      },
      "env_mc": -23.542304765821047
    },
    {
      "name": "ppo_frac_20000",
      "checkpoint": "results/cancer_pipeline/policies/ppo_frac_20000",
      "timesteps": 20000,
      "q_estimate": 36.07172393798828,
      "dynamics": {
        "supervised": 39.22471237182617,
        "supervised_mse": 0.17766182124614716,
        "supervised_train_mse": 0.26035597920417786,
        "ranking_new": {
          "kendall": -39.52828598022461,
          "hinge": -76.93041229248047,
          "listnet": -77.00856018066406
        },
        "ranking_new_mse": {
          "kendall": 0.17436031997203827,
          "hinge": 0.21849766373634338,
          "listnet": 0.18137229979038239
        },
        "ranking_new_train_mse": {
          "kendall": 0.27494028210639954,
          "hinge": 0.33650830388069153,
          "listnet": 0.27714577317237854
        }
      },
      "env_mc": -20.990056694766697
    },
    {
      "name": "ppo_frac_40000",
      "checkpoint": "results/cancer_pipeline/policies/ppo_frac_40000",
      "timesteps": 40000,
      "q_estimate": 42.005615234375,
      "dynamics": {
        "supervised": 46.49923324584961,
        "supervised_mse": 0.18219923973083496,
        "supervised_train_mse": 0.2559407353401184,
        "ranking_new": {
          "kendall": -8.333224296569824,
          "hinge": -74.44989013671875,
          "listnet": -34.68726348876953
        },
        "ranking_new_mse": {
          "kendall": 0.17324195802211761,
          "hinge": 0.2126644402742386,
          "listnet": 0.17618544399738312
        },
        "ranking_new_train_mse": {
          "kendall": 0.2695133090019226,
          "hinge": 0.33363109827041626,
          "listnet": 0.27660733461380005
        }
      },
      "env_mc": -17.000471199935113
    },
    {
      "name": "ppo_frac_60000",
      "checkpoint": "results/cancer_pipeline/policies/ppo_frac_60000",
      "timesteps": 60000,
      "q_estimate": 49.447364807128906,
      "dynamics": {
        "supervised": 42.653804779052734,
        "supervised_mse": 0.17808550596237183,
        "supervised_train_mse": 0.2616771459579468,
        "ranking_new": {
          "kendall": 7.702224254608154,
          "hinge": -74.35889434814453,
          "listnet": -14.38439655303955
        },
        "ranking_new_mse": {
          "kendall": 0.17501351237297058,
          "hinge": 0.21989752352237701,
          "listnet": 0.18061062693595886
        },
        "ranking_new_train_mse": {
          "kendall": 0.2638714611530304,
          "hinge": 0.3313424289226532,
          "listnet": 0.2815436124801636
        }
      },
      "env_mc": 23.402181675317525
    },
    {
      "name": "ppo_frac_80000",
      "checkpoint": "results/cancer_pipeline/policies/ppo_frac_80000",
      "timesteps": 80000,
      "q_estimate": 50.68134689331055,
      "dynamics": {
        "supervised": 21.13948631286621,
        "supervised_mse": 0.17978161573410034,
        "supervised_train_mse": 0.2603690028190613,
        "ranking_new": {
          "kendall": 16.205337524414062,
          "hinge": -74.16260528564453,
          "listnet": -14.110028266906738
        },
        "ranking_new_mse": {
          "kendall": 0.1760852336883545,
          "hinge": 0.2192687839269638,
          "listnet": 0.18035399913787842
        },
        "ranking_new_train_mse": {
          "kendall": 0.27427491545677185,
          "hinge": 0.32914361357688904,
          "listnet": 0.2785559892654419
        }
      },
      "env_mc": 34.338747297792494
    },
    {
      "name": "ppo_frac_100000",
      "checkpoint": "results/cancer_pipeline/policies/ppo_frac_100000",
      "timesteps": 100000,
      "q_estimate": 57.03622055053711,
      "dynamics": {
        "supervised": 24.005220413208008,
        "supervised_mse": 0.18028949201107025,
        "supervised_train_mse": 0.26685935258865356,
        "ranking_new": {
          "kendall": 28.384286880493164,
          "hinge": -69.8075180053711,
          "listnet": -16.55731773376465
        },
        "ranking_new_mse": {
          "kendall": 0.1756138801574707,
          "hinge": 0.21771059930324554,
          "listnet": 0.17908206582069397
        },