{
  "config": {
    "max_t": 200,
    "setting": 5,
    "total_steps": 10000,
    "ppo_fractions": [
      0.2,
      0.4,
      0.6,
      0.8,
      1.0
    ],
    "n_envs": 8,
    "n_steps": 2048,
    "batch_size": 512,
    "learning_rate": 0.0003,
    "gamma": 0.99,
    "gae_lambda": 0.95,
    "clip_range": 0.2,
    "ent_coef": 0.01,
    "vf_coef": 0.5,
    "seed": 5,
    "rollout_steps": 10000,
    "q_epochs": 500,
    "q_batch": 512,
    "q_lr": 0.0003,
    "q_samples": 32,
    "dyn_epochs": 2000,
    "dyn_batch": 512,
    "dyn_lr": 0.0003,
    "dyn_hidden_dim": 64,
    "dyn_val_fraction": 0.1,
    "dyn_early_stop_patience": 100,
    "dyn_min_epochs": 0,
    "dynamics_loss": "nll",
    "lambda_rank": 0.4,
    "backbone": "resnet",
    "eval_rollouts": 10,
    "eval_horizon": 200,
    "output_dir": "results/cancer_pipeline",
    "device": "auto",
    "force_policy_training": false,
    "force_dataset_collection": false,
    "force_q_training": false,
    "force_dynamics_training": true,
    "results_only": false,
    "wandb_project": "DT2-cancer",
    "wandb_entity": null,
    "wandb_run_name": null,
    "wandb_mode": "online"
  },
  "dataset_stats": {
    "num_transitions": 6000,
    "num_initial_states": 49,
    "state_dim": 7,
    "action_dim": 2,
    "state_mean": [
      6.669699192047119,
      12.392626762390137,
      6.792642116546631,
      24.0268611907959,
      11.116888046264648,
      8.897756576538086,
      11.13903522491455
    ],
    "state_std": [
      6.945222854614258,
      5.212599277496338,
      5.334871768951416,
      0.7958517074584961,
      5.77739953994751,
      1.5086309909820557,
      4.892608165740967
    ],
    "action_mean": [
      0.42030903697013855,
      0.47704896330833435
    ],
    "action_std": [
      0.6196646690368652,
      0.6464419364929199
    ],
    "reward_mean": 0.5108208656311035,
    "reward_std": 6.089563369750977,
    "reward_min": -0.2972515821456909,
    "reward_max": 100.93700408935547,
    "done_rate": 0.007166666444391012
  },
  "num_transitions": 6000,
  "q_model_paths": {
    "ppo_frac_0": "results/cancer_pipeline/q_models/ppo_frac_0.pt",
    "ppo_frac_20000": "results/cancer_pipeline/q_models/ppo_frac_20000.pt",
    "ppo_frac_40000": "results/cancer_pipeline/q_models/ppo_frac_40000.pt",
    "ppo_frac_60000": "results/cancer_pipeline/q_models/ppo_frac_60000.pt",
    "ppo_frac_80000": "results/cancer_pipeline/q_models/ppo_frac_80000.pt",
    "ppo_frac_100000": "results/cancer_pipeline/q_models/ppo_frac_100000.pt"
  },
  "dynamics_paths": {
    "supervised": "results/cancer_pipeline/resnet/dynamics/dynamics_supervised.pt",
    "ranking_new": {
      "kendall": "results/cancer_pipeline/resnet/dynamics/dynamics_ranking_new_kendall.pt",
      "hinge": "results/cancer_pipeline/resnet/dynamics/dynamics_ranking_new_hinge.pt",
      "listnet": "results/cancer_pipeline/resnet/dynamics/dynamics_ranking_new_listnet.pt"
    }
  },
  "results": [
    {
      "name": "ppo_frac_0",
      "checkpoint": "results/cancer_pipeline/policies/ppo_frac_0",
      "timesteps": 0,
      "q_estimate": 46.422916412353516,
      "dynamics": {
        "supervised": -63.9472541809082,
        "supervised_mse": 0.19223302602767944,
        "supervised_train_mse": 0.26723209023475647,
        "ranking_new": {
          "kendall": -94.23238372802734,
          "hinge": -21.790664672851562,
          "listnet": -97.5774154663086
        },
        "ranking_new_mse": {
          "kendall": 0.19434566795825958,
          "hinge": 0.24703848361968994,
          "listnet": 0.1901434063911438
        },
        "ranking_new_train_mse": {
          "kendall": 0.2706547975540161,
          "hinge": 0.36717233061790466,
          "listnet": 0.2672209143638611
        }
      },
      "env_mc": -23.567974648200636
    },
    {
      "name": "ppo_frac_20000",
      "checkpoint": "results/cancer_pipeline/policies/ppo_frac_20000",
      "timesteps": 20000,
      "q_estimate": 36.0753059387207,
      "dynamics": {
        "supervised": -23.62160301208496,
        "supervised_mse": 0.19528663158416748,
        "supervised_train_mse": 0.27090975642204285,
        "ranking_new": {
          "kendall": -97.25602722167969,
          "hinge": -22.34617042541504,
          "listnet": -97.83828735351562
        },
        "ranking_new_mse": {
          "kendall": 0.19302141666412354,
          "hinge": 0.24696901440620422,
          "listnet": 0.19271837174892426
        },
        "ranking_new_train_mse": {
          "kendall": 0.2706146836280823,
          "hinge": 0.37224313616752625,
          "listnet": 0.26935434341430664
        }
      },
      "env_mc": -21.00933205785186
    },
    {
      "name": "ppo_frac_40000",
      "checkpoint": "results/cancer_pipeline/policies/ppo_frac_40000",
      "timesteps": 40000,
      "q_estimate": 42.00041580200195,
      "dynamics": {
        "supervised": 25.215299606323242,
        "supervised_mse": 0.196522518992424,
        "supervised_train_mse": 0.2645649313926697,
        "ranking_new": {
          "kendall": -98.9662857055664,
          "hinge": -4.274900913238525,
          "listnet": -97.508544921875
        },
        "ranking_new_mse": {
          "kendall": 0.1950225532054901,
          "hinge": 0.24839633703231812,
          "listnet": 0.1933312714099884
        },
        "ranking_new_train_mse": {
          "kendall": 0.2806403636932373,
          "hinge": 0.37485894560813904,
          "listnet": 0.2673734426498413
        }
      },
      "env_mc": -17.012751179602862
    },
    {
      "name": "ppo_frac_60000",
      "checkpoint": "results/cancer_pipeline/policies/ppo_frac_60000",
      "timesteps": 60000,
      "q_estimate": 49.50779342651367,
      "dynamics": {
        "supervised": 25.49587059020996,
        "supervised_mse": 0.19678761065006256,
        "supervised_train_mse": 0.2728058099746704,
        "ranking_new": {
          "kendall": -80.6073226928711,
          "hinge": -2.1341683864593506,
          "listnet": -81.21251678466797
        },
        "ranking_new_mse": {
          "kendall": 0.1990422159433365,
          "hinge": 0.24705347418785095,
          "listnet": 0.19656944274902344
        },
        "ranking_new_train_mse": {
          "kendall": 0.2765405476093292,
          "hinge": 0.3708154857158661,
          "listnet": 0.27761343121528625
        }
      },
      "env_mc": 28.319568133622806
    },
    {
      "name": "ppo_frac_80000",
      "checkpoint": "results/cancer_pipeline/policies/ppo_frac_80000",
      "timesteps": 80000,
      "q_estimate": 50.54465866088867,
      "dynamics": {
        "supervised": 27.776020050048828,
        "supervised_mse": 0.19671465456485748,
        "supervised_train_mse": 0.27526193857192993,
        "ranking_new": {
          "kendall": -64.04247283935547,
          "hinge": 23.859363555908203,
          "listnet": -47.2466926574707
        },
        "ranking_new_mse": {
          "kendall": 0.1947622150182724,
          "hinge": 0.24631783366203308,
          "listnet": 0.1954645812511444
        },
        "ranking_new_train_mse": {
          "kendall": 0.267877995967865,
          "hinge": 0.3702176511287689,
          "listnet": 0.2737810015678406
        }
      },
      "env_mc": 38.49243140285884
    },
    {
      "name": "ppo_frac_100000",
      "checkpoint": "results/cancer_pipeline/policies/ppo_frac_100000",
      "timesteps": 100000,
      "q_estimate": 57.10807800292969,
      "dynamics": {
        "supervised": 25.787078857421875,
        "supervised_mse": 0.1929958611726761,
        "supervised_train_mse": 0.26427310705184937,
        "ranking_new": {
          "kendall": -52.03483200073242,
          "hinge": 44.32294464111328,
          "listnet": -40.43697738647461
        },
        "ranking_new_mse": {
          "kendall": 0.19646969437599182,
          "hinge": 0.25321048498153687,
          "listnet": 0.1926759034395218
        },