{
  "config": {
    "max_t": 200,
    "setting": 5,
    "total_steps": 10000,
    "ppo_fractions": [
      0.2,
      0.4,
      0.6,
      0.8,
      1.0
    ],
    "n_envs": 8,
    "n_steps": 2048,
    "batch_size": 512,
    "learning_rate": 0.0003,
    "gamma": 0.99,
    "gae_lambda": 0.95,
    "clip_range": 0.2,
    "ent_coef": 0.01,
    "vf_coef": 0.5,
    "seed": 0,
    "rollout_steps": 10000,
    "q_epochs": 500,
    "q_batch": 512,
    "q_lr": 0.0003,
    "q_samples": 32,
    "dyn_epochs": 2000,
    "dyn_batch": 512,
    "dyn_lr": 0.0003,
    "dyn_hidden_dim": 128,
    "dyn_val_fraction": 0.1,
    "dyn_early_stop_patience": 100,
    "dyn_min_epochs": 0,
    "dynamics_loss": "nll",
    "lambda_rank": 0.4,
    "backbone": "resnet",
    "eval_rollouts": 10,
    "eval_horizon": 200,
    "output_dir": "results/cancer_pipeline",
    "device": "auto",
    "force_policy_training": false,
    "force_dataset_collection": false,
    "force_q_training": false,
    "force_dynamics_training": true,
    "results_only": false,
    "wandb_project": "DT2-cancer",
    "wandb_entity": null,
    "wandb_run_name": null,
    "wandb_mode": "online"
  },
  "dataset_stats": {
    "num_transitions": 6000,
    "num_initial_states": 49,
    "state_dim": 7,
    "action_dim": 2,
    "state_mean": [
      6.669699192047119,
      12.392626762390137,
      6.792642116546631,
      24.0268611907959,
      11.116888046264648,
      8.897756576538086,
      11.13903522491455
    ],
    "state_std": [
      6.945222854614258,
      5.212599277496338,
      5.334871768951416,
      0.7958517074584961,
      5.77739953994751,
      1.5086309909820557,
      4.892608165740967
    ],
    "action_mean": [
      0.42030903697013855,
      0.47704896330833435
    ],
    "action_std": [
      0.6196646690368652,
      0.6464419364929199
    ],
    "reward_mean": 0.5108208656311035,
    "reward_std": 6.089563369750977,
    "reward_min": -0.2972515821456909,
    "reward_max": 100.93700408935547,
    "done_rate": 0.007166666444391012
  },
  "num_transitions": 6000,
  "q_model_paths": {
    "ppo_frac_0": "results/cancer_pipeline/q_models/ppo_frac_0.pt",
    "ppo_frac_20000": "results/cancer_pipeline/q_models/ppo_frac_20000.pt",
    "ppo_frac_40000": "results/cancer_pipeline/q_models/ppo_frac_40000.pt",
    "ppo_frac_60000": "results/cancer_pipeline/q_models/ppo_frac_60000.pt",
    "ppo_frac_80000": "results/cancer_pipeline/q_models/ppo_frac_80000.pt",
    "ppo_frac_100000": "results/cancer_pipeline/q_models/ppo_frac_100000.pt"
  },
  "dynamics_paths": {
    "supervised": "results/cancer_pipeline/resnet/dynamics/dynamics_supervised.pt",
    "ranking_new": {
      "kendall": "results/cancer_pipeline/resnet/dynamics/dynamics_ranking_new_kendall.pt",
      "hinge": "results/cancer_pipeline/resnet/dynamics/dynamics_ranking_new_hinge.pt",
      "listnet": "results/cancer_pipeline/resnet/dynamics/dynamics_ranking_new_listnet.pt"
    }
  },
  "results": [
    {
      "name": "ppo_frac_0",
      "checkpoint": "results/cancer_pipeline/policies/ppo_frac_0",
      "timesteps": 0,
      "q_estimate": 46.51231002807617,
      "dynamics": {
        "supervised": -94.2699966430664,
        "supervised_mse": 0.15525594353675842,
        "supervised_train_mse": 0.24631711840629578,
        "ranking_new": {
          "kendall": -57.11530685424805,
          "hinge": -80.3931655883789,
          "listnet": -103.97395324707031
        },
        "ranking_new_mse": {
          "kendall": 0.16293291747570038,
          "hinge": 0.15953242778778076,
          "listnet": 0.15455417335033417
        },
        "ranking_new_train_mse": {
          "kendall": 0.2495579570531845,
          "hinge": 0.2556840479373932,
          "listnet": 0.240568146109581
        }
      },
      "env_mc": -23.88056608601572
    },
    {
      "name": "ppo_frac_20000",
      "checkpoint": "results/cancer_pipeline/policies/ppo_frac_20000",
      "timesteps": 20000,
      "q_estimate": 36.0528564453125,
      "dynamics": {
        "supervised": -41.38288116455078,
        "supervised_mse": 0.15191330015659332,
        "supervised_train_mse": 0.2469780445098877,
        "ranking_new": {
          "kendall": -56.24970626831055,
          "hinge": -79.27178955078125,
          "listnet": -100.28899383544922
        },
        "ranking_new_mse": {
          "kendall": 0.15980416536331177,
          "hinge": 0.1605137437582016,
          "listnet": 0.15871821343898773
        },
        "ranking_new_train_mse": {
          "kendall": 0.2416107952594757,
          "hinge": 0.2525152862071991,
          "listnet": 0.23370590806007385
        }
      },
      "env_mc": -21.3336629111782
    },
    {
      "name": "ppo_frac_40000",
      "checkpoint": "results/cancer_pipeline/policies/ppo_frac_40000",
      "timesteps": 40000,
      "q_estimate": 42.082359313964844,
      "dynamics": {
        "supervised": 10.59391975402832,
        "supervised_mse": 0.15431521832942963,
        "supervised_train_mse": 0.24154213070869446,
        "ranking_new": {
          "kendall": -58.40517044067383,
          "hinge": -76.53841400146484,
          "listnet": -38.640132904052734
        },
        "ranking_new_mse": {
          "kendall": 0.16274890303611755,
          "hinge": 0.15695135295391083,
          "listnet": 0.15524327754974365
        },
        "ranking_new_train_mse": {
          "kendall": 0.2464386522769928,
          "hinge": 0.2583126425743103,
          "listnet": 0.24246035516262054
        }
      },
      "env_mc": -17.379427254883545
    },
    {
      "name": "ppo_frac_60000",
      "checkpoint": "results/cancer_pipeline/policies/ppo_frac_60000",
      "timesteps": 60000,
      "q_estimate": 49.45034408569336,
      "dynamics": {
        "supervised": 19.431583404541016,
        "supervised_mse": 0.15263128280639648,
        "supervised_train_mse": 0.24415253102779388,
        "ranking_new": {
          "kendall": -58.3565559387207,
          "hinge": -73.64849853515625,
          "listnet": -12.22484302520752
        },
        "ranking_new_mse": {
          "kendall": 0.16537772119045258,
          "hinge": 0.16300572454929352,
          "listnet": 0.1534418910741806
        },
        "ranking_new_train_mse": {
          "kendall": 0.24709992110729218,
          "hinge": 0.252397745847702,
          "listnet": 0.24024637043476105
        }
      },
      "env_mc": 19.93096770855311
    },
    {
      "name": "ppo_frac_80000",
      "checkpoint": "results/cancer_pipeline/policies/ppo_frac_80000",
      "timesteps": 80000,
      "q_estimate": 50.65884017944336,
      "dynamics": {
        "supervised": 17.913776397705078,
        "supervised_mse": 0.1532372534275055,
        "supervised_train_mse": 0.2468341588973999,
        "ranking_new": {
          "kendall": -56.35714340209961,
          "hinge": -66.02104187011719,
          "listnet": -9.051482200622559
        },
        "ranking_new_mse": {
          "kendall": 0.16213566064834595,
          "hinge": 0.15968279540538788,
          "listnet": 0.15685008466243744
        },
        "ranking_new_train_mse": {
          "kendall": 0.243620365858078,
          "hinge": 0.2576265037059784,
          "listnet": 0.2438974231481552
        }
      },
      "env_mc": 25.318668310970715
    },
    {
      "name": "ppo_frac_100000",
      "checkpoint": "results/cancer_pipeline/policies/ppo_frac_100000",
      "timesteps": 100000,
      "q_estimate": 57.1285400390625,
      "dynamics": {
        "supervised": 25.15835952758789,
        "supervised_mse": 0.15140914916992188,
        "supervised_train_mse": 0.24513792991638184,
        "ranking_new": {
          "kendall": -54.793121337890625,
          "hinge": -45.53251647949219,
          "listnet": -0.5829276442527771
        },
        "ranking_new_mse": {
          "kendall": 0.16030743718147278,
          "hinge": 0.15936243534088135,
          "listnet": 0.15916308760643005
        },