{"env/state_dim":13,"dynamics/supervised":-30.618512639459574,"q_train/ppo_frac_200000_step":{"max":1000},"q_train/ppo_frac_600000":3.443529739218243,"_runtime":6378,"q_train/ppo_frac_800000_step":{"max":1000},"policies/trained":1,"_timestamp":1.7656151976842945e+09,"dataset/transitions":30000,"q_train/ppo_frac_1000000_step":{"max":1000},"q_train/ppo_frac_0_step":{"max":1000},"timing/ppo_training_sec":237.88766589801526,"q_models/count":6,"dynamics/supervised_val":-29.133859316507976,"policies/count":6,"timing/q_training_sec":2740.975154115993,"_step":9421,"dynamics/ranking_new/kendall_val":-25.227165865898133,"dynamics/ranking_new/hinge":-27.11282697151292,"dynamics/ranking_new/hinge_val":-25.430056381225583,"q_train/ppo_frac_0":17.795029575541868,"q_train/ppo_frac_1000000":3.03732970205404,"q_train/ppo_frac_800000":3.4781262187634483,"dynamics/ranking_new/hinge_step":{"max":1000},"dynamics/ranking_new/listnet_val":-25.8315176486969,"dynamics/ranking_new/kendall_step":{"max":1108},"q_models/trained":1,"dynamics/ranking_new/listnet_step":{"max":349},"_wandb":{"runtime":6378},"dataset/initial_states":156,"dynamics/supervised_step":{"max":961},"env/relevant_dims":3,"q_train/ppo_frac_400000":2.589430673647735,"q_train/ppo_frac_200000":2.090263423273119,"dynamics/ranking_new/kendall":-27.810218040954393,"env/num_distractors":10,"q_train/ppo_frac_400000_step":{"max":1000},"dynamics/ranking_new/listnet":-26.260081409986288,"q_train/ppo_frac_600000_step":{"max":1000}}