{"q_train/ppo_frac_5000000_step":{"max":138},"_runtime":1817,"_step":5139,"q_train/ppo_frac_5000000":0.4222999175389608,"q_train/ppo_frac_0":0.5334042218824228,"q_train/ppo_frac_1000000":0.5312422474225362,"q_train/ppo_frac_2000000_step":{"max":1000},"policies/trained":0,"q_train/ppo_frac_2000000":0.5315291712681453,"q_train/ppo_frac_4000000_step":{"max":1000},"dataset/initial_states":156,"q_train/ppo_frac_3000000":0.5169429649909337,"dataset/transitions":30000,"dataset/source_loaded":0,"q_train/ppo_frac_0_step":{"max":1000},"_timestamp":1.7656682791139128e+09,"q_train/ppo_frac_1000000_step":{"max":1000},"policies/count":6,"q_train/ppo_frac_3000000_step":{"max":1000},"_wandb":{"runtime":1817},"q_train/ppo_frac_4000000":0.5362981570263704}