epoch,step,min,max,mean,std
1,10000,-0.2843080163002014,0.22073471546173096,0.006765580270439386,0.15735869109630585
