epoch,step,min,max,mean,std
1,10000,-0.015671420842409134,0.01839705929160118,4.096522752661258e-05,0.004982780199497938
