epoch,step,min,max,mean,std
1,10000,-0.038668662309646606,0.043791528791189194,-0.0003194305463694036,0.011073474772274494
