epoch,step,min,max,mean,std
1,10000,-67.83726501464844,72.11420440673828,-0.05644884705543518,8.139615058898926
