epoch,step,min,max,mean,std
1,10000,-223.40994262695312,167.57498168945312,-0.2732093930244446,33.88676071166992
