epoch,step,min,max,mean,std
1,10000,-66.95391082763672,77.94976806640625,0.12290059030056,8.710132598876953
