{"dynamics/trained":1,"dynamics/ranking_new/hinge_step":{"max":466},"q_train/ppo_frac_600000":0.24629613618224355,"q_models/trained":1,"q_train/ppo_frac_1000000_step":{"max":1000},"eval/dynamics_ranking_new_kendall":-5674.5751953125,"policies/trained":0,"dataset/initial_states":145,"eval/true_return":-135708.01992111205,"q_train/ppo_frac_600000_step":{"max":1000},"dynamics/supervised":0.0014454387358987246,"dynamics/ranking_step":{"max":356},"q_train/ppo_frac_1000000":0.45921960271010964,"q_train/ppo_frac_800000_step":{"max":1000},"timing/dynamics_training_sec":2642.332792384026,"eval/env_mc":-5978.611365037599,"dynamics_paths":{"q_aware":{},"ranking_new":{"kendall":"results/mse/lunarlander_pipeline/dynamics/dynamics_ranking_new_kendall.pt","hinge":"results/mse/lunarlander_pipeline/dynamics/dynamics_ranking_new_hinge.pt","listnet":"results/mse/lunarlander_pipeline/dynamics/dynamics_ranking_new_listnet.pt"},"supervised":"results/mse/lunarlander_pipeline/dynamics/dynamics_supervised.pt","ranking":"results/mse/lunarlander_pipeline/dynamics/dynamics_ranking.pt"},"dynamics/ranking_new/kendall_val":0.06157016379293055,"dynamics/ranking":0.024984387685281207,"results":[{"true_return":-20280.29710445404,"q_estimate":-34.147159576416016,"dynamics":{"ranking_new":{"kendall":-9873.86328125,"hinge":-5646.3564453125,"listnet":-5449.89306640625},"supervised":-6834.158203125,"ranking":-16653.1484375},"env_mc":-6865.898516189483,"name":"ppo_frac_0","checkpoint":"results/lunarlander_pipeline/policies/ppo_frac_0","timesteps":0},{"env_mc":-6229.891545003295,"name":"ppo_frac_200000","checkpoint":"results/lunarlander_pipeline/policies/ppo_frac_200000","timesteps":200000,"true_return":-73321.3448507309,"q_estimate":3.707035779953003,"dynamics":{"supervised":-6189.3828125,"ranking":-15943.9306640625,"ranking_new":{"kendall":-7218.1025390625,"hinge":-5287.03564453125,"listnet":-5347.82373046875}}},{"q_estimate":14.236711502075195,"dynamics":{"supervised":-6034.79052734375,"ranking":-16152.0849609375,"ranking_new":{"kendall":-5530.94921875,"hinge":-4962.63818359375,"listnet":-5115.76220703125}},"env_mc":-5998.897635854993,"name":"ppo_frac_400000","checkpoint":"results/lunarlander_pipeline/policies/ppo_frac_400000","timesteps":400000,"true_return":-158966.2702545166},{"true_return":-147015.55061187744,"q_estimate":13.646733283996582,"dynamics":{"supervised":-6059.06396484375,"ranking":-16356.896484375,"ranking_new":{"kendall":-5579.73046875,"hinge":-4976.3603515625,"listnet":-5117.1650390625}},"env_mc":-5982.346167101612,"name":"ppo_frac_600000","checkpoint":"results/lunarlander_pipeline/policies/ppo_frac_600000","timesteps":600000},{"name":"ppo_frac_800000","checkpoint":"results/lunarlander_pipeline/policies/ppo_frac_800000","timesteps":800000,"true_return":-142915.79373626708,"q_estimate":12.544798851013184,"dynamics":{"supervised":-5983.9365234375,"ranking":-16340.7412109375,"ranking_new":{"listnet":-5117.40478515625,"kendall":-5595.8544921875,"hinge":-4991.26953125}},"env_mc":-5984.7354223639695},{"q_estimate":13.525745391845703,"dynamics":{"supervised":-6058.93701171875,"ranking":-16448.615234375,"ranking_new":{"kendall":-5674.5751953125,"hinge":-4994.9208984375,"listnet":-5117.111328125}},"env_mc":-5978.611365037599,"name":"ppo_frac_1000000","checkpoint":"results/lunarlander_pipeline/policies/ppo_frac_1000000","timesteps":1000000,"true_return":-135708.01992111205}],"num_transitions":60000,"q_train/ppo_frac_800000":0.3062321913696952,"_timestamp":1.765649002599312e+09,"dynamics/ranking_new/listnet_step":{"max":617},"q_train/ppo_frac_200000":0.16357991149870016,"dynamics/ranking_new/hinge_val":0.2665827061748132,"q_models/count":6,"eval/dynamics_ranking":-16448.615234375,"dynamics/ranking_new/listnet_val":0.15966345148626715,"q_train/ppo_frac_400000":0.3436192019005953,"eval/q_estimate":13.525745391845703,"q_train/ppo_frac_0":0.15514976442870448,"dataset/transitions":60000,"eval/dynamics_ranking_new_hinge":-4994.9208984375,"dynamics/ranking_new/kendall_step":{"max":416},"timing/q_training_sec":4416.82393927197,"q_train/ppo_frac_400000_step":{"max":1000},"q_model_paths":{"ppo_frac_800000":"results/mse/lunarlander_pipeline/q_models/ppo_frac_800000.pt","ppo_frac_1000000":"results/mse/lunarlander_pipeline/q_models/ppo_frac_1000000.pt","ppo_frac_0":"results/mse/lunarlander_pipeline/q_models/ppo_frac_0.pt","ppo_frac_200000":"results/mse/lunarlander_pipeline/q_models/ppo_frac_200000.pt","ppo_frac_400000":"results/mse/lunarlander_pipeline/q_models/ppo_frac_400000.pt","ppo_frac_600000":"results/mse/lunarlander_pipeline/q_models/ppo_frac_600000.pt"},"_runtime":8079.802293082,"dynamics/ranking_new/hinge":0.037794496798184966,"eval/dynamics_supervised":-6058.93701171875,"dynamics/ranking_val":1.0517910900525749,"_step":1000000,"_wandb":{"runtime":8079},"q_train/ppo_frac_200000_step":{"max":1000},"eval/dynamics_ranking_new_listnet":-5117.111328125,"eval/policy_name":"ppo_frac_1000000","dynamics/ranking_new/kendall":0.0025215539576064023,"dynamics/supervised_step":{"max":380},"dynamics/ranking_new/listnet":0.007787224001971618,"dataset/source_loaded":0,"dynamics/supervised_val":0.0026188990644489727,"policies/count":6,"q_train/ppo_frac_0_step":{"max":1000}}