{
  "config": {
    "max_t": 200,
    "setting": 5,
    "total_steps": 10000,
    "ppo_fractions": [
      0.2,
      0.4,
      0.6,
      0.8,
      1.0
    ],
    "n_envs": 8,
    "n_steps": 2048,
    "batch_size": 512,
    "learning_rate": 0.0003,
    "gamma": 0.99,
    "gae_lambda": 0.95,
    "clip_range": 0.2,
    "ent_coef": 0.01,
    "vf_coef": 0.5,
    "seed": 0,
    "rollout_steps": 10000,
    "q_epochs": 500,
    "q_batch": 512,
    "q_lr": 0.0003,
    "q_samples": 32,
    "dyn_epochs": 2000,
    "dyn_batch": 512,
    "dyn_lr": 0.0003,
    "dyn_hidden_dim": 64,
    "dyn_val_fraction": 0.1,
    "dyn_early_stop_patience": 100,
    "dyn_min_epochs": 0,
    "dynamics_loss": "nll",
    "lambda_rank": 0.4,
    "backbone": "ode",
    "eval_rollouts": 10,
    "eval_horizon": 200,
    "output_dir": "results/cancer_pipeline",
    "device": "auto",
    "force_policy_training": false,
    "force_dataset_collection": false,
    "force_q_training": false,
    "force_dynamics_training": true,
    "results_only": false,
    "wandb_project": "DT2-cancer",
    "wandb_entity": null,
    "wandb_run_name": null,
    "wandb_mode": "online"
  },
  "dataset_stats": {
    "num_transitions": 6000,
    "num_initial_states": 49,
    "state_dim": 7,
    "action_dim": 2,
    "state_mean": [
      6.669699192047119,
      12.392626762390137,
      6.792642116546631,
      24.0268611907959,
      11.116888046264648,
      8.897756576538086,
      11.13903522491455
    ],
    "state_std": [
      6.945222854614258,
      5.212599277496338,
      5.334871768951416,
      0.7958517074584961,
      5.77739953994751,
      1.5086309909820557,
      4.892608165740967
    ],
    "action_mean": [
      0.42030903697013855,
      0.47704896330833435
    ],
    "action_std": [
      0.6196646690368652,
      0.6464419364929199
    ],
    "reward_mean": 0.5108208656311035,
    "reward_std": 6.089563369750977,
    "reward_min": -0.2972515821456909,
    "reward_max": 100.93700408935547,
    "done_rate": 0.007166666444391012
  },
  "num_transitions": 6000,
  "q_model_paths": {
    "ppo_frac_0": "results/cancer_pipeline/q_models/ppo_frac_0.pt",
    "ppo_frac_20000": "results/cancer_pipeline/q_models/ppo_frac_20000.pt",
    "ppo_frac_40000": "results/cancer_pipeline/q_models/ppo_frac_40000.pt",
    "ppo_frac_60000": "results/cancer_pipeline/q_models/ppo_frac_60000.pt",
    "ppo_frac_80000": "results/cancer_pipeline/q_models/ppo_frac_80000.pt",
    "ppo_frac_100000": "results/cancer_pipeline/q_models/ppo_frac_100000.pt"
  },
  "dynamics_paths": {
    "supervised": "results/cancer_pipeline/ode/dynamics/dynamics_supervised.pt",
    "ranking_new": {
      "kendall": "results/cancer_pipeline/ode/dynamics/dynamics_ranking_new_kendall.pt",
      "hinge": "results/cancer_pipeline/ode/dynamics/dynamics_ranking_new_hinge.pt",
      "listnet": "results/cancer_pipeline/ode/dynamics/dynamics_ranking_new_listnet.pt"
    }
  },
  "results": [
    {
      "name": "ppo_frac_0",
      "checkpoint": "results/cancer_pipeline/policies/ppo_frac_0",
      "timesteps": 0,
      "q_estimate": 46.507720947265625,
      "dynamics": {
        "supervised": 14.240533828735352,
        "supervised_mse": 0.26384255290031433,
        "supervised_train_mse": 0.3309190571308136,
        "ranking_new": {
          "kendall": -42.941829681396484,
          "hinge": 3.0819995403289795,
          "listnet": 37.33855056762695
        },
        "ranking_new_mse": {
          "kendall": 0.2812800109386444,
          "hinge": 0.26469093561172485,
          "listnet": 0.2784489393234253
        },
        "ranking_new_train_mse": {
          "kendall": 0.3501216471195221,
          "hinge": 0.3323695957660675,
          "listnet": 0.34753793478012085
        }
      },
      "env_mc": -23.88056608601572
    },
    {
      "name": "ppo_frac_20000",
      "checkpoint": "results/cancer_pipeline/policies/ppo_frac_20000",
      "timesteps": 20000,
      "q_estimate": 36.038726806640625,
      "dynamics": {
        "supervised": 15.511771202087402,
        "supervised_mse": 0.26384255290031433,
        "supervised_train_mse": 0.3309190571308136,
        "ranking_new": {
          "kendall": -43.301979064941406,
          "hinge": 6.145313262939453,
          "listnet": 38.41979217529297
        },
        "ranking_new_mse": {
          "kendall": 0.2812800109386444,
          "hinge": 0.26469093561172485,
          "listnet": 0.2784489393234253
        },
        "ranking_new_train_mse": {
          "kendall": 0.3501216471195221,
          "hinge": 0.3323695957660675,
          "listnet": 0.34753793478012085
        }
      },
      "env_mc": -21.3336629111782
    },
    {
      "name": "ppo_frac_40000",
      "checkpoint": "results/cancer_pipeline/policies/ppo_frac_40000",
      "timesteps": 40000,
      "q_estimate": 42.05034637451172,
      "dynamics": {
        "supervised": 16.910959243774414,
        "supervised_mse": 0.26384255290031433,
        "supervised_train_mse": 0.3309190571308136,
        "ranking_new": {
          "kendall": -43.975643157958984,
          "hinge": 10.220940589904785,
          "listnet": 38.512691497802734
        },
        "ranking_new_mse": {
          "kendall": 0.2812800109386444,
          "hinge": 0.26469093561172485,
          "listnet": 0.2784489393234253
        },
        "ranking_new_train_mse": {
          "kendall": 0.3501216471195221,
          "hinge": 0.3323695957660675,
          "listnet": 0.34753793478012085
        }
      },
      "env_mc": -17.379427254883545
    },
    {
      "name": "ppo_frac_60000",
      "checkpoint": "results/cancer_pipeline/policies/ppo_frac_60000",
      "timesteps": 60000,
      "q_estimate": 49.42613983154297,
      "dynamics": {
        "supervised": 18.25745964050293,
        "supervised_mse": 0.26384255290031433,
        "supervised_train_mse": 0.3309190571308136,
        "ranking_new": {
          "kendall": -44.83233642578125,
          "hinge": 14.821917533874512,
          "listnet": 38.87444305419922
        },
        "ranking_new_mse": {
          "kendall": 0.2812800109386444,
          "hinge": 0.26469093561172485,
          "listnet": 0.2784489393234253
        },
        "ranking_new_train_mse": {
          "kendall": 0.3501216471195221,
          "hinge": 0.3323695957660675,
          "listnet": 0.34753793478012085
        }
      },
      "env_mc": 19.93096770855311
    },
    {
      "name": "ppo_frac_80000",
      "checkpoint": "results/cancer_pipeline/policies/ppo_frac_80000",
      "timesteps": 80000,
      "q_estimate": 50.562767028808594,
      "dynamics": {
        "supervised": 19.62881851196289,
        "supervised_mse": 0.26384255290031433,
        "supervised_train_mse": 0.3309190571308136,
        "ranking_new": {
          "kendall": -45.6711540222168,
          "hinge": 20.200170516967773,
          "listnet": 39.59988784790039
        },
        "ranking_new_mse": {
          "kendall": 0.2812800109386444,
          "hinge": 0.26469093561172485,
          "listnet": 0.2784489393234253
        },
        "ranking_new_train_mse": {
          "kendall": 0.3501216471195221,
          "hinge": 0.3323695957660675,
          "listnet": 0.34753793478012085
        }
      },
      "env_mc": 25.318668310970715
    },
    {
      "name": "ppo_frac_100000",
      "checkpoint": "results/cancer_pipeline/policies/ppo_frac_100000",
      "timesteps": 100000,
      "q_estimate": 57.07280349731445,
      "dynamics": {
        "supervised": 21.814411163330078,
        "supervised_mse": 0.26384255290031433,
        "supervised_train_mse": 0.3309190571308136,
        "ranking_new": {
          "kendall": -46.74897384643555,
          "hinge": 30.824045181274414,
          "listnet": 40.417518615722656
        },
        "ranking_new_mse": {
          "kendall": 0.2812800109386444,
          "hinge": 0.26469093561172485,
          "listnet": 0.2784489393234253
        },