{
  "config": {
    "max_t": 200,
    "setting": 5,
    "total_steps": 10000,
    "ppo_fractions": [
      0.2,
      0.4,
      0.6,
      0.8,
      1.0
    ],
    "n_envs": 8,
    "n_steps": 2048,
    "batch_size": 512,
    "learning_rate": 0.0003,
    "gamma": 0.99,
    "gae_lambda": 0.95,
    "clip_range": 0.2,
    "ent_coef": 0.01,
    "vf_coef": 0.5,
    "seed": 2,
    "rollout_steps": 10000,
    "q_epochs": 500,
    "q_batch": 512,
    "q_lr": 0.0003,
    "q_samples": 32,
    "dyn_epochs": 2000,
    "dyn_batch": 512,
    "dyn_lr": 0.0003,
    "dyn_hidden_dim": 64,
    "dyn_val_fraction": 0.1,
    "dyn_early_stop_patience": 100,
    "dyn_min_epochs": 0,
    "dynamics_loss": "nll",
    "lambda_rank": 0.4,
    "backbone": "ode",
    "eval_rollouts": 10,
    "eval_horizon": 200,
    "output_dir": "results/cancer_pipeline",
    "device": "auto",
    "force_policy_training": false,
    "force_dataset_collection": false,
    "force_q_training": false,
    "force_dynamics_training": true,
    "results_only": false,
    "wandb_project": "DT2-cancer",
    "wandb_entity": null,
    "wandb_run_name": null,
    "wandb_mode": "online"
  },
  "dataset_stats": {
    "num_transitions": 6000,
    "num_initial_states": 49,
    "state_dim": 7,
    "action_dim": 2,
    "state_mean": [
      6.669699192047119,
      12.392626762390137,
      6.792642116546631,
      24.0268611907959,
      11.116888046264648,
      8.897756576538086,
      11.13903522491455
    ],
    "state_std": [
      6.945222854614258,
      5.212599277496338,
      5.334871768951416,
      0.7958517074584961,
      5.77739953994751,
      1.5086309909820557,
      4.892608165740967
    ],
    "action_mean": [
      0.42030903697013855,
      0.47704896330833435
    ],
    "action_std": [
      0.6196646690368652,
      0.6464419364929199
    ],
    "reward_mean": 0.5108208656311035,
    "reward_std": 6.089563369750977,
    "reward_min": -0.2972515821456909,
    "reward_max": 100.93700408935547,
    "done_rate": 0.007166666444391012
  },
  "num_transitions": 6000,
  "q_model_paths": {
    "ppo_frac_0": "results/cancer_pipeline/q_models/ppo_frac_0.pt",
    "ppo_frac_20000": "results/cancer_pipeline/q_models/ppo_frac_20000.pt",
    "ppo_frac_40000": "results/cancer_pipeline/q_models/ppo_frac_40000.pt",
    "ppo_frac_60000": "results/cancer_pipeline/q_models/ppo_frac_60000.pt",
    "ppo_frac_80000": "results/cancer_pipeline/q_models/ppo_frac_80000.pt",
    "ppo_frac_100000": "results/cancer_pipeline/q_models/ppo_frac_100000.pt"
  },
  "dynamics_paths": {
    "supervised": "results/cancer_pipeline/ode/dynamics/dynamics_supervised.pt",
    "ranking_new": {
      "kendall": "results/cancer_pipeline/ode/dynamics/dynamics_ranking_new_kendall.pt",
      "hinge": "results/cancer_pipeline/ode/dynamics/dynamics_ranking_new_hinge.pt",
      "listnet": "results/cancer_pipeline/ode/dynamics/dynamics_ranking_new_listnet.pt"
    }
  },
  "results": [
    {
      "name": "ppo_frac_0",
      "checkpoint": "results/cancer_pipeline/policies/ppo_frac_0",
      "timesteps": 0,
      "q_estimate": 46.44640350341797,
      "dynamics": {
        "supervised": 32.72746276855469,
        "supervised_mse": 0.3173622786998749,
        "supervised_train_mse": 0.3387469947338104,
        "ranking_new": {
          "kendall": 32.76766586303711,
          "hinge": 27.870935440063477,
          "listnet": 23.520523071289062
        },
        "ranking_new_mse": {
          "kendall": 0.3160688579082489,
          "hinge": 0.31351277232170105,
          "listnet": 0.31382691860198975
        },
        "ranking_new_train_mse": {
          "kendall": 0.3370542526245117,
          "hinge": 0.33414044976234436,
          "listnet": 0.33538582921028137
        }
      },
      "env_mc": -23.5909198120364
    },
    {
      "name": "ppo_frac_20000",
      "checkpoint": "results/cancer_pipeline/policies/ppo_frac_20000",
      "timesteps": 20000,
      "q_estimate": 36.03251647949219,
      "dynamics": {
        "supervised": 32.75048828125,
        "supervised_mse": 0.3173622786998749,
        "supervised_train_mse": 0.3387469947338104,
        "ranking_new": {
          "kendall": 24.55244255065918,
          "hinge": 28.81201171875,
          "listnet": 24.9409236907959
        },
        "ranking_new_mse": {
          "kendall": 0.3160688579082489,
          "hinge": 0.31351277232170105,
          "listnet": 0.31382691860198975
        },
        "ranking_new_train_mse": {
          "kendall": 0.3370542526245117,
          "hinge": 0.33414044976234436,
          "listnet": 0.33538582921028137
        }
      },
      "env_mc": -21.009554350702423
    },
    {
      "name": "ppo_frac_40000",
      "checkpoint": "results/cancer_pipeline/policies/ppo_frac_40000",
      "timesteps": 40000,
      "q_estimate": 42.013397216796875,
      "dynamics": {
        "supervised": 33.16203308105469,
        "supervised_mse": 0.3173622786998749,
        "supervised_train_mse": 0.3387469947338104,
        "ranking_new": {
          "kendall": 25.902790069580078,
          "hinge": 30.691965103149414,
          "listnet": 24.691648483276367
        },
        "ranking_new_mse": {
          "kendall": 0.3160688579082489,
          "hinge": 0.31351277232170105,
          "listnet": 0.31382691860198975
        },
        "ranking_new_train_mse": {
          "kendall": 0.3370542526245117,
          "hinge": 0.33414044976234436,
          "listnet": 0.33538582921028137
        }
      },
      "env_mc": -16.948930594665658
    },
    {
      "name": "ppo_frac_60000",
      "checkpoint": "results/cancer_pipeline/policies/ppo_frac_60000",
      "timesteps": 60000,
      "q_estimate": 49.3839225769043,
      "dynamics": {
        "supervised": 33.83916091918945,
        "supervised_mse": 0.3173622786998749,
        "supervised_train_mse": 0.3387469947338104,
        "ranking_new": {
          "kendall": 24.56187629699707,
          "hinge": 32.1145133972168,
          "listnet": 25.056730270385742
        },
        "ranking_new_mse": {
          "kendall": 0.3160688579082489,
          "hinge": 0.31351277232170105,
          "listnet": 0.31382691860198975
        },
        "ranking_new_train_mse": {
          "kendall": 0.3370542526245117,
          "hinge": 0.33414044976234436,
          "listnet": 0.33538582921028137
        }
      },
      "env_mc": 19.730940275045107
    },
    {
      "name": "ppo_frac_80000",
      "checkpoint": "results/cancer_pipeline/policies/ppo_frac_80000",
      "timesteps": 80000,
      "q_estimate": 50.753196716308594,
      "dynamics": {
        "supervised": 35.87510299682617,
        "supervised_mse": 0.3173622786998749,
        "supervised_train_mse": 0.3387469947338104,
        "ranking_new": {
          "kendall": 21.760395050048828,
          "hinge": 33.88391876220703,
          "listnet": 25.20967674255371
        },
        "ranking_new_mse": {
          "kendall": 0.3160688579082489,
          "hinge": 0.31351277232170105,
          "listnet": 0.31382691860198975
        },
        "ranking_new_train_mse": {
          "kendall": 0.3370542526245117,
          "hinge": 0.33414044976234436,
          "listnet": 0.33538582921028137
        }
      },
      "env_mc": 30.20636876735643
    },
    {
      "name": "ppo_frac_100000",
      "checkpoint": "results/cancer_pipeline/policies/ppo_frac_100000",
      "timesteps": 100000,
      "q_estimate": 57.17723846435547,
      "dynamics": {
        "supervised": 36.97018051147461,
        "supervised_mse": 0.3173622786998749,
        "supervised_train_mse": 0.3387469947338104,
        "ranking_new": {
          "kendall": 18.8124942779541,
          "hinge": 34.691871643066406,
          "listnet": 26.171863555908203
        },
        "ranking_new_mse": {
          "kendall": 0.3160688579082489,
          "hinge": 0.31351277232170105,
          "listnet": 0.31382691860198975
        },
        "ranking_new_train_mse": {
          "kendall": 0.3370542526245117,