{
  "config": {
    "max_t": 200,
    "setting": 5,
    "total_steps": 10000,
    "ppo_fractions": [
      0.2,
      0.4,
      0.6,
      0.8,
      1.0
    ],
    "n_envs": 8,
    "n_steps": 2048,
    "batch_size": 512,
    "learning_rate": 0.0003,
    "gamma": 0.99,
    "gae_lambda": 0.95,
    "clip_range": 0.2,
    "ent_coef": 0.01,
    "vf_coef": 0.5,
    "seed": 1,
    "rollout_steps": 10000,
    "q_epochs": 500,
    "q_batch": 512,
    "q_lr": 0.0003,
    "q_samples": 32,
    "dyn_epochs": 2000,
    "dyn_batch": 512,
    "dyn_lr": 0.0003,
    "dyn_hidden_dim": 64,
    "dyn_val_fraction": 0.1,
    "dyn_early_stop_patience": 100,
    "dyn_min_epochs": 0,
    "dynamics_loss": "nll",
    "lambda_rank": 0.4,
    "backbone": "ode",
    "eval_rollouts": 10,
    "eval_horizon": 200,
    "output_dir": "results/cancer_pipeline",
    "device": "auto",
    "force_policy_training": false,
    "force_dataset_collection": false,
    "force_q_training": false,
    "force_dynamics_training": true,
    "results_only": false,
    "wandb_project": "DT2-cancer",
    "wandb_entity": null,
    "wandb_run_name": null,
    "wandb_mode": "online"
  },
  "dataset_stats": {
    "num_transitions": 6000,
    "num_initial_states": 49,
    "state_dim": 7,
    "action_dim": 2,
    "state_mean": [
      6.669699192047119,
      12.392626762390137,
      6.792642116546631,
      24.0268611907959,
      11.116888046264648,
      8.897756576538086,
      11.13903522491455
    ],
    "state_std": [
      6.945222854614258,
      5.212599277496338,
      5.334871768951416,
      0.7958517074584961,
      5.77739953994751,
      1.5086309909820557,
      4.892608165740967
    ],
    "action_mean": [
      0.42030903697013855,
      0.47704896330833435
    ],
    "action_std": [
      0.6196646690368652,
      0.6464419364929199
    ],
    "reward_mean": 0.5108208656311035,
    "reward_std": 6.089563369750977,
    "reward_min": -0.2972515821456909,
    "reward_max": 100.93700408935547,
    "done_rate": 0.007166666444391012
  },
  "num_transitions": 6000,
  "q_model_paths": {
    "ppo_frac_0": "results/cancer_pipeline/q_models/ppo_frac_0.pt",
    "ppo_frac_20000": "results/cancer_pipeline/q_models/ppo_frac_20000.pt",
    "ppo_frac_40000": "results/cancer_pipeline/q_models/ppo_frac_40000.pt",
    "ppo_frac_60000": "results/cancer_pipeline/q_models/ppo_frac_60000.pt",
    "ppo_frac_80000": "results/cancer_pipeline/q_models/ppo_frac_80000.pt",
    "ppo_frac_100000": "results/cancer_pipeline/q_models/ppo_frac_100000.pt"
  },
  "dynamics_paths": {
    "supervised": "results/cancer_pipeline/ode/dynamics/dynamics_supervised.pt",
    "ranking_new": {
      "kendall": "results/cancer_pipeline/ode/dynamics/dynamics_ranking_new_kendall.pt",
      "hinge": "results/cancer_pipeline/ode/dynamics/dynamics_ranking_new_hinge.pt",
      "listnet": "results/cancer_pipeline/ode/dynamics/dynamics_ranking_new_listnet.pt"
    }
  },
  "results": [
    {
      "name": "ppo_frac_0",
      "checkpoint": "results/cancer_pipeline/policies/ppo_frac_0",
      "timesteps": 0,
      "q_estimate": 46.48906707763672,
      "dynamics": {
        "supervised": -12.714755058288574,
        "supervised_mse": 0.29527005553245544,
        "supervised_train_mse": 0.2700789272785187,
        "ranking_new": {
          "kendall": -43.06181716918945,
          "hinge": 56.31148910522461,
          "listnet": 23.839506149291992
        },
        "ranking_new_mse": {
          "kendall": 0.31761524081230164,
          "hinge": 0.3012590706348419,
          "listnet": 0.31434500217437744
        },
        "ranking_new_train_mse": {
          "kendall": 0.28509560227394104,
          "hinge": 0.2718803584575653,
          "listnet": 0.282272070646286
        }
      },
      "env_mc": -23.631411483400264
    },
    {
      "name": "ppo_frac_20000",
      "checkpoint": "results/cancer_pipeline/policies/ppo_frac_20000",
      "timesteps": 20000,
      "q_estimate": 36.05937957763672,
      "dynamics": {
        "supervised": -12.27314281463623,
        "supervised_mse": 0.29527005553245544,
        "supervised_train_mse": 0.2700789272785187,
        "ranking_new": {
          "kendall": -41.269927978515625,
          "hinge": 57.01251220703125,
          "listnet": 23.997861862182617
        },
        "ranking_new_mse": {
          "kendall": 0.31761524081230164,
          "hinge": 0.3012590706348419,
          "listnet": 0.31434500217437744
        },
        "ranking_new_train_mse": {
          "kendall": 0.28509560227394104,
          "hinge": 0.2718803584575653,
          "listnet": 0.282272070646286
        }
      },
      "env_mc": -21.068110035611905
    },
    {
      "name": "ppo_frac_40000",
      "checkpoint": "results/cancer_pipeline/policies/ppo_frac_40000",
      "timesteps": 40000,
      "q_estimate": 42.07685470581055,
      "dynamics": {
        "supervised": -11.19986629486084,
        "supervised_mse": 0.29527005553245544,
        "supervised_train_mse": 0.2700789272785187,
        "ranking_new": {
          "kendall": -41.04487228393555,
          "hinge": 58.70417404174805,
          "listnet": 24.16162872314453
        },
        "ranking_new_mse": {
          "kendall": 0.31761524081230164,
          "hinge": 0.3012590706348419,
          "listnet": 0.31434500217437744
        },
        "ranking_new_train_mse": {
          "kendall": 0.28509560227394104,
          "hinge": 0.2718803584575653,
          "listnet": 0.282272070646286
        }
      },
      "env_mc": -17.06214893473964
    },
    {
      "name": "ppo_frac_60000",
      "checkpoint": "results/cancer_pipeline/policies/ppo_frac_60000",
      "timesteps": 60000,
      "q_estimate": 49.504817962646484,
      "dynamics": {
        "supervised": -10.004652976989746,
        "supervised_mse": 0.29527005553245544,
        "supervised_train_mse": 0.2700789272785187,
        "ranking_new": {
          "kendall": -40.46232223510742,
          "hinge": 60.184783935546875,
          "listnet": 24.144155502319336
        },
        "ranking_new_mse": {
          "kendall": 0.31761524081230164,
          "hinge": 0.3012590706348419,
          "listnet": 0.31434500217437744
        },
        "ranking_new_train_mse": {
          "kendall": 0.28509560227394104,
          "hinge": 0.2718803584575653,
          "listnet": 0.282272070646286
        }
      },
      "env_mc": 14.912423491674224
    },
    {
      "name": "ppo_frac_80000",
      "checkpoint": "results/cancer_pipeline/policies/ppo_frac_80000",
      "timesteps": 80000,
      "q_estimate": 50.59777069091797,
      "dynamics": {
        "supervised": -9.363654136657715,
        "supervised_mse": 0.29527005553245544,
        "supervised_train_mse": 0.2700789272785187,
        "ranking_new": {
          "kendall": -39.00115203857422,
          "hinge": 61.48836135864258,
          "listnet": 24.46363639831543
        },
        "ranking_new_mse": {
          "kendall": 0.31761524081230164,
          "hinge": 0.3012590706348419,
          "listnet": 0.31434500217437744
        },
        "ranking_new_train_mse": {
          "kendall": 0.28509560227394104,
          "hinge": 0.2718803584575653,
          "listnet": 0.282272070646286
        }
      },
      "env_mc": 25.369632335237046
    },
    {
      "name": "ppo_frac_100000",
      "checkpoint": "results/cancer_pipeline/policies/ppo_frac_100000",
      "timesteps": 100000,
      "q_estimate": 57.14119338989258,
      "dynamics": {
        "supervised": -8.268572807312012,
        "supervised_mse": 0.29527005553245544,
        "supervised_train_mse": 0.2700789272785187,
        "ranking_new": {
          "kendall": -37.9033317565918,
          "hinge": 58.82021713256836,
          "listnet": 24.567663192749023
        },
        "ranking_new_mse": {
          "kendall": 0.31761524081230164,
          "hinge": 0.3012590706348419,
          "listnet": 0.31434500217437744
        },