{
  "config": {
    "max_t": 200,
    "setting": 5,
    "total_steps": 10000,
    "ppo_fractions": [
      0.2,
      0.4,
      0.6,
      0.8,
      1.0
    ],
    "n_envs": 8,
    "n_steps": 2048,
    "batch_size": 512,
    "learning_rate": 0.0003,
    "gamma": 0.99,
    "gae_lambda": 0.95,
    "clip_range": 0.2,
    "ent_coef": 0.01,
    "vf_coef": 0.5,
    "seed": 0,
    "rollout_steps": 10000,
    "q_epochs": 500,
    "q_batch": 512,
    "q_lr": 0.0003,
    "q_samples": 32,
    "dyn_epochs": 2000,
    "dyn_batch": 512,
    "dyn_lr": 0.0003,
    "dyn_hidden_dim": 128,
    "dyn_val_fraction": 0.1,
    "dyn_early_stop_patience": 20,
    "dyn_min_epochs": 0,
    "dynamics_loss": "nll",
    "lambda_rank": 0.1,
    "backbone": "ode",
    "eval_rollouts": 10,
    "eval_horizon": 200,
    "output_dir": "results/cancer_pipeline",
    "device": "auto",
    "force_policy_training": false,
    "force_dataset_collection": false,
    "force_q_training": false,
    "force_dynamics_training": true,
    "results_only": false,
    "wandb_project": "DT2-cancer",
    "wandb_entity": null,
    "wandb_run_name": null,
    "wandb_mode": "online"
  },
  "dataset_stats": {
    "num_transitions": 6000,
    "num_initial_states": 49,
    "state_dim": 7,
    "action_dim": 2,
    "state_mean": [
      6.669699192047119,
      12.392626762390137,
      6.792642116546631,
      24.0268611907959,
      11.116888046264648,
      8.897756576538086,
      11.13903522491455
    ],
    "state_std": [
      6.945222854614258,
      5.212599277496338,
      5.334871768951416,
      0.7958517074584961,
      5.77739953994751,
      1.5086309909820557,
      4.892608165740967
    ],
    "action_mean": [
      0.42030903697013855,
      0.47704896330833435
    ],
    "action_std": [
      0.6196646690368652,
      0.6464419364929199
    ],
    "reward_mean": 0.5108208656311035,
    "reward_std": 6.089563369750977,
    "reward_min": -0.2972515821456909,
    "reward_max": 100.93700408935547,
    "done_rate": 0.007166666444391012
  },
  "num_transitions": 6000,
  "q_model_paths": {
    "ppo_frac_0": "results/cancer_pipeline/q_models/ppo_frac_0.pt",
    "ppo_frac_20000": "results/cancer_pipeline/q_models/ppo_frac_20000.pt",
    "ppo_frac_40000": "results/cancer_pipeline/q_models/ppo_frac_40000.pt",
    "ppo_frac_60000": "results/cancer_pipeline/q_models/ppo_frac_60000.pt",
    "ppo_frac_80000": "results/cancer_pipeline/q_models/ppo_frac_80000.pt",
    "ppo_frac_100000": "results/cancer_pipeline/q_models/ppo_frac_100000.pt"
  },
  "dynamics_paths": {
    "supervised": "results/cancer_pipeline/ode/dynamics/dynamics_supervised.pt",
    "ranking_new": {
      "kendall": "results/cancer_pipeline/ode/dynamics/dynamics_ranking_new_kendall.pt",
      "hinge": "results/cancer_pipeline/ode/dynamics/dynamics_ranking_new_hinge.pt",
      "listnet": "results/cancer_pipeline/ode/dynamics/dynamics_ranking_new_listnet.pt"
    }
  },
  "results": [
    {
      "name": "ppo_frac_0",
      "checkpoint": "results/cancer_pipeline/policies/ppo_frac_0",
      "timesteps": 0,
      "q_estimate": 46.49742126464844,
      "dynamics": {
        "supervised": 48.19818878173828,
        "supervised_mse": 0.2747402787208557,
        "supervised_train_mse": 0.3418850898742676,
        "ranking_new": {
          "kendall": 43.6397819519043,
          "hinge": 56.53654861450195,
          "listnet": 58.524169921875
        },
        "ranking_new_mse": {
          "kendall": 0.28083983063697815,
          "hinge": 0.2795189321041107,
          "listnet": 0.2782139778137207
        },
        "ranking_new_train_mse": {
          "kendall": 0.34879857301712036,
          "hinge": 0.34784752130508423,
          "listnet": 0.34521281719207764
        }
      },
      "env_mc": -23.88056608601572
    },
    {
      "name": "ppo_frac_20000",
      "checkpoint": "results/cancer_pipeline/policies/ppo_frac_20000",
      "timesteps": 20000,
      "q_estimate": 36.0599365234375,
      "dynamics": {
        "supervised": 48.79405212402344,
        "supervised_mse": 0.2747402787208557,
        "supervised_train_mse": 0.3418850898742676,
        "ranking_new": {
          "kendall": 44.80977249145508,
          "hinge": 56.98183822631836,
          "listnet": 59.25825119018555
        },
        "ranking_new_mse": {
          "kendall": 0.28083983063697815,
          "hinge": 0.2795189321041107,
          "listnet": 0.2782139778137207
        },
        "ranking_new_train_mse": {
          "kendall": 0.34879857301712036,
          "hinge": 0.34784752130508423,
          "listnet": 0.34521281719207764
        }
      },
      "env_mc": -21.3336629111782
    },
    {
      "name": "ppo_frac_40000",
      "checkpoint": "results/cancer_pipeline/policies/ppo_frac_40000",
      "timesteps": 40000,
      "q_estimate": 41.99254608154297,
      "dynamics": {
        "supervised": 49.33639144897461,
        "supervised_mse": 0.2747402787208557,
        "supervised_train_mse": 0.3418850898742676,
        "ranking_new": {
          "kendall": 45.48502731323242,
          "hinge": 57.1668701171875,
          "listnet": 59.58317184448242
        },
        "ranking_new_mse": {
          "kendall": 0.28083983063697815,
          "hinge": 0.2795189321041107,
          "listnet": 0.2782139778137207
        },
        "ranking_new_train_mse": {
          "kendall": 0.34879857301712036,
          "hinge": 0.34784752130508423,
          "listnet": 0.34521281719207764
        }
      },
      "env_mc": -17.379427254883545
    },
    {
      "name": "ppo_frac_60000",
      "checkpoint": "results/cancer_pipeline/policies/ppo_frac_60000",
      "timesteps": 60000,
      "q_estimate": 49.52549743652344,
      "dynamics": {
        "supervised": 50.087833404541016,
        "supervised_mse": 0.2747402787208557,
        "supervised_train_mse": 0.3418850898742676,
        "ranking_new": {
          "kendall": 45.940982818603516,
          "hinge": 57.377113342285156,
          "listnet": 59.94049072265625
        },
        "ranking_new_mse": {
          "kendall": 0.28083983063697815,
          "hinge": 0.2795189321041107,
          "listnet": 0.2782139778137207
        },
        "ranking_new_train_mse": {
          "kendall": 0.34879857301712036,
          "hinge": 0.34784752130508423,
          "listnet": 0.34521281719207764
        }
      },
      "env_mc": 19.93096770855311
    },
    {
      "name": "ppo_frac_80000",
      "checkpoint": "results/cancer_pipeline/policies/ppo_frac_80000",
      "timesteps": 80000,
      "q_estimate": 50.656890869140625,
      "dynamics": {
        "supervised": 50.995601654052734,
        "supervised_mse": 0.2747402787208557,
        "supervised_train_mse": 0.3418850898742676,
        "ranking_new": {
          "kendall": 47.448097229003906,
          "hinge": 57.88397216796875,
          "listnet": 60.612422943115234
        },
        "ranking_new_mse": {
          "kendall": 0.28083983063697815,
          "hinge": 0.2795189321041107,
          "listnet": 0.2782139778137207
        },
        "ranking_new_train_mse": {
          "kendall": 0.34879857301712036,
          "hinge": 0.34784752130508423,
          "listnet": 0.34521281719207764
        }
      },
      "env_mc": 25.318668310970715
    },
    {
      "name": "ppo_frac_100000",
      "checkpoint": "results/cancer_pipeline/policies/ppo_frac_100000",
      "timesteps": 100000,
      "q_estimate": 57.200035095214844,
      "dynamics": {
        "supervised": 51.72502517700195,
        "supervised_mse": 0.2747402787208557,
        "supervised_train_mse": 0.3418850898742676,
        "ranking_new": {
          "kendall": 48.08784866333008,
          "hinge": 58.51266098022461,
          "listnet": 61.22467041015625
        },
        "ranking_new_mse": {
          "kendall": 0.28083983063697815,
          "hinge": 0.2795189321041107,
          "listnet": 0.2782139778137207
        },
        "ranking_new_train_mse": {
          "kendall": 0.34879857301712036,