{
  "config": {
    "max_t": 200,
    "setting": 5,
    "total_steps": 10000,
    "ppo_fractions": [
      0.2,
      0.4,
      0.6,
      0.8,
      1.0
    ],
    "n_envs": 8,
    "n_steps": 2048,
    "batch_size": 512,
    "learning_rate": 0.0003,
    "gamma": 0.99,
    "gae_lambda": 0.95,
    "clip_range": 0.2,
    "ent_coef": 0.01,
    "vf_coef": 0.5,
    "seed": 5,
    "rollout_steps": 10000,
    "q_epochs": 500,
    "q_batch": 512,
    "q_lr": 0.0003,
    "q_samples": 32,
    "dyn_epochs": 2000,
    "dyn_batch": 512,
    "dyn_lr": 0.0003,
    "dyn_hidden_dim": 64,
    "dyn_val_fraction": 0.1,
    "dyn_early_stop_patience": 100,
    "dyn_min_epochs": 0,
    "dynamics_loss": "nll",
    "lambda_rank": 0.4,
    "backbone": "ode",
    "eval_rollouts": 10,
    "eval_horizon": 200,
    "output_dir": "results/cancer_pipeline",
    "device": "auto",
    "force_policy_training": false,
    "force_dataset_collection": false,
    "force_q_training": false,
    "force_dynamics_training": true,
    "results_only": false,
    "wandb_project": "DT2-cancer",
    "wandb_entity": null,
    "wandb_run_name": null,
    "wandb_mode": "online"
  },
  "dataset_stats": {
    "num_transitions": 6000,
    "num_initial_states": 49,
    "state_dim": 7,
    "action_dim": 2,
    "state_mean": [
      6.669699192047119,
      12.392626762390137,
      6.792642116546631,
      24.0268611907959,
      11.116888046264648,
      8.897756576538086,
      11.13903522491455
    ],
    "state_std": [
      6.945222854614258,
      5.212599277496338,
      5.334871768951416,
      0.7958517074584961,
      5.77739953994751,
      1.5086309909820557,
      4.892608165740967
    ],
    "action_mean": [
      0.42030903697013855,
      0.47704896330833435
    ],
    "action_std": [
      0.6196646690368652,
      0.6464419364929199
    ],
    "reward_mean": 0.5108208656311035,
    "reward_std": 6.089563369750977,
    "reward_min": -0.2972515821456909,
    "reward_max": 100.93700408935547,
    "done_rate": 0.007166666444391012
  },
  "num_transitions": 6000,
  "q_model_paths": {
    "ppo_frac_0": "results/cancer_pipeline/q_models/ppo_frac_0.pt",
    "ppo_frac_20000": "results/cancer_pipeline/q_models/ppo_frac_20000.pt",
    "ppo_frac_40000": "results/cancer_pipeline/q_models/ppo_frac_40000.pt",
    "ppo_frac_60000": "results/cancer_pipeline/q_models/ppo_frac_60000.pt",
    "ppo_frac_80000": "results/cancer_pipeline/q_models/ppo_frac_80000.pt",
    "ppo_frac_100000": "results/cancer_pipeline/q_models/ppo_frac_100000.pt"
  },
  "dynamics_paths": {
    "supervised": "results/cancer_pipeline/ode/dynamics/dynamics_supervised.pt",
    "ranking_new": {
      "kendall": "results/cancer_pipeline/ode/dynamics/dynamics_ranking_new_kendall.pt",
      "hinge": "results/cancer_pipeline/ode/dynamics/dynamics_ranking_new_hinge.pt",
      "listnet": "results/cancer_pipeline/ode/dynamics/dynamics_ranking_new_listnet.pt"
    }
  },
  "results": [
    {
      "name": "ppo_frac_0",
      "checkpoint": "results/cancer_pipeline/policies/ppo_frac_0",
      "timesteps": 0,
      "q_estimate": 46.54689025878906,
      "dynamics": {
        "supervised": -7.046671390533447,
        "supervised_mse": 0.2799951136112213,
        "supervised_train_mse": 0.4186999797821045,
        "ranking_new": {
          "kendall": 49.465362548828125,
          "hinge": 33.046817779541016,
          "listnet": -53.532562255859375
        },
        "ranking_new_mse": {
          "kendall": 0.2821265757083893,
          "hinge": 0.27007046341896057,
          "listnet": 0.28944236040115356
        },
        "ranking_new_train_mse": {
          "kendall": 0.42468753457069397,
          "hinge": 0.4050860106945038,
          "listnet": 0.43521568179130554
        }
      },
      "env_mc": -23.567974648200636
    },
    {
      "name": "ppo_frac_20000",
      "checkpoint": "results/cancer_pipeline/policies/ppo_frac_20000",
      "timesteps": 20000,
      "q_estimate": 36.07528305053711,
      "dynamics": {
        "supervised": -6.684389591217041,
        "supervised_mse": 0.2799951136112213,
        "supervised_train_mse": 0.4186999797821045,
        "ranking_new": {
          "kendall": 49.880836486816406,
          "hinge": 34.67891311645508,
          "listnet": -53.210731506347656
        },
        "ranking_new_mse": {
          "kendall": 0.2821265757083893,
          "hinge": 0.27007046341896057,
          "listnet": 0.28944236040115356
        },
        "ranking_new_train_mse": {
          "kendall": 0.42468753457069397,
          "hinge": 0.4050860106945038,
          "listnet": 0.43521568179130554
        }
      },
      "env_mc": -21.00933205785186
    },
    {
      "name": "ppo_frac_40000",
      "checkpoint": "results/cancer_pipeline/policies/ppo_frac_40000",
      "timesteps": 40000,
      "q_estimate": 42.034698486328125,
      "dynamics": {
        "supervised": -6.1602606773376465,
        "supervised_mse": 0.2799951136112213,
        "supervised_train_mse": 0.4186999797821045,
        "ranking_new": {
          "kendall": 50.047725677490234,
          "hinge": 38.1971435546875,
          "listnet": -54.03894805908203
        },
        "ranking_new_mse": {
          "kendall": 0.2821265757083893,
          "hinge": 0.27007046341896057,
          "listnet": 0.28944236040115356
        },
        "ranking_new_train_mse": {
          "kendall": 0.42468753457069397,
          "hinge": 0.4050860106945038,
          "listnet": 0.43521568179130554
        }
      },
      "env_mc": -17.012751179602862
    },
    {
      "name": "ppo_frac_60000",
      "checkpoint": "results/cancer_pipeline/policies/ppo_frac_60000",
      "timesteps": 60000,
      "q_estimate": 49.50979995727539,
      "dynamics": {
        "supervised": -6.505125522613525,
        "supervised_mse": 0.2799951136112213,
        "supervised_train_mse": 0.4186999797821045,
        "ranking_new": {
          "kendall": 50.22043991088867,
          "hinge": 40.535518646240234,
          "listnet": -54.58940505981445
        },
        "ranking_new_mse": {
          "kendall": 0.2821265757083893,
          "hinge": 0.27007046341896057,
          "listnet": 0.28944236040115356
        },
        "ranking_new_train_mse": {
          "kendall": 0.42468753457069397,
          "hinge": 0.4050860106945038,
          "listnet": 0.43521568179130554
        }
      },
      "env_mc": 28.319568133622806
    },
    {
      "name": "ppo_frac_80000",
      "checkpoint": "results/cancer_pipeline/policies/ppo_frac_80000",
      "timesteps": 80000,
      "q_estimate": 50.57360076904297,
      "dynamics": {
        "supervised": -6.1547698974609375,
        "supervised_mse": 0.2799951136112213,
        "supervised_train_mse": 0.4186999797821045,
        "ranking_new": {
          "kendall": 50.60940170288086,
          "hinge": 42.20536422729492,
          "listnet": -55.2672233581543
        },
        "ranking_new_mse": {
          "kendall": 0.2821265757083893,
          "hinge": 0.27007046341896057,
          "listnet": 0.28944236040115356
        },
        "ranking_new_train_mse": {
          "kendall": 0.42468753457069397,
          "hinge": 0.4050860106945038,
          "listnet": 0.43521568179130554
        }
      },
      "env_mc": 38.49243140285884
    },
    {
      "name": "ppo_frac_100000",
      "checkpoint": "results/cancer_pipeline/policies/ppo_frac_100000",
      "timesteps": 100000,
      "q_estimate": 57.05818557739258,
      "dynamics": {
        "supervised": -7.633455753326416,
        "supervised_mse": 0.2799951136112213,
        "supervised_train_mse": 0.4186999797821045,
        "ranking_new": {
          "kendall": 50.97267532348633,
          "hinge": 43.80244827270508,
          "listnet": -55.57175827026367
        },
        "ranking_new_mse": {
          "kendall": 0.2821265757083893,
          "hinge": 0.27007046341896057,
          "listnet": 0.28944236040115356
        },