{
  "config": {
    "max_t": 200,
    "setting": 5,
    "total_steps": 10000,
    "ppo_fractions": [
      0.2,
      0.4,
      0.6,
      0.8,
      1.0
    ],
    "n_envs": 8,
    "n_steps": 2048,
    "batch_size": 512,
    "learning_rate": 0.0003,
    "gamma": 0.99,
    "gae_lambda": 0.95,
    "clip_range": 0.2,
    "ent_coef": 0.01,
    "vf_coef": 0.5,
    "seed": 6,
    "rollout_steps": 10000,
    "q_epochs": 500,
    "q_batch": 512,
    "q_lr": 0.0003,
    "q_samples": 32,
    "dyn_epochs": 2000,
    "dyn_batch": 512,
    "dyn_lr": 0.0003,
    "dyn_hidden_dim": 64,
    "dyn_val_fraction": 0.1,
    "dyn_early_stop_patience": 100,
    "dyn_min_epochs": 0,
    "dynamics_loss": "nll",
    "lambda_rank": 0.4,
    "backbone": "ode",
    "eval_rollouts": 10,
    "eval_horizon": 200,
    "output_dir": "results/cancer_pipeline",
    "device": "auto",
    "force_policy_training": false,
    "force_dataset_collection": false,
    "force_q_training": false,
    "force_dynamics_training": true,
    "results_only": false,
    "wandb_project": "DT2-cancer",
    "wandb_entity": null,
    "wandb_run_name": null,
    "wandb_mode": "online"
  },
  "dataset_stats": {
    "num_transitions": 6000,
    "num_initial_states": 49,
    "state_dim": 7,
    "action_dim": 2,
    "state_mean": [
      6.669699192047119,
      12.392626762390137,
      6.792642116546631,
      24.0268611907959,
      11.116888046264648,
      8.897756576538086,
      11.13903522491455
    ],
    "state_std": [
      6.945222854614258,
      5.212599277496338,
      5.334871768951416,
      0.7958517074584961,
      5.77739953994751,
      1.5086309909820557,
      4.892608165740967
    ],
    "action_mean": [
      0.42030903697013855,
      0.47704896330833435
    ],
    "action_std": [
      0.6196646690368652,
      0.6464419364929199
    ],
    "reward_mean": 0.5108208656311035,
    "reward_std": 6.089563369750977,
    "reward_min": -0.2972515821456909,
    "reward_max": 100.93700408935547,
    "done_rate": 0.007166666444391012
  },
  "num_transitions": 6000,
  "q_model_paths": {
    "ppo_frac_0": "results/cancer_pipeline/q_models/ppo_frac_0.pt",
    "ppo_frac_20000": "results/cancer_pipeline/q_models/ppo_frac_20000.pt",
    "ppo_frac_40000": "results/cancer_pipeline/q_models/ppo_frac_40000.pt",
    "ppo_frac_60000": "results/cancer_pipeline/q_models/ppo_frac_60000.pt",
    "ppo_frac_80000": "results/cancer_pipeline/q_models/ppo_frac_80000.pt",
    "ppo_frac_100000": "results/cancer_pipeline/q_models/ppo_frac_100000.pt"
  },
  "dynamics_paths": {
    "supervised": "results/cancer_pipeline/ode/dynamics/dynamics_supervised.pt",
    "ranking_new": {
      "kendall": "results/cancer_pipeline/ode/dynamics/dynamics_ranking_new_kendall.pt",
      "hinge": "results/cancer_pipeline/ode/dynamics/dynamics_ranking_new_hinge.pt",
      "listnet": "results/cancer_pipeline/ode/dynamics/dynamics_ranking_new_listnet.pt"
    }
  },
  "results": [
    {
      "name": "ppo_frac_0",
      "checkpoint": "results/cancer_pipeline/policies/ppo_frac_0",
      "timesteps": 0,
      "q_estimate": 46.56003952026367,
      "dynamics": {
        "supervised": 18.657712936401367,
        "supervised_mse": 0.3310522735118866,
        "supervised_train_mse": 0.2689635455608368,
        "ranking_new": {
          "kendall": 18.28253746032715,
          "hinge": 13.378687858581543,
          "listnet": 57.55823516845703
        },
        "ranking_new_mse": {
          "kendall": 0.33094045519828796,
          "hinge": 0.3270556628704071,
          "listnet": 0.3406897485256195
        },
        "ranking_new_train_mse": {
          "kendall": 0.2692602574825287,
          "hinge": 0.2659495174884796,
          "listnet": 0.2754122018814087
        }
      },
      "env_mc": -23.404463355433755
    },
    {
      "name": "ppo_frac_20000",
      "checkpoint": "results/cancer_pipeline/policies/ppo_frac_20000",
      "timesteps": 20000,
      "q_estimate": 36.10654067993164,
      "dynamics": {
        "supervised": 18.947858810424805,
        "supervised_mse": 0.3310522735118866,
        "supervised_train_mse": 0.2689635455608368,
        "ranking_new": {
          "kendall": 18.256879806518555,
          "hinge": 14.9298677444458,
          "listnet": 52.222164154052734
        },
        "ranking_new_mse": {
          "kendall": 0.33094045519828796,
          "hinge": 0.3270556628704071,
          "listnet": 0.3406897485256195
        },
        "ranking_new_train_mse": {
          "kendall": 0.2692602574825287,
          "hinge": 0.2659495174884796,
          "listnet": 0.2754122018814087
        }
      },
      "env_mc": -20.815446074706642
    },
    {
      "name": "ppo_frac_40000",
      "checkpoint": "results/cancer_pipeline/policies/ppo_frac_40000",
      "timesteps": 40000,
      "q_estimate": 41.97265625,
      "dynamics": {
        "supervised": 19.37030601501465,
        "supervised_mse": 0.3310522735118866,
        "supervised_train_mse": 0.2689635455608368,
        "ranking_new": {
          "kendall": 18.305715560913086,
          "hinge": 17.220947265625,
          "listnet": 52.214088439941406
        },
        "ranking_new_mse": {
          "kendall": 0.33094045519828796,
          "hinge": 0.3270556628704071,
          "listnet": 0.3406897485256195
        },
        "ranking_new_train_mse": {
          "kendall": 0.2692602574825287,
          "hinge": 0.2659495174884796,
          "listnet": 0.2754122018814087
        }
      },
      "env_mc": -16.74080080441553
    },
    {
      "name": "ppo_frac_60000",
      "checkpoint": "results/cancer_pipeline/policies/ppo_frac_60000",
      "timesteps": 60000,
      "q_estimate": 49.405765533447266,
      "dynamics": {
        "supervised": 19.798812866210938,
        "supervised_mse": 0.3310522735118866,
        "supervised_train_mse": 0.2689635455608368,
        "ranking_new": {
          "kendall": 18.416791915893555,
          "hinge": 19.434188842773438,
          "listnet": 52.203102111816406
        },
        "ranking_new_mse": {
          "kendall": 0.33094045519828796,
          "hinge": 0.3270556628704071,
          "listnet": 0.3406897485256195
        },
        "ranking_new_train_mse": {
          "kendall": 0.2692602574825287,
          "hinge": 0.2659495174884796,
          "listnet": 0.2754122018814087
        }
      },
      "env_mc": 24.490581908964153
    },
    {
      "name": "ppo_frac_80000",
      "checkpoint": "results/cancer_pipeline/policies/ppo_frac_80000",
      "timesteps": 80000,
      "q_estimate": 50.61677932739258,
      "dynamics": {
        "supervised": 20.549253463745117,
        "supervised_mse": 0.3310522735118866,
        "supervised_train_mse": 0.2689635455608368,
        "ranking_new": {
          "kendall": 18.662954330444336,
          "hinge": 21.607105255126953,
          "listnet": 52.290584564208984
        },
        "ranking_new_mse": {
          "kendall": 0.33094045519828796,
          "hinge": 0.3270556628704071,
          "listnet": 0.3406897485256195
        },
        "ranking_new_train_mse": {
          "kendall": 0.2692602574825287,
          "hinge": 0.2659495174884796,
          "listnet": 0.2754122018814087
        }
      },
      "env_mc": 34.54380167936396
    },
    {
      "name": "ppo_frac_100000",
      "checkpoint": "results/cancer_pipeline/policies/ppo_frac_100000",
      "timesteps": 100000,
      "q_estimate": 57.267826080322266,
      "dynamics": {
        "supervised": 20.913366317749023,
        "supervised_mse": 0.3310522735118866,
        "supervised_train_mse": 0.2689635455608368,
        "ranking_new": {
          "kendall": 18.966602325439453,
          "hinge": 24.27217674255371,
          "listnet": 49.68163299560547
        },
        "ranking_new_mse": {
          "kendall": 0.33094045519828796,
          "hinge": 0.3270556628704071,
          "listnet": 0.3406897485256195
        },
        "ranking_new_train_mse": {
          "kendall": 0.2692602574825287,