{"eval/dynamics_ranking_new_listnet":147.7375946044922,"dynamics/trained":1,"q_train/ppo_frac_600000":2.9371098865896967,"dynamics/ranking_new/hinge":0.03010945809337328,"eval/dynamics_ranking_new_hinge":37.09587860107422,"_wandb":{"runtime":3836},"_timestamp":1.7656409181473215e+09,"q_train/ppo_frac_400000":2.307816743850708,"_step":1000000,"dynamics/ranking_new/listnet":0.0091129822902522,"timing/dynamics_training_sec":961.7020142719848,"eval/policy_name":"ppo_frac_1000000","eval/dynamics_supervised":77.41433715820312,"eval/q_estimate":174.41574096679688,"num_transitions":30000,"dynamics/ranking_new/kendall_step":{"max":257},"eval/true_return":388.3850402832031,"q_train/ppo_frac_200000_step":{"max":1000},"policies/count":6,"q_train/ppo_frac_800000_step":{"max":1000},"q_train/ppo_frac_1000000_step":{"max":1000},"q_train/ppo_frac_800000":2.890467811438997,"q_train/ppo_frac_600000_step":{"max":1000},"env/relevant_dims":3,"q_train/ppo_frac_400000_step":{"max":1000},"dynamics/ranking_new/hinge_step":{"max":281},"dynamics/supervised":0.006996844614030055,"timing/q_training_sec":2701.2397898649797,"dataset/initial_states":156,"q_train/ppo_frac_0_step":{"max":1000},"q_models/trained":1,"_runtime":3836.628468327,"q_train/ppo_frac_0":13.35630761970908,"dynamics/ranking_new/kendall":0.007563927325086211,"eval/env_mc":161.37596130371094,"dynamics/ranking_new/kendall_val":0.07343991517554968,"q_train/ppo_frac_200000":2.3992618706266757,"dynamics/ranking_new/listnet_step":{"max":209},"dynamics/supervised_step":{"max":205},"dynamics/ranking_new/hinge_val":0.8731055607553572,"eval/dynamics_ranking_new_kendall":118.91265106201172,"q_train/ppo_frac_1000000":2.550539101584483,"results":[{"true_return":-5.683896064758301,"q_estimate":65.44497680664062,"dynamics":{"supervised":66.84526824951172,"ranking_new":{"kendall":32.880615234375,"hinge":-39.54108428955078,"listnet":142.8671417236328}},"env_mc":16.137060165405273,"name":"ppo_frac_0","checkpoint":"results/anisotropic_pipeline/policies/ppo_frac_0","timesteps":0},{"name":"ppo_frac_200000","checkpoint":"results/anisotropic_pipeline/policies/ppo_frac_200000","timesteps":200000,"true_return":381.9577941894531,"q_estimate":170.97096252441406,"dynamics":{"supervised":68.56902313232422,"ranking_new":{"kendall":96.81818389892578,"hinge":3.709583044052124,"listnet":144.86163330078125}},"env_mc":156.92042541503906},{"true_return":383.3174133300781,"q_estimate":172.5076141357422,"dynamics":{"supervised":74.60893249511719,"ranking_new":{"hinge":35.69718551635742,"listnet":146.48388671875,"kendall":103.91669464111328}},"env_mc":158.38079833984375,"name":"ppo_frac_400000","checkpoint":"results/anisotropic_pipeline/policies/ppo_frac_400000","timesteps":400000},{"q_estimate":175.25343322753906,"dynamics":{"supervised":71.74253845214844,"ranking_new":{"kendall":115.29855346679688,"hinge":43.27167510986328,"listnet":145.48956298828125}},"env_mc":160.91665649414062,"name":"ppo_frac_600000","checkpoint":"results/anisotropic_pipeline/policies/ppo_frac_600000","timesteps":600000,"true_return":387.72113037109375},{"dynamics":{"ranking_new":{"listnet":145.85948181152344,"kendall":115.68429565429688,"hinge":38.97001647949219},"supervised":80.08580017089844},"env_mc":161.26312255859375,"name":"ppo_frac_800000","checkpoint":"results/anisotropic_pipeline/policies/ppo_frac_800000","timesteps":800000,"true_return":388.26947021484375,"q_estimate":173.7343292236328},{"timesteps":1000000,"true_return":388.3850402832031,"q_estimate":174.41574096679688,"dynamics":{"supervised":77.41433715820312,"ranking_new":{"kendall":118.91265106201172,"hinge":37.09587860107422,"listnet":147.7375946044922}},"env_mc":161.37596130371094,"name":"ppo_frac_1000000","checkpoint":"results/anisotropic_pipeline/policies/ppo_frac_1000000"}],"dynamics/ranking_new/listnet_val":0.12086318398360163,"dynamics/supervised_val":0.007995374035090208,"env/state_dim":13,"q_models/count":6,"env/num_distractors":10,"dataset/transitions":30000,"policies/trained":0}