{"dynamics/qaware/ppo_frac_3000000_step":{"max":800},"q_models/trained":1,"ppo/train/clip_fraction":0.05286865234375,"ppo/train/std":0.15385815501213074,"timing/ppo_training_sec":871.1782422300021,"dynamics/trained":1,"dynamics/qaware/ppo_frac_0_val":-1.6957815885543823,"_timestamp":1.7653712082016747e+09,"ppo/train/value_loss":0.06378221651539207,"dynamics/qaware/ppo_frac_0_step":{"max":1423},"dynamics/ranking_step":{"max":597},"policies/trained":1,"dynamics/qaware/ppo_frac_2000000":3.2798784838782415,"q_train/ppo_frac_1000000_step":{"max":1000},"q_train/ppo_frac_0_step":{"max":1000},"dynamics/qaware/ppo_frac_5000000":2.802474781318947,"dynamics/qaware/ppo_frac_4000000_step":{"max":1231},"dynamics/qaware/ppo_frac_4000000_val":2.977195660273234,"_runtime":4981,"ppo/train/loss":0.017301112413406372,"timing/q_training_sec":1860.010474625,"q_train/ppo_frac_3000000_step":{"max":1000},"dynamics/ranking_val":0.28178604505956173,"dynamics/supervised":-1.9874678298279091,"dynamics/qaware/ppo_frac_1000000_step":{"max":1832},"q_train/ppo_frac_4000000":0.46601662958661716,"ppo/train/explained_variance":0.9998566508293152,"ppo/train/policy_gradient_loss":7.011222623987123e-05,"dataset/source_loaded":0,"timing/dynamics_training_sec":2068.613966617999,"q_train/ppo_frac_2000000_step":{"max":1000},"dynamics/qaware/ppo_frac_3000000":3.55716014791418,"_step":5028417,"dynamics/ranking":-1.368105702723066,"dynamics/supervised_val":-1.9418004751205444,"dynamics/qaware/ppo_frac_2000000_val":3.6439778804779053,"dynamics/qaware/ppo_frac_5000000_step":{"max":1100},"q_train/ppo_frac_5000000":0.4596297711133957,"q_train/ppo_frac_1000000":0.4877078771591187,"dataset/transitions":30000,"q_train/ppo_frac_2000000":0.4575411359469096,"ppo/train/n_updates":3050,"num_transitions":30000,"dataset/initial_states":156,"dynamics/qaware/ppo_frac_3000000_val":2.8269781271616616,"dynamics_paths":{"supervised":"results/pendulum_pipeline/dynamics/dynamics_supervised.pt","ranking":"results/pendulum_pipeline/dynamics/dynamics_ranking.pt","q_aware":{"ppo_frac_4000000":"results/pendulum_pipeline/dynamics/dynamics_q_ppo_frac_4000000.pt","ppo_frac_5000000":"results/pendulum_pipeline/dynamics/dynamics_q_ppo_frac_5000000.pt","ppo_frac_0":"results/pendulum_pipeline/dynamics/dynamics_q_ppo_frac_0.pt","ppo_frac_1000000":"results/pendulum_pipeline/dynamics/dynamics_q_ppo_frac_1000000.pt","ppo_frac_2000000":"results/pendulum_pipeline/dynamics/dynamics_q_ppo_frac_2000000.pt","ppo_frac_3000000":"results/pendulum_pipeline/dynamics/dynamics_q_ppo_frac_3000000.pt"}},"dynamics/qaware/ppo_frac_2000000_step":{"max":651},"_wandb":{"runtime":4981},"policies/count":6,"q_train/ppo_frac_3000000":0.4503185220683614,"dynamics/qaware/ppo_frac_1000000_val":-2.1925130685170493,"dynamics/supervised_step":{"max":1276},"dynamics/qaware/ppo_frac_0":-1.6378058415872079,"ppo/train/learning_rate":0.0003,"q_train/ppo_frac_4000000_step":{"max":1000},"q_model_paths":{"ppo_frac_4000000":"results/pendulum_pipeline/q_models/ppo_frac_4000000.pt","ppo_frac_5000000":"results/pendulum_pipeline/q_models/ppo_frac_5000000.pt","ppo_frac_0":"results/pendulum_pipeline/q_models/ppo_frac_0.pt","ppo_frac_1000000":"results/pendulum_pipeline/q_models/ppo_frac_1000000.pt","ppo_frac_2000000":"results/pendulum_pipeline/q_models/ppo_frac_2000000.pt","ppo_frac_3000000":"results/pendulum_pipeline/q_models/ppo_frac_3000000.pt"},"q_train/ppo_frac_5000000_step":{"max":1000},"q_train/ppo_frac_0":0.5325904317200184,"dynamics/qaware/ppo_frac_1000000":-1.9933682635978416,"ppo/train/clip_range":0.2,"ppo/train/entropy_loss":0.4569304533302784,"results":[{"timesteps":0,"true_return":-1210.06103515625,"env_mc":-120.08804321289062,"q_estimate":-110.8862533569336,"dynamics":{"supervised":-115.1884765625,"q_aware":-119.03460693359375,"ranking":-135.644775390625},"name":"ppo_frac_0","checkpoint":"results/pendulum_pipeline/policies/ppo_frac_0"},{"timesteps":1000000,"true_return":-161.77024841308594,"env_mc":-78.38558959960938,"q_estimate":-74.94573974609375,"dynamics":{"q_aware":-71.19538116455078,"ranking":-131.53355407714844,"supervised":-73.38514709472656},"name":"ppo_frac_1000000","checkpoint":"results/pendulum_pipeline/policies/ppo_frac_1000000"},{"checkpoint":"results/pendulum_pipeline/policies/ppo_frac_2000000","timesteps":2000000,"true_return":-149.94618225097656,"env_mc":-75.92723846435547,"q_estimate":-71.77070617675781,"dynamics":{"ranking":-127.63285827636719,"supervised":-75.69359588623047,"q_aware":-84.48284912109375},"name":"ppo_frac_2000000"},{"true_return":-149.82260131835938,"env_mc":-75.74514770507812,"q_estimate":-71.9259033203125,"dynamics":{"ranking":-127.1180191040039,"supervised":-75.61930847167969,"q_aware":-80.79313659667969},"name":"ppo_frac_3000000","checkpoint":"results/pendulum_pipeline/policies/ppo_frac_3000000","timesteps":3000000},{"name":"ppo_frac_4000000","checkpoint":"results/pendulum_pipeline/policies/ppo_frac_4000000","timesteps":4000000,"true_return":-143.33868408203125,"env_mc":-75.5689926147461,"q_estimate":-73.0180892944336,"dynamics":{"supervised":-71.34121704101562,"q_aware":-87.12653350830078,"ranking":-127.591552734375}},{"checkpoint":"results/pendulum_pipeline/policies/ppo_frac_5000000","timesteps":5000000,"true_return":-142.9568328857422,"env_mc":-75.49417114257812,"q_estimate":-70.5393295288086,"dynamics":{"supervised":-72.43319702148438,"q_aware":-103.53075408935547,"ranking":-127.29774475097656},"name":"ppo_frac_5000000"}],"dynamics/qaware/ppo_frac_4000000":3.340454587229976,"q_models/count":6,"dynamics/qaware/ppo_frac_5000000_val":4.410271326700847,"config":{"device":"auto","vf_coef":0.5,"q_batch":1024,"dyn_epochs":2000,"dyn_early_stop_patience":200,"ppo_fractions":[0.2,0.4,0.6,0.8,1],"batch_size":1024,"dyn_lr":0.001,"wandb_run_name":null,"rollout_steps":5000,"q_lr":0.0003,"lambda_rank":0.1,"env_id":"Pendulum-v1","ent_coef":0,"q_epochs":1000,"eval_episodes":20,"eval_horizon":200,"wandb_entity":null,"total_steps":5000000,"n_envs":8,"gae_lambda":0.95,"clip_range":0.2,"q_samples":32,"dyn_batch":1024,"output_dir":"results/pendulum_pipeline","force_dynamics_training":true,"gamma":0.95,"seed":1,"dyn_val_fraction":0.1,"force_q_training":true,"results_only":false,"wandb_project":"DT2-pendulum","wandb_mode":"online","n_steps":2048,"learning_rate":0.0003,"force_policy_training":true,"dyn_min_epochs":50,"lambda_td":0.1,"eval_rollouts":256}}