{"_step":5000000,"timing/dynamics_training_sec":3583.8547963630117,"_runtime":5908.74586483,"eval/true_return":-147.22447204589844,"dynamics/ranking_new/kendall_step":{"max":691},"dynamics/ranking_val":-1.5107524296424042,"q_train/ppo_frac_5000000":0.5164549261331558,"policies/count":6,"config":{"eval_horizon":200,"force_dynamics_training":true,"lambda_rank":0.1,"seed":2,"rollout_steps":5000,"q_lr":0.0003,"q_samples":32,"force_policy_training":false,"results_only":false,"dyn_val_fraction":0.1,"dyn_min_epochs":50,"device":"auto","wandb_entity":null,"ppo_fractions":[0.2,0.4,0.6,0.8,1],"force_q_training":true,"wandb_run_name":null,"n_envs":8,"batch_size":1024,"eval_rollouts":256,"output_dir":"results/pendulum_pipeline","total_steps":5000000,"vf_coef":0.5,"q_epochs":1000,"q_batch":1024,"dyn_lr":0.001,"lambda_td":0.1,"wandb_project":"DT2-pendulum","wandb_mode":"online","learning_rate":0.0003,"gae_lambda":0.95,"ent_coef":0,"dyn_epochs":2000,"dyn_early_stop_patience":200,"env_id":"Pendulum-v1","n_steps":2048,"gamma":0.95,"clip_range":0.2,"dyn_batch":1024,"eval_episodes":20},"q_train/ppo_frac_1000000_step":{"max":1000},"dataset/source_loaded":0,"dynamics/ranking_new/kendall_val":-1.063107419013977,"q_train/ppo_frac_3000000_step":{"max":1000},"q_train/ppo_frac_0_step":{"max":1000},"results":[{"checkpoint":"results/pendulum_pipeline/policies/ppo_frac_0","timesteps":0,"true_return":-1238.909912109375,"env_mc":-118.8250961303711,"q_estimate":-115.1727294921875,"dynamics":{"supervised":-120.27432250976562,"ranking":-139.9484405517578,"ranking_new":{"listnet":-150.40286254882812,"kendall":-132.09158325195312,"hinge":-177.15576171875}},"name":"ppo_frac_0"},{"true_return":-177.5986785888672,"env_mc":-77.16021728515625,"q_estimate":-78.82107543945312,"dynamics":{"supervised":-77.3077392578125,"ranking":-133.7482147216797,"ranking_new":{"kendall":-82.2925796508789,"hinge":-155.8912353515625,"listnet":-147.64332580566406}},"name":"ppo_frac_1000000","checkpoint":"results/pendulum_pipeline/policies/ppo_frac_1000000","timesteps":1000000},{"q_estimate":-74.98031616210938,"dynamics":{"supervised":-74.83900451660156,"ranking":-129.82427978515625,"ranking_new":{"kendall":-81.14884948730469,"hinge":-125.66276550292969,"listnet":-144.8758544921875}},"name":"ppo_frac_2000000","checkpoint":"results/pendulum_pipeline/policies/ppo_frac_2000000","timesteps":2000000,"true_return":-154.00111389160156,"env_mc":-74.77294921875},{"timesteps":3000000,"true_return":-154.5535888671875,"env_mc":-74.29768371582031,"q_estimate":-74.64083862304688,"dynamics":{"ranking":-126.07701110839844,"ranking_new":{"listnet":-143.8572998046875,"kendall":-78.96636962890625,"hinge":-94.02261352539062},"supervised":-72.90007019042969},"name":"ppo_frac_3000000","checkpoint":"results/pendulum_pipeline/policies/ppo_frac_3000000"},{"q_estimate":-74.72154235839844,"dynamics":{"supervised":-76.43440246582031,"ranking":-124.61067962646484,"ranking_new":{"kendall":-78.15275573730469,"hinge":-89.78036499023438,"listnet":-143.73358154296875}},"name":"ppo_frac_4000000","checkpoint":"results/pendulum_pipeline/policies/ppo_frac_4000000","timesteps":4000000,"true_return":-146.4456024169922,"env_mc":-74.07261657714844},{"checkpoint":"results/pendulum_pipeline/policies/ppo_frac_5000000","timesteps":5000000,"true_return":-147.22447204589844,"env_mc":-74.02835845947266,"q_estimate":-74.7712631225586,"dynamics":{"ranking_new":{"kendall":-80.29118347167969,"hinge":-90.96650695800781,"listnet":-143.64462280273438},"supervised":-77.18495178222656,"ranking":-125.11941528320312},"name":"ppo_frac_5000000"}],"dynamics/trained":1,"dynamics/ranking_new/kendall":-1.5406102242845077,"dynamics/supervised_val":-2.0219407876332602,"dynamics/ranking_new/hinge":-1.7264382027917438,"eval/q_estimate":-74.7712631225586,"q_train/ppo_frac_4000000":0.5056289503971736,"dataset/initial_states":156,"dynamics/ranking_new/hinge_val":-1.3582976102828979,"eval/dynamics_ranking_new_kendall":-80.29118347167969,"dataset/transitions":30000,"eval/env_mc":-74.02835845947266,"q_train/ppo_frac_5000000_step":{"max":1000},"num_transitions":30000,"eval/dynamics_supervised":-77.18495178222656,"q_models/count":6,"dynamics/supervised_step":{"max":1381},"eval/dynamics_ranking":-125.11941528320312,"dynamics/ranking_new/listnet":-1.6960183326844815,"q_train/ppo_frac_1000000":0.5330800466239453,"_timestamp":1.7655234940586903e+09,"q_train/ppo_frac_3000000":0.49863705535729724,"dynamics/ranking":-1.7784617370322209,"dynamics/ranking_new/listnet_val":-1.2454899191856383,"dynamics/ranking_new/listnet_step":{"max":914},"q_train/ppo_frac_4000000_step":{"max":1000},"eval/dynamics_ranking_new_listnet":-143.64462280273438,"dynamics/ranking_new/hinge_step":{"max":780},"q_train/ppo_frac_2000000":0.49604213535785674,"eval/dynamics_ranking_new_hinge":-90.96650695800781,"policies/trained":0,"eval/policy_name":"ppo_frac_5000000","timing/q_training_sec":2119.668709763995,"_wandb":{"runtime":5908},"q_train/ppo_frac_2000000_step":{"max":1000},"q_models/trained":1,"dynamics_paths":{"q_aware":{},"ranking_new":{"kendall":"results/pendulum_pipeline/dynamics/dynamics_ranking_new_kendall.pt","hinge":"results/pendulum_pipeline/dynamics/dynamics_ranking_new_hinge.pt","listnet":"results/pendulum_pipeline/dynamics/dynamics_ranking_new_listnet.pt"},"supervised":"results/pendulum_pipeline/dynamics/dynamics_supervised.pt","ranking":"results/pendulum_pipeline/dynamics/dynamics_ranking.pt"},"q_model_paths":{"ppo_frac_1000000":"results/pendulum_pipeline/q_models/ppo_frac_1000000.pt","ppo_frac_2000000":"results/pendulum_pipeline/q_models/ppo_frac_2000000.pt","ppo_frac_3000000":"results/pendulum_pipeline/q_models/ppo_frac_3000000.pt","ppo_frac_4000000":"results/pendulum_pipeline/q_models/ppo_frac_4000000.pt","ppo_frac_5000000":"results/pendulum_pipeline/q_models/ppo_frac_5000000.pt","ppo_frac_0":"results/pendulum_pipeline/q_models/ppo_frac_0.pt"},"dynamics/supervised":-2.0245646282478615,"dynamics/ranking_step":{"max":909},"q_train/ppo_frac_0":0.5205567772189776}