{"timing/q_training_sec":4044.917397045996,"dynamics/ranking_new/hinge":-7.174151927513896,"q_models/trained":1,"dynamics/ranking_val":-5.205386181672414,"dynamics/ranking_new/listnet":-6.825312015020622,"q_model_paths":{"ppo_frac_0":"results/lunarlander_pipeline/q_models/ppo_frac_0.pt","ppo_frac_200000":"results/lunarlander_pipeline/q_models/ppo_frac_200000.pt","ppo_frac_400000":"results/lunarlander_pipeline/q_models/ppo_frac_400000.pt","ppo_frac_600000":"results/lunarlander_pipeline/q_models/ppo_frac_600000.pt","ppo_frac_800000":"results/lunarlander_pipeline/q_models/ppo_frac_800000.pt","ppo_frac_1000000":"results/lunarlander_pipeline/q_models/ppo_frac_1000000.pt"},"q_train/ppo_frac_400000":0.29863110740306015,"dynamics/ranking_new/kendall_val":-2.898712134361267,"eval/true_return":-136120.16695251464,"q_train/ppo_frac_600000":0.3188049736416946,"eval/policy_name":"ppo_frac_1000000","num_transitions":60000,"_wandb":{"runtime":7341},"dataset/source_loaded":0,"q_train/ppo_frac_600000_step":{"max":1000},"eval/dynamics_ranking_new_listnet":-19660.232421875,"_timestamp":1.7654573875353637e+09,"_runtime":7341.076409546,"q_train/ppo_frac_200000":0.14956411428875843,"q_train/ppo_frac_0_step":{"max":1000},"dynamics/ranking_new/kendall_step":{"max":490},"dynamics/ranking_new/hinge_step":{"max":580},"dynamics/ranking_new/hinge_val":-0.8772665985394269,"_step":1000000,"dynamics/ranking":-5.78761698952261,"dynamics/supervised":-7.994632774928831,"dynamics/trained":1,"q_train/ppo_frac_800000_step":{"max":1000},"eval/dynamics_ranking_new_kendall":-8781.2509765625,"dynamics/supervised_val":-3.844904144605001,"q_train/ppo_frac_1000000_step":{"max":1000},"q_train/ppo_frac_0":0.13801105004751077,"dataset/initial_states":161,"q_train/ppo_frac_800000":0.28463626072063286,"eval/dynamics_ranking_new_hinge":-6588.4541015625,"policies/count":6,"q_train/ppo_frac_200000_step":{"max":1000},"dynamics/ranking_new/listnet_val":-4.517350375652313,"timing/dynamics_training_sec":2380.0036647829984,"results":[{"true_return":-20426.254510307313,"q_estimate":-32.50422668457031,"dynamics":{"ranking_new":{"hinge":-9163.064453125,"listnet":-20279.45703125,"kendall":-15530.51171875},"supervised":-6668.48095703125,"ranking":-54796.28125},"env_mc":-6869.18200073818,"name":"ppo_frac_0","checkpoint":"results/lunarlander_pipeline/policies/ppo_frac_0","timesteps":0},{"name":"ppo_frac_200000","checkpoint":"results/lunarlander_pipeline/policies/ppo_frac_200000","timesteps":200000,"true_return":-75452.0653749466,"q_estimate":5.073850154876709,"dynamics":{"supervised":-5587.80859375,"ranking":-54984.85546875,"ranking_new":{"kendall":-10046.0263671875,"hinge":-7588.59228515625,"listnet":-19941.099609375}},"env_mc":-6232.190465233908},{"timesteps":400000,"true_return":-159757.61285629272,"q_estimate":11.113155364990234,"dynamics":{"supervised":-5529.9482421875,"ranking":-54923.51953125,"ranking_new":{"hinge":-6733.74951171875,"listnet":-19692,"kendall":-9280.8544921875}},"env_mc":-6001.149546711444,"name":"ppo_frac_400000","checkpoint":"results/lunarlander_pipeline/policies/ppo_frac_400000"},{"name":"ppo_frac_600000","checkpoint":"results/lunarlander_pipeline/policies/ppo_frac_600000","timesteps":600000,"true_return":-147243.97711982726,"q_estimate":13.172298431396484,"dynamics":{"ranking":-54478.31640625,"ranking_new":{"listnet":-19673.75390625,"kendall":-9171.982421875,"hinge":-6564.080078125},"supervised":-5539.123046875},"env_mc":-5984.740902088114},{"timesteps":800000,"true_return":-143197.93602485658,"q_estimate":13.09322738647461,"dynamics":{"supervised":-5600.021484375,"ranking":-54358.77734375,"ranking_new":{"kendall":-8911.0419921875,"hinge":-6657.30029296875,"listnet":-19659.390625}},"env_mc":-5987.2241531577165,"name":"ppo_frac_800000","checkpoint":"results/lunarlander_pipeline/policies/ppo_frac_800000"},{"timesteps":1000000,"true_return":-136120.16695251464,"q_estimate":14.50706958770752,"dynamics":{"ranking":-54194.90625,"ranking_new":{"kendall":-8781.2509765625,"hinge":-6588.4541015625,"listnet":-19660.232421875},"supervised":-5576.39208984375},"env_mc":-5981.199099094188,"name":"ppo_frac_1000000","checkpoint":"results/lunarlander_pipeline/policies/ppo_frac_1000000"}],"policies/trained":0,"dynamics_paths":{"supervised":"results/lunarlander_pipeline/dynamics/dynamics_supervised.pt","ranking":"results/lunarlander_pipeline/dynamics/dynamics_ranking.pt","q_aware":{},"ranking_new":{"hinge":"results/lunarlander_pipeline/dynamics/dynamics_ranking_new_hinge.pt","listnet":"results/lunarlander_pipeline/dynamics/dynamics_ranking_new_listnet.pt","kendall":"results/lunarlander_pipeline/dynamics/dynamics_ranking_new_kendall.pt"}},"q_train/ppo_frac_400000_step":{"max":1000},"dynamics/ranking_new/kendall":-7.304982382874444,"eval/dynamics_supervised":-5576.39208984375,"q_models/count":6,"dynamics/ranking_new/listnet_step":{"max":333},"dynamics/supervised_step":{"max":387},"eval/env_mc":-5981.199099094188,"dataset/transitions":60000,"eval/dynamics_ranking":-54194.90625,"dynamics/ranking_step":{"max":456},"eval/q_estimate":14.50706958770752,"q_train/ppo_frac_1000000":0.2723781806180033}