{"dynamics/qaware/ppo_frac_200000_val":1.5913655757904053,"dynamics/qaware/ppo_frac_200000_step":{"max":671},"dynamics/supervised_step":{"max":394},"dynamics/qaware/ppo_frac_400000_step":{"max":211},"dynamics/qaware/ppo_frac_400000_val":37858.483072916664,"dataset/source_loaded":0,"dynamics/qaware/ppo_frac_800000_val":-0.915130615234375,"dynamics/ranking_val":7.3111917575200405,"eval/dynamics_qaware":-60690.890625,"dynamics/qaware/ppo_frac_600000_step":{"max":684},"dynamics/qaware/ppo_frac_0_val":-2.1791953245798745,"policies/trained":0,"dynamics/qaware/ppo_frac_1000000_step":{"max":610},"eval/env_mc":-5981.199099094188,"eval/q_estimate":15.893686294555664,"dataset/initial_states":159,"_step":1000000,"timing/dynamics_training_sec":2246.779549629995,"dynamics/ranking_step":{"max":265},"eval/dynamics_ranking":-64780.1953125,"dynamics/qaware/ppo_frac_600000":-2.8378452939807244,"dynamics/qaware/ppo_frac_800000":-0.839062492802458,"q_model_paths":{"ppo_frac_400000":"results/lunarlander_pipeline/q_models/ppo_frac_400000.pt","ppo_frac_600000":"results/lunarlander_pipeline/q_models/ppo_frac_600000.pt","ppo_frac_800000":"results/lunarlander_pipeline/q_models/ppo_frac_800000.pt","ppo_frac_1000000":"results/lunarlander_pipeline/q_models/ppo_frac_1000000.pt","ppo_frac_0":"results/lunarlander_pipeline/q_models/ppo_frac_0.pt","ppo_frac_200000":"results/lunarlander_pipeline/q_models/ppo_frac_200000.pt"},"_timestamp":1.7654379994054332e+09,"dynamics/qaware/ppo_frac_400000":0,"eval/true_return":-136120.16695251464,"eval/policy_name":"ppo_frac_1000000","q_models/count":6,"num_transitions":60000,"dynamics/qaware/ppo_frac_0":-3.0817778875242987,"dynamics/supervised_val":-0.11064998308817546,"dynamics/qaware/ppo_frac_1000000":-2.097371078887076,"results":[{"true_return":-20426.254510307313,"q_estimate":-34.09650802612305,"dynamics":{"supervised":-6783.09423828125,"q_aware":-54657.58203125,"ranking":-64758.171875},"env_mc":-6869.18200073818,"name":"ppo_frac_0","checkpoint":"results/lunarlander_pipeline/policies/ppo_frac_0","timesteps":0},{"q_estimate":4.707921504974365,"dynamics":{"supervised":-5484.0732421875,"q_aware":-58427.65234375,"ranking":-64674.796875},"env_mc":-6232.190465233908,"name":"ppo_frac_200000","checkpoint":"results/lunarlander_pipeline/policies/ppo_frac_200000","timesteps":200000,"true_return":-75452.0653749466},{"q_estimate":11.17526912689209,"dynamics":{"supervised":-5452.001953125,"q_aware":-22937.55078125,"ranking":-64762.96875},"env_mc":-6001.149546711444,"name":"ppo_frac_400000","checkpoint":"results/lunarlander_pipeline/policies/ppo_frac_400000","timesteps":400000,"true_return":-159757.61285629272},{"dynamics":{"supervised":-5424.17626953125,"q_aware":-59829.9921875,"ranking":-64754.046875},"env_mc":-5984.740902088114,"name":"ppo_frac_600000","checkpoint":"results/lunarlander_pipeline/policies/ppo_frac_600000","timesteps":600000,"true_return":-147243.97711982726,"q_estimate":10.79491138458252},{"checkpoint":"results/lunarlander_pipeline/policies/ppo_frac_800000","timesteps":800000,"true_return":-143197.93602485658,"q_estimate":9.409573554992676,"dynamics":{"supervised":-5340.75927734375,"q_aware":-62765.8203125,"ranking":-64760.234375},"env_mc":-5987.2241531577165,"name":"ppo_frac_800000"},{"checkpoint":"results/lunarlander_pipeline/policies/ppo_frac_1000000","timesteps":1000000,"true_return":-136120.16695251464,"q_estimate":15.893686294555664,"dynamics":{"ranking":-64780.1953125,"supervised":-5335.7958984375,"q_aware":-60690.890625},"env_mc":-5981.199099094188,"name":"ppo_frac_1000000"}],"dynamics/qaware/ppo_frac_200000":-2.0843478193822897,"dynamics/qaware/ppo_frac_800000_step":{"max":732},"q_models/trained":0,"dynamics/ranking":3.742911532240094,"dynamics/trained":1,"dynamics/qaware/ppo_frac_600000_val":-2.0632791916529336,"_runtime":3158.192473228,"dynamics_paths":{"q_aware":{"ppo_frac_0":"results/lunarlander_pipeline/dynamics/dynamics_q_ppo_frac_0.pt","ppo_frac_200000":"results/lunarlander_pipeline/dynamics/dynamics_q_ppo_frac_200000.pt","ppo_frac_400000":"results/lunarlander_pipeline/dynamics/dynamics_q_ppo_frac_400000.pt","ppo_frac_600000":"results/lunarlander_pipeline/dynamics/dynamics_q_ppo_frac_600000.pt","ppo_frac_800000":"results/lunarlander_pipeline/dynamics/dynamics_q_ppo_frac_800000.pt","ppo_frac_1000000":"results/lunarlander_pipeline/dynamics/dynamics_q_ppo_frac_1000000.pt"},"supervised":"results/lunarlander_pipeline/dynamics/dynamics_supervised.pt","ranking":"results/lunarlander_pipeline/dynamics/dynamics_ranking.pt"},"_wandb":{"runtime":3158},"dynamics/supervised":-8.072983615803269,"dynamics/qaware/ppo_frac_0_step":{"max":1026},"eval/dynamics_supervised":-5335.7958984375,"dynamics/qaware/ppo_frac_1000000_val":-0.5740021467208862,"policies/count":6,"dataset/transitions":60000}